"Supplied Name","verbatimScientificName","vernacularName","rawFamily","sourceStatus","status","IUCN_equivalent_status","taxonRank","guid","scientificName","genus","family","order","class","phylum","kingdom","vernacularName","matchType","nameType"
"Litoria spenceri","Litoria spenceri","Spotted Tree Frog","Pelodryadidae","Critically Endangered","Critically Endangered","Critically Endangered","","https://biodiversity.org.au/afd/taxa/68f1f148-9451-4fbd-b906-3f99f30908d5","Litoria spenceri","Litoria","Pelodryadidae","Anura","Amphibia","Chordata","Animalia","Spotted Tree Frog","exactMatch",
"Liopholis slateri slateri","Liopholis slateri slateri","Slater's Skink, Floodplain Skink","Scincidae","Endangered","Endangered","Endangered","","https://biodiversity.org.au/afd/taxa/59bf58b8-6ba6-4785-8b21-6e3da37d1587","Liopholis slateri slateri","Liopholis","Scincidae","Squamata","Reptilia","Chordata","Animalia","Floodplain Skink","exactMatch",
"Eucalyptus camfieldii","Eucalyptus camfieldii","Camfield's Stringybark","Myrtaceae","Vulnerable","Vulnerable","Vulnerable","","https://id.biodiversity.org.au/node/apni/2886929","Eucalyptus camfieldii","Eucalyptus","Myrtaceae","Myrtales","Equisetopsida","Charophyta","Plantae","Camfield's Stringybark","exactMatch",
"Banksia serratuloides subsp. perissa","Banksia serratuloides subsp. perissa","Northern Serrate Dryandra","Proteaceae","Critically Endangered","Critically Endangered","Critically Endangered","","https://id.biodiversity.org.au/node/apni/2887940","Banksia serratuloides subsp. perissa","Banksia","Proteaceae","Proteales","Equisetopsida","Charophyta","Plantae","Northern Serrate Dryandra","exactMatch",
"Phyllurus caudiannulatus","Phyllurus caudiannulatus","Ringed Thin-tail Gecko","Gekkonidae","Endangered","Endangered","Endangered","","https://biodiversity.org.au/afd/taxa/c64f7dd8-8dbc-4686-b3ac-e7adb2b67bc3","Phyllurus caudiannulatus","Phyllurus","Carphodactylidae","Squamata","Reptilia","Chordata","Animalia","Ringed Thin-tail Gecko","exactMatch",
"Diuris venosa","Diuris venosa","Veined Doubletail, Goat Orchid, Veined Donkey-orchid","Orchidaceae","Vulnerable","Vulnerable","Vulnerable","","https://id.biodiversity.org.au/taxon/apni/51404365","Diuris venosa","Diuris","Orchidaceae","Asparagales","Equisetopsida","Charophyta","Plantae","Veined Doubletail","exactMatch",
"Bertya opponens","Bertya opponens","-","Euphorbiaceae","Vulnerable","Vulnerable","Vulnerable","","https://id.biodiversity.org.au/node/apni/2914143","Bertya opponens","Bertya","Euphorbiaceae","Malpighiales","Equisetopsida","Charophyta","Plantae","Coolabah Bertya","exactMatch",
"Marattia salicina","Marattia salicina","King Fern, Para, Potato Fern","Marattiaceae","Endangered","Endangered","Endangered","","https://id.biodiversity.org.au/node/apni/2919978","Ptisana salicina","Ptisana","Marattiaceae","Marattiales","Equisetopsida","Charophyta","Plantae",,"exactMatch",
"Lambertia echinata subsp. echinata","Lambertia echinata subsp. echinata","Prickly Honeysuckle","Proteaceae","Endangered","Endangered","Endangered","","https://id.biodiversity.org.au/node/apni/2901277","Lambertia echinata subsp. echinata","Lambertia","Proteaceae","Proteales","Equisetopsida","Charophyta","Plantae","Prickly Honeysuckle","exactMatch",
"Turnix melanogaster","Turnix melanogaster","Black-breasted Button-quail","Turnicidae","Vulnerable","Vulnerable","Vulnerable","","https://biodiversity.org.au/afd/taxa/e728bc3c-6c80-42ac-b2d8-9ee66e82fe85","Turnix (Austroturnix) melanogaster","Turnix","Turnicidae","Turniciformes","Aves","Chordata","Animalia","Black-breasted Button-quail","exactMatch",
"Euphrasia bowdeniae","Euphrasia bowdeniae","-","Scrophulariaceae","Vulnerable","Vulnerable","Vulnerable","","https://id.biodiversity.org.au/node/apni/2893703","Euphrasia bowdeniae","Euphrasia","Scrophulariaceae","Lamiales","Equisetopsida","Charophyta","Plantae","Blue Mountains Cliff Eyebright","exactMatch",
"Petrogale concinna canescens","Petrogale concinna canescens","Nabarlek (Top End)","Macropodidae","Endangered","Endangered","Endangered","","https://biodiversity.org.au/afd/taxa/9345a9fc-3f18-4e56-9d40-07cafa45c9cc","Petrogale concinna canescens","Petrogale","Macropodidae","Diprotodontia","Mammalia","Chordata","Animalia","Nabarlek (top End)","exactMatch",
"Dianella amoena","Dianella amoena","Matted Flax-lily","Phormiaceae","Endangered","Endangered","Endangered","","https://id.biodiversity.org.au/node/apni/2921201","Dianella amoena","Dianella","Hemerocallidaceae","Asparagales","Equisetopsida","Charophyta","Plantae","Matted Flaxlily","exactMatch",
"Frankenia parvula","Frankenia parvula","Short-leaved Frankenia","Frankeniaceae","Endangered","Endangered","Endangered","","https://id.biodiversity.org.au/node/apni/2906237","Frankenia parvula","Frankenia","Frankeniaceae","Caryophyllales","Equisetopsida","Charophyta","Plantae","Short-leaved Frankenia","exactMatch",
"Lachnagrostis adamsonii","Lachnagrostis adamsonii","Adamson's Blown-grass, Adamson's Blowngrass","Poaceae","Endangered","Endangered","Endangered","","https://id.biodiversity.org.au/taxon/apni/51291365","Lachnagrostis adamsonii","Lachnagrostis","Poaceae","Poales","Equisetopsida","Charophyta","Plantae","Adamson's Blown-grass","exactMatch",
"Livistona lanuginosa","Livistona lanuginosa","Waxy Cabbage Palm","Arecaceae","Vulnerable","Vulnerable","Vulnerable","","https://id.biodiversity.org.au/node/apni/2889724","Livistona lanuginosa","Livistona","Arecaceae","Arecales","Equisetopsida","Charophyta","Plantae","Waxy Cabbage Palm","exactMatch",
"Banksia serratuloides subsp. serratuloides","Banksia serratuloides subsp. serratuloides","Southern Serrate Dryandra","Proteaceae","Vulnerable","Vulnerable","Vulnerable","","https://id.biodiversity.org.au/node/apni/2912698","Banksia serratuloides subsp. serratuloides","Banksia","Proteaceae","Proteales","Equisetopsida","Charophyta","Plantae","Southern Serrate Dryandra","exactMatch",
"Lagorchestes hirsutus dorreae","Lagorchestes hirsutus dorreae","Rufous Hare-wallaby (Dorre Island)","Macropodidae","Vulnerable","Vulnerable","Vulnerable","","https://biodiversity.org.au/afd/taxa/0b112a11-cfec-4599-8c5a-056e19631bf7","Lagorchestes hirsutus bernieri","Lagorchestes","Macropodidae","Diprotodontia","Mammalia","Chordata","Animalia","Rufous Hare-wallaby (bernier And Dorre Islands)","exactMatch",
"Hibiscus cravenii","Hibiscus cravenii","-","Malvaceae","Vulnerable","Vulnerable","Vulnerable","","https://id.biodiversity.org.au/node/apni/2920192","Hibiscus cravenii","Hibiscus","Malvaceae","Malvales","Equisetopsida","Charophyta","Plantae","Hibiscus","exactMatch",
"Viola improcera","Viola improcera","Dwarf Violet","Violaceae","Endangered","Endangered","Endangered","","https://id.biodiversity.org.au/node/apni/2894167","Viola improcera","Viola","Violaceae","Malpighiales","Equisetopsida","Charophyta","Plantae","Dwarf Violet","exactMatch",
"Aristida thompsonii","Aristida thompsonii","Thompson's wiregrass","Poaceae","Endangered","Endangered","Endangered","","https://id.biodiversity.org.au/node/apni/2905717","Aristida thompsonii","Aristida","Poaceae","Poales","Equisetopsida","Charophyta","Plantae","Thompson's Wiregrass","exactMatch",
"Hydriastele costata","Hydriastele costata","a palm","Arecaceae","Vulnerable","Vulnerable","Vulnerable","","https://id.biodiversity.org.au/node/apni/2887019","Hydriastele costata","Hydriastele","Arecaceae","Arecales","Equisetopsida","Charophyta","Plantae","A Palm","exactMatch",
"Polianthion minutiflorum","Polianthion minutiflorum","-","Rhamnaceae","Vulnerable","Vulnerable","Vulnerable","","https://id.biodiversity.org.au/node/apni/2890149","Polianthion minutiflorum","Polianthion","Rhamnaceae","Rosales","Equisetopsida","Charophyta","Plantae",,"exactMatch",
"Prasophyllum keltonii","Prasophyllum keltonii","Kelton's Leek-orchid","Orchidaceae","Critically Endangered","Critically Endangered","Critically Endangered","","https://id.biodiversity.org.au/taxon/apni/51795147","Prasophyllum keltonii","Prasophyllum","Orchidaceae","Asparagales","Equisetopsida","Charophyta","Plantae","Kelton's Leek Orchid","exactMatch",
"Grevillea elongata","Grevillea elongata","Ironstone Grevillea","Proteaceae","Vulnerable","Vulnerable","Vulnerable","","https://id.biodiversity.org.au/node/apni/2895952","Grevillea elongata","Grevillea","Proteaceae","Proteales","Equisetopsida","Charophyta","Plantae","Ironstone Grevillea","exactMatch",
"Rhaponticum australe","Rhaponticum australe","Austral Cornflower, Native Thistle","Asteraceae","Vulnerable","Vulnerable","Vulnerable","","https://id.biodiversity.org.au/taxon/apni/51744718","Leuzea australis","Leuzea","Asteraceae","Asterales","Equisetopsida","Charophyta","Plantae",,"exactMatch",
"Pterostylis basaltica","Pterostylis basaltica","Basalt Greenhood","Orchidaceae","Endangered","Endangered","Endangered","","https://id.biodiversity.org.au/taxon/apni/51412038","Pterostylis basaltica","Pterostylis","Orchidaceae","Asparagales","Equisetopsida","Charophyta","Plantae","Basalt Rustyhood","exactMatch",
"Pityrodia augustensis","Pityrodia augustensis","Mt Augustus Foxglove","Verbenaceae","Vulnerable","Vulnerable","Vulnerable","","https://id.biodiversity.org.au/node/apni/2920421","Pityrodia augustensis","Pityrodia","Lamiaceae","Lamiales","Equisetopsida","Charophyta","Plantae","Mt. Augustus Foxglove","exactMatch",
"Litoria kroombitensis","Litoria kroombitensis","Kroombit Treefrog","Pelodryadidae","Critically Endangered","Critically Endangered","Critically Endangered","","https://biodiversity.org.au/afd/taxa/0ae46629-cb16-4298-9ce0-1d2dddcf71a1","Litoria kroombitensis","Litoria","Pelodryadidae","Anura","Amphibia","Chordata","Animalia","Kroombit Treefrog","exactMatch",
"Samadera bidwillii","Samadera bidwillii","Quassia","Simaroubaceae","Vulnerable","Vulnerable","Vulnerable","","https://id.biodiversity.org.au/node/apni/2902902","Samadera bidwillii","Samadera","Simaroubaceae","Sapindales","Equisetopsida","Charophyta","Plantae","Quassia","exactMatch",
"Prasophyllum petilum","Prasophyllum petilum","Tarengo Leek Orchid","Orchidaceae","Endangered","Endangered","Endangered","","https://id.biodiversity.org.au/taxon/apni/51795236","Prasophyllum petilum","Prasophyllum","Orchidaceae","Asparagales","Equisetopsida","Charophyta","Plantae","Tarengo Leek Orchid","exactMatch",
"Sagina diemensis","Sagina diemensis","Tasmanian Pearlwort","Caryophyllaceae","Endangered","Endangered","Endangered","","https://id.biodiversity.org.au/node/apni/2890463","Sagina diemensis","Sagina","Caryophyllaceae","Caryophyllales","Equisetopsida","Charophyta","Plantae","Tasmanian Pearlwort","exactMatch",
"Ristantia gouldii","Ristantia gouldii","-","Myrtaceae","Vulnerable","Vulnerable","Vulnerable","","https://id.biodiversity.org.au/taxon/apni/51290305","Ristantia gouldii","Ristantia","Myrtaceae","Myrtales","Equisetopsida","Charophyta","Plantae",,"exactMatch",
"Goodenia integerrima","Goodenia integerrima","Gypsum Goodenia","Goodeniaceae","Vulnerable","Vulnerable","Vulnerable","","https://id.biodiversity.org.au/node/apni/2901142","Goodenia integerrima","Goodenia","Goodeniaceae","Asterales","Equisetopsida","Charophyta","Plantae","Gypsum Goodenia","exactMatch",
"Lepidorrhachis mooreana","Lepidorrhachis mooreana","Little Mountain Palm, Moorei Palm","Arecaceae","Critically Endangered","Critically Endangered","Critically Endangered","","https://id.biodiversity.org.au/taxon/apni/51431337","Lepidorrhachis mooreana","Lepidorrhachis","Arecaceae","Arecales","Equisetopsida","Charophyta","Plantae","Little Mountain Palm","exactMatch",
"Phebalium daviesii","Phebalium daviesii","Davies' Waxflower, St Helens Waxflower","Rutaceae","Critically Endangered","Critically Endangered","Critically Endangered","","https://id.biodiversity.org.au/node/apni/2897721","Phebalium daviesii","Phebalium","Rutaceae","Sapindales","Equisetopsida","Charophyta","Plantae","St Helens Waxflower","exactMatch",
"Acacia pycnostachya","Acacia pycnostachya","Bolivia Wattle","Fabaceae","Vulnerable","Vulnerable","Vulnerable","","https://id.biodiversity.org.au/node/apni/2897696","Acacia pycnostachya","Acacia","Fabaceae","Fabales","Equisetopsida","Charophyta","Plantae","Bolivia Wattle","exactMatch",
"Zehneria baueriana","Zehneria baueriana","Native Cucumber, Giant Cucumber","Cucurbitaceae","Endangered","Endangered","Endangered","","https://id.biodiversity.org.au/node/apni/2919691","Zehneria baueriana","Zehneria","Cucurbitaceae","Cucurbitales","Equisetopsida","Charophyta","Plantae","Giant Cucumber","exactMatch",
"Calidris canutus","Calidris canutus","Red Knot, Knot","Scolopacidae","Vulnerable","Vulnerable","Vulnerable","","https://biodiversity.org.au/afd/taxa/e2b8086f-fb5a-41ac-9003-d9aed827dfe3","Calidris (Calidris) canutus","Calidris","Scolopacidae","Charadriiformes","Aves","Chordata","Animalia","Red Knot","exactMatch",
"Diuris ochroma","Diuris ochroma","Pale Golden Moths","Orchidaceae","Vulnerable","Vulnerable","Vulnerable","","https://id.biodiversity.org.au/taxon/apni/51404273","Diuris ochroma","Diuris","Orchidaceae","Asparagales","Equisetopsida","Charophyta","Plantae","Pale Golden Moths","exactMatch",
"Eucalyptus argutifolia","Eucalyptus argutifolia","Yanchep Mallee, Wabling Hill Mallee","Myrtaceae","Vulnerable","Vulnerable","Vulnerable","","https://id.biodiversity.org.au/node/apni/2900705","Eucalyptus argutifolia","Eucalyptus","Myrtaceae","Myrtales","Equisetopsida","Charophyta","Plantae","Yanchep Mallee","exactMatch",
"Ramphotyphlops exocoeti","Ramphotyphlops exocoeti","Christmas Island Blind Snake, Christmas Island Pink Blind Snake","Typhlopidae","Vulnerable","Vulnerable","Vulnerable","","https://biodiversity.org.au/afd/taxa/60cee5f9-e925-417a-911c-2f634482fc5f","Ramphotyphlops exocoeti","Ramphotyphlops","Typhlopidae","Squamata","Reptilia","Chordata","Animalia","Christmas Island Blind Snake","exactMatch",
"Persoonia hirsuta","Persoonia hirsuta","Hairy Geebung, Hairy Persoonia","Proteaceae","Endangered","Endangered","Endangered","","https://id.biodiversity.org.au/node/apni/2902498","Persoonia hirsuta","Persoonia","Proteaceae","Proteales","Equisetopsida","Charophyta","Plantae","Hairy Geebung","exactMatch",
"Pomaderris delicata","Pomaderris delicata","-","Rhamnaceae","Critically Endangered","Critically Endangered","Critically Endangered","","https://id.biodiversity.org.au/node/apni/2915635","Pomaderris delicata","Pomaderris","Rhamnaceae","Rosales","Equisetopsida","Charophyta","Plantae","Delicate Pomaderris","exactMatch",
"Pultenaea glabra","Pultenaea glabra","Smooth Bush-pea, Swamp Bush-pea","Fabaceae","Vulnerable","Vulnerable","Vulnerable","","https://id.biodiversity.org.au/node/apni/7243412","Pultenaea glabra","Pultenaea","Fabaceae","Fabales","Equisetopsida","Charophyta","Plantae","Smooth Bush-pea","exactMatch",
"Grevillea molyneuxii","Grevillea molyneuxii","-","Proteaceae","Endangered","Endangered","Endangered","","https://id.biodiversity.org.au/node/apni/2895073","Grevillea molyneuxii","Grevillea","Proteaceae","Proteales","Equisetopsida","Charophyta","Plantae","Wingello Grevillea","exactMatch",
"Eucalyptus kartzoffiana","Eucalyptus kartzoffiana","Araluen Gum","Myrtaceae","Vulnerable","Vulnerable","Vulnerable","","https://id.biodiversity.org.au/node/apni/2894835","Eucalyptus kartzoffiana","Eucalyptus","Myrtaceae","Myrtales","Equisetopsida","Charophyta","Plantae","Araluen Gum","exactMatch",
"Macrotis leucura","Macrotis leucura","Yallara, Lesser Bilby, Djoonpi","Thylacomyidae","Extinct","Extinct","Extinct","","https://biodiversity.org.au/afd/taxa/3d4c3424-d202-49ab-ab52-58a0d7e5d9ed","Macrotis leucura","Macrotis","Thylacomyidae","Peramelemorphia","Mammalia","Chordata","Animalia","Lesser Bilby","exactMatch",
"Asplenium listeri","Asplenium listeri","Christmas Island Spleenwort","Aspleniaceae","Critically Endangered","Critically Endangered","Critically Endangered","","https://id.biodiversity.org.au/node/apni/2919507","Asplenium listeri","Asplenium","Aspleniaceae","Polypodiales","Equisetopsida","Charophyta","Plantae","Christmas Island Spleenwort","exactMatch",
"Caladenia huegelii","Caladenia huegelii","King Spider-orchid, Grand Spider-orchid, Rusty Spider-orchid","Orchidaceae","Endangered","Endangered","Endangered","","https://id.biodiversity.org.au/taxon/apni/51399090","Caladenia huegelii","Caladenia","Orchidaceae","Asparagales","Equisetopsida","Charophyta","Plantae","Grand Spider Orchid","exactMatch",
"Zeuxine polygonoides","Zeuxine polygonoides","Velvet Jewel Orchid","Orchidaceae","Vulnerable","Vulnerable","Vulnerable","","https://id.biodiversity.org.au/taxon/apni/51414591","Zeuxine polygonoides","Zeuxine","Orchidaceae","Asparagales","Equisetopsida","Charophyta","Plantae","Velvet Jewel Orchid","exactMatch",
"Corchorus cunninghamii","Corchorus cunninghamii","Native Jute","Tiliaceae","Endangered","Endangered","Endangered","","https://id.biodiversity.org.au/taxon/apni/51439022","Corchorus cunninghamii","Corchorus","Malvaceae","Malvales","Equisetopsida","Charophyta","Plantae","Native Jute","exactMatch",
"Epthianura crocea tunneyi","Epthianura crocea tunneyi","Alligator Rivers Yellow Chat, Yellow Chat (Alligator Rivers)","Meliphagidae","Endangered","Endangered","Endangered","","https://biodiversity.org.au/afd/taxa/ddbd8b01-aeed-404b-a198-fa2a9b25ae3e","Epthianura (Aurepthianura) crocea tunneyi","Epthianura","Meliphagidae","Passeriformes","Aves","Chordata","Animalia","Alligator Rivers Yellow Chat","exactMatch",
"Eucalyptus paludicola","Eucalyptus paludicola","Mount Compass Swamp Gum, Fleurieu Swamp Gum, Marsh Gum","Myrtaceae","Endangered","Endangered","Endangered","","https://id.biodiversity.org.au/node/apni/2887991","Eucalyptus x paludicola","Eucalyptus","Myrtaceae","Myrtales","Equisetopsida","Charophyta","Plantae","Marsh Gum","exactMatch",
"Engaeus orramakunna","Engaeus orramakunna","Mount Arthur Burrowing Crayfish","Parastacidae","Vulnerable","Vulnerable","Vulnerable","","https://biodiversity.org.au/afd/taxa/383a27a1-7995-44f4-b272-5b61ef79000c","Engaeus orramakunna","Engaeus","Parastacidae","Decapoda","Malacostraca","Arthropoda","Animalia","Mount Arthur Burrowing Crayfish","exactMatch",
"Petrophile latericola","Petrophile latericola","Laterite Petrophile","Proteaceae","Endangered","Endangered","Endangered","","https://id.biodiversity.org.au/node/apni/2910651","Petrophile latericola","Petrophile","Proteaceae","Proteales","Equisetopsida","Charophyta","Plantae","Laterite Petrophile","exactMatch",
"Boronia deanei subsp. acutifolia","Boronia deanei subsp. acutifolia","-","Rutaceae","Endangered","Endangered","Endangered","","https://id.biodiversity.org.au/node/apni/2888720","Boronia deanei subsp. acutifolia","Boronia","Rutaceae","Sapindales","Equisetopsida","Charophyta","Plantae",,"exactMatch",
"Engaeus martigener","Engaeus martigener","Furneaux Burrowing Crayfish","Parastacidae","Endangered","Endangered","Endangered","","https://biodiversity.org.au/afd/taxa/5c571352-4a2a-4080-94ba-57b887d578f5","Engaeus martigener","Engaeus","Parastacidae","Decapoda","Malacostraca","Arthropoda","Animalia","Furneaux Burrowing Crayfish","exactMatch",
"Dasyornis brachypterus","Dasyornis brachypterus","Eastern Bristlebird","Dasyornithidae","Endangered","Endangered","Endangered","","https://biodiversity.org.au/afd/taxa/5a760ca8-e6c7-4465-a113-3eaf26b170cb","Dasyornis (Dasyornis) brachypterus","Dasyornis","Dasyornithidae","Passeriformes","Aves","Chordata","Animalia","Eastern Bristlebird","exactMatch",
"Lucasium occultum","Lucasium occultum","Yellow-snouted Gecko, Yellow-snouted Ground Gecko","Diplodactylidae","Endangered","Endangered","Endangered","","https://biodiversity.org.au/afd/taxa/194f92a8-346a-47cd-803a-17263f758b9d","Lucasium occultum","Lucasium","Diplodactylidae","Squamata","Reptilia","Chordata","Animalia","Yellow-snouted Ground Gecko","exactMatch",
"Monotoca rotundifolia","Monotoca rotundifolia","Trailing Monotoca","Ericaceae","Endangered","Endangered","Endangered","","https://id.biodiversity.org.au/node/apni/2904879","Monotoca rotundifolia","Monotoca","Ericaceae","Ericales","Equisetopsida","Charophyta","Plantae","Trailing Monotoca","exactMatch",
"Toechima sp. East Alligator (J.Russell-Smith 8418)","Toechima sp. East Alligator (J.Russell-Smith 8418)","a tree","Sapindaceae","Endangered","Endangered","Endangered","","https://id.biodiversity.org.au/node/apni/2890148","Toechima sp. East Alligator (J.Russell-Smith 8418)","Toechima","Sapindaceae","Sapindales","Equisetopsida","Charophyta","Plantae","A Tree","exactMatch",
"Microcarpaea agonis","Microcarpaea agonis","-","Scrophulariaceae","Endangered","Endangered","Endangered","","https://id.biodiversity.org.au/node/apni/2920991","Microcarpaea agonis","Microcarpaea","Linderniaceae","Lamiales","Equisetopsida","Charophyta","Plantae",,"exactMatch",
"Eucalyptus insularis","Eucalyptus insularis","Twin Peak Island Mallee","Myrtaceae","Endangered","Endangered","Endangered","","https://id.biodiversity.org.au/taxon/apni/51289916","Eucalyptus insularis","Eucalyptus","Myrtaceae","Myrtales","Equisetopsida","Charophyta","Plantae","Twin Peak Island Mallee","exactMatch",
"Limonium australe var. baudinii","Limonium australe var. baudinii","Baudin's Sea-lavender","Plumbaginaceae","Vulnerable","Vulnerable","Vulnerable","","https://id.biodiversity.org.au/node/apni/2904341","Limonium australe var. baudinii","Limonium","Plumbaginaceae","Caryophyllales","Equisetopsida","Charophyta","Plantae","Tasmanian Sea-lavender","exactMatch",
"Zieria citriodora","Zieria citriodora","Lemon-scented Zieria","Rutaceae","Vulnerable","Vulnerable","Vulnerable","","https://id.biodiversity.org.au/node/apni/2921138","Zieria citriodora","Zieria","Rutaceae","Sapindales","Equisetopsida","Charophyta","Plantae","Lemon Zieria","exactMatch",
"Hymenophyllum lobbii","Hymenophyllum lobbii","-","Hymenophyllaceae","Extinct","Extinct","Extinct","","https://id.biodiversity.org.au/node/apni/2894170","Hymenophyllum lobbii","Hymenophyllum","Hymenophyllaceae","Hymenophyllales","Equisetopsida","Charophyta","Plantae",,"exactMatch",
"Eucalyptus infera","Eucalyptus infera","Durikai Mallee","Myrtaceae","Vulnerable","Vulnerable","Vulnerable","","https://id.biodiversity.org.au/node/apni/2900453","Eucalyptus infera","Eucalyptus","Myrtaceae","Myrtales","Equisetopsida","Charophyta","Plantae","Durikai Mallee","exactMatch",
"Lepidium drummondii","Lepidium drummondii","Drummond's Lepidium","Brassicaceae","Extinct","Extinct","Extinct","","https://id.biodiversity.org.au/node/apni/2898790","Lepidium drummondii","Lepidium","Brassicaceae","Brassicales","Equisetopsida","Charophyta","Plantae","Drummond's Lepidium","exactMatch",
"Thaumatoperla alpina","Thaumatoperla alpina","Alpine Stonefly","Eustheniidae","Endangered","Endangered","Endangered","","https://biodiversity.org.au/afd/taxa/41661a6d-9550-4583-9d6f-85957f9c6e7f","Thaumatoperla alpina","Thaumatoperla","Eustheniidae","Plecoptera","Insecta","Arthropoda","Animalia","Alpine Stonefly","exactMatch",
"Macrozamia machinii","Macrozamia machinii","-","Zamiaceae","Vulnerable","Vulnerable","Vulnerable","","https://id.biodiversity.org.au/node/apni/2914591","Macrozamia machinii","Macrozamia","Zamiaceae","Cycadales","Equisetopsida","Charophyta","Plantae",,"exactMatch",
"Acacia volubilis","Acacia volubilis","Tangled Wattle, Tangle Wattle","Fabaceae","Endangered","Endangered","Endangered","","https://id.biodiversity.org.au/node/apni/2905924","Acacia volubilis","Acacia","Fabaceae","Fabales","Equisetopsida","Charophyta","Plantae","Tangle Wattle","exactMatch",
"Kunzea similis subsp. similis","Kunzea similis subsp. similis","-","Myrtaceae","Critically Endangered","Critically Endangered","Critically Endangered","","https://id.biodiversity.org.au/node/apni/2920359","Kunzea similis subsp. similis","Kunzea","Myrtaceae","Myrtales","Equisetopsida","Charophyta","Plantae",,"exactMatch",
"Micromyrtus minutiflora","Micromyrtus minutiflora","-","Myrtaceae","Vulnerable","Vulnerable","Vulnerable","","https://id.biodiversity.org.au/node/apni/2914563","Micromyrtus minutiflora","Micromyrtus","Myrtaceae","Myrtales","Equisetopsida","Charophyta","Plantae",,"exactMatch",
"Caladenia pallida","Caladenia pallida","Rosy Spider Orchid, Pale Spider-orchid, Summer Spider-orchid","Orchidaceae","Critically Endangered","Critically Endangered","Critically Endangered","","https://id.biodiversity.org.au/taxon/apni/51399241","Caladenia pallida","Caladenia","Orchidaceae","Asparagales","Equisetopsida","Charophyta","Plantae","Orchid","exactMatch",
"Acacia woodmaniorum","Acacia woodmaniorum","Woodman's Wattle","Fabaceae","Endangered","Endangered","Endangered","","https://id.biodiversity.org.au/node/apni/2920838","Acacia woodmaniorum","Acacia","Fabaceae","Fabales","Equisetopsida","Charophyta","Plantae","Woodman's Wattle","exactMatch",
"Notamacropus greyi","Notamacropus greyi","Toolache Wallaby","Macropodidae","Extinct","Extinct","Extinct","","https://biodiversity.org.au/afd/taxa/34bb3b12-72af-4d3e-b7ab-fa4b0a071934","Notamacropus greyi","Notamacropus","Macropodidae","Diprotodontia","Mammalia","Chordata","Animalia","Toolache Wallaby","exactMatch",
"Euastacus girurmulayn","Euastacus girurmulayn","Smooth Crayfish","Parastacidae","Endangered","Endangered","Endangered","","https://biodiversity.org.au/afd/taxa/c1aad750-971f-4ea8-808e-45f37f88242e","Euastacus girurmulayn","Euastacus","Parastacidae","Decapoda","Malacostraca","Arthropoda","Animalia",,"exactMatch",
"Galaxias fuscus","Galaxias fuscus","Barred Galaxias","Galaxiidae","Endangered","Endangered","Endangered","","https://biodiversity.org.au/afd/taxa/2d7f7bf4-2da9-4fea-874d-3a45813449de","Galaxias fuscus","Galaxias","Galaxiidae","Salmoniformes","Actinopterygii","Chordata","Animalia","Barred Galaxias","exactMatch",
"Plectranthus gratus","Plectranthus gratus","-","Lamiaceae","Vulnerable","Vulnerable","Vulnerable","","https://id.biodiversity.org.au/taxon/apni/51774930","Coleus gratus","Coleus","Lamiaceae","Lamiales","Equisetopsida","Charophyta","Plantae",,"exactMatch",
"Stipiturus mallee","Stipiturus mallee","Mallee Emu-wren","Maluridae","Endangered","Endangered","Endangered","","https://biodiversity.org.au/afd/taxa/75f38563-ec77-45dc-9165-29537c5e7291","Stipiturus mallee","Stipiturus","Maluridae","Passeriformes","Aves","Chordata","Animalia","Mallee Emu-wren","exactMatch",
"Lambertia echinata subsp. occidentalis","Lambertia echinata subsp. occidentalis","Western Prickly Honeysuckle","Proteaceae","Endangered","Endangered","Endangered","","https://id.biodiversity.org.au/node/apni/2891460","Lambertia echinata subsp. occidentalis","Lambertia","Proteaceae","Proteales","Equisetopsida","Charophyta","Plantae","Western Prickly Honeysuckle","exactMatch",
"Plectranthus leiperi","Plectranthus leiperi","-","Lamiaceae","Vulnerable","Vulnerable","Vulnerable","","https://id.biodiversity.org.au/taxon/apni/51774957","Coleus leiperi","Coleus","Lamiaceae","Lamiales","Equisetopsida","Charophyta","Plantae",,"exactMatch",
"Anthochaera phrygia","Anthochaera phrygia","Regent Honeyeater","Meliphagidae","Critically Endangered","Critically Endangered","Critically Endangered","","https://biodiversity.org.au/afd/taxa/31869a0e-2ce5-40be-b6f6-c0231a48b414","Anthochaera (Xanthomyza) phrygia","Anthochaera","Meliphagidae","Passeriformes","Aves","Chordata","Animalia","Regent Honeyeater","exactMatch",
"Darwinia ferricola","Darwinia ferricola","Scott River Darwinia","Myrtaceae","Endangered","Endangered","Endangered","","https://id.biodiversity.org.au/node/apni/2913044","Darwinia ferricola","Darwinia","Myrtaceae","Myrtales","Equisetopsida","Charophyta","Plantae","Scott River Darwinia","exactMatch",
"Petrogale persephone","Petrogale persephone","Proserpine Rock-wallaby","Macropodidae","Endangered","Endangered","Endangered","","https://biodiversity.org.au/afd/taxa/59c897d9-9571-4554-b65a-84d0076d6999","Petrogale persephone","Petrogale","Macropodidae","Diprotodontia","Mammalia","Chordata","Animalia","Proserpine Rock-wallaby","exactMatch",
"Phascogale calura","Phascogale calura","Red-tailed Phascogale, Red-tailed Wambenger, Kenngoor","Dasyuridae","Vulnerable","Vulnerable","Vulnerable","","https://biodiversity.org.au/afd/taxa/0ed8d52e-d2ad-4e2d-99ad-16da31618c1b","Phascogale calura","Phascogale","Dasyuridae","Dasyuromorphia","Mammalia","Chordata","Animalia","Red-tailed Phascogale","exactMatch",
"Thesium australe","Thesium australe","Austral Toadflax, Toadflax","Santalaceae","Vulnerable","Vulnerable","Vulnerable","","https://id.biodiversity.org.au/node/apni/2891975","Thesium australe","Thesium","Santalaceae","Santalales","Equisetopsida","Charophyta","Plantae","Austral Toadflax","exactMatch",
"Caladenia tonellii","Caladenia tonellii","Robust Fingers","Orchidaceae","Critically Endangered","Critically Endangered","Critically Endangered","","https://id.biodiversity.org.au/taxon/apni/51399412","Caladenia tonellii","Caladenia","Orchidaceae","Asparagales","Equisetopsida","Charophyta","Plantae","Robust Fingers","exactMatch",
"Chordifex abortivus","Chordifex abortivus","Manypeaks Rush","Restionaceae","Endangered","Endangered","Endangered","","https://id.biodiversity.org.au/node/apni/2904815","Chordifex abortivus","Chordifex","Restionaceae","Poales","Equisetopsida","Charophyta","Plantae","Manypeaks Rush","exactMatch",
"Diuris bracteata","Diuris bracteata","-","Orchidaceae","Extinct","Extinct","Extinct","","https://id.biodiversity.org.au/taxon/apni/51404173","Diuris bracteata","Diuris","Orchidaceae","Asparagales","Equisetopsida","Charophyta","Plantae","Bracteate Donkey Orchid","exactMatch",
"Thomasia montana","Thomasia montana","Hill Thomasia","Sterculiaceae","Vulnerable","Vulnerable","Vulnerable","","https://id.biodiversity.org.au/node/apni/2902865","Thomasia montana","Thomasia","Malvaceae","Malvales","Equisetopsida","Charophyta","Plantae","Hill Thomasia","exactMatch",
"Tympanocryptis pinguicolla","Tympanocryptis pinguicolla","Victorian Grassland Earless Dragon","Agamidae","Critically Endangered","Critically Endangered","Critically Endangered","","https://biodiversity.org.au/afd/taxa/62caba59-3220-452d-a5c8-8dae09ebc169","Tympanocryptis pinguicolla","Tympanocryptis","Agamidae","Squamata","Reptilia","Chordata","Animalia","Victorian Grassland Earless Dragon","exactMatch",
"Backhousia tetraptera","Backhousia tetraptera","-","Myrtaceae","Critically Endangered","Critically Endangered","Critically Endangered","","https://id.biodiversity.org.au/node/apni/2904493","Backhousia tetraptera","Backhousia","Myrtaceae","Myrtales","Equisetopsida","Charophyta","Plantae",,"exactMatch",
"Caladenia audasii","Caladenia audasii","McIvor Spider-orchid, Audas' Spider-orchid","Orchidaceae","Endangered","Endangered","Endangered","","https://id.biodiversity.org.au/taxon/apni/51398813","Caladenia audasii","Caladenia","Orchidaceae","Asparagales","Equisetopsida","Charophyta","Plantae","Mcivor Spiderorchid","exactMatch",
"Lerista nevinae","Lerista nevinae","Nevin's Slider","Scincidae","Endangered","Endangered","Endangered","","https://biodiversity.org.au/afd/taxa/83bc222c-16be-4eba-8859-7528837f47f9","Lerista nevinae","Lerista","Scincidae","Squamata","Reptilia","Chordata","Animalia","Nevin's Slider","exactMatch",
"Verticordia staminosa subsp. staminosa","Verticordia staminosa subsp. staminosa","Wongan Featherflower","Myrtaceae","Endangered","Endangered","Endangered","","https://id.biodiversity.org.au/node/apni/2916999","Verticordia staminosa subsp. staminosa","Verticordia","Myrtaceae","Myrtales","Equisetopsida","Charophyta","Plantae","Wongan Featherflower","exactMatch",
"Nestor productus","Nestor productus","Norfolk Island Kaka","Psittacidae","Extinct","Extinct","Extinct","","https://biodiversity.org.au/afd/taxa/0ad9b5d2-0ddf-4cdf-aab5-c7c8e8016157","Nestor productus","Nestor","Nestoridae","Psittaciformes","Aves","Chordata","Animalia","Norfolk Island Kaka","exactMatch",
"Swainsona murrayana","Swainsona murrayana","Slender Darling-pea, Slender Swainson, Murray Swainson-pea","Fabaceae","Vulnerable","Vulnerable","Vulnerable","","https://id.biodiversity.org.au/node/apni/2888731","Swainsona murrayana","Swainsona","Fabaceae","Fabales","Equisetopsida","Charophyta","Plantae","Slender Darling Pea","exactMatch",
"Grevillea involucrata","Grevillea involucrata","Lake Varley Grevillea","Proteaceae","Endangered","Endangered","Endangered","","https://id.biodiversity.org.au/node/apni/2903319","Grevillea involucrata","Grevillea","Proteaceae","Proteales","Equisetopsida","Charophyta","Plantae","Lake Varley Grevillea","exactMatch",
"Hylacola cauta halmaturina","Hylacola cauta halmaturina","Shy Heathwren (Kangaroo Island)","Acanthizidae","Vulnerable","Vulnerable","Vulnerable","","https://biodiversity.org.au/afd/taxa/b1d20965-e327-4067-aff7-dfafc23fda32","Hylacola cauta halmaturina","Hylacola","Acanthizidae","Passeriformes","Aves","Chordata","Animalia",,"exactMatch",
"Calyptorhynchus banksii graptogyne","Calyptorhynchus banksii graptogyne","South-eastern Red-tailed Black-Cockatoo","Cacatuidae","Endangered","Endangered","Endangered","","https://biodiversity.org.au/afd/taxa/6765ea54-8c5c-474c-b670-ac58c32f5d62","Calyptorhynchus (Calyptorhynchus) banksii graptogyne","Calyptorhynchus","Cacatuidae","Psittaciformes","Aves","Chordata","Animalia","South-eastern Red-tailed Black-cockatoo","exactMatch",
"Ixodia achillaeoides subsp. arenicola","Ixodia achillaeoides subsp. arenicola","Sand Ixodia, Ixodia","Asteraceae","Vulnerable","Vulnerable","Vulnerable","","https://id.biodiversity.org.au/node/apni/2916083","Ixodia achillaeoides subsp. arenicola","Ixodia","Asteraceae","Asterales","Equisetopsida","Charophyta","Plantae","Coast Ixodia","exactMatch",
"Pterostylis despectans","Pterostylis despectans","Lowly Greenhood","Orchidaceae","Endangered","Endangered","Endangered","","https://id.biodiversity.org.au/taxon/apni/51412102","Pterostylis despectans","Pterostylis","Orchidaceae","Asparagales","Equisetopsida","Charophyta","Plantae","Mt Bryan Greenhood","exactMatch",
"Austrostipa metatoris","Austrostipa metatoris","-","Poaceae","Vulnerable","Vulnerable","Vulnerable","","https://id.biodiversity.org.au/node/apni/2909702","Austrostipa metatoris","Austrostipa","Poaceae","Poales","Equisetopsida","Charophyta","Plantae","Spear-grass","exactMatch",
"Cyclopsitta diophthalma coxeni","Cyclopsitta diophthalma coxeni","Coxen's Fig-Parrot","Psittacidae","Critically Endangered","Critically Endangered","Critically Endangered","","https://biodiversity.org.au/afd/taxa/2c0e502e-f6ae-4efb-a023-d068a7955879","Cyclopsitta diophthalma coxeni","Cyclopsitta","Psittacidae","Psittaciformes","Aves","Chordata","Animalia","Coxen's Fig-parrot","exactMatch",
"Pimelea curviflora var. curviflora","Pimelea curviflora var. curviflora","-","Thymelaeaceae","Vulnerable","Vulnerable","Vulnerable","","https://id.biodiversity.org.au/node/apni/2894491","Pimelea curviflora var. curviflora","Pimelea","Thymelaeaceae","Malvales","Equisetopsida","Charophyta","Plantae",,"exactMatch",
"Acacia gordonii","Acacia gordonii","-","Fabaceae","Endangered","Endangered","Endangered","","https://id.biodiversity.org.au/node/apni/2914687","Acacia gordonii","Acacia","Fabaceae","Fabales","Equisetopsida","Charophyta","Plantae",,"exactMatch",
"Ricinocarpos trichophorus","Ricinocarpos trichophorus","Barrens Wedding Bush","Euphorbiaceae","Endangered","Endangered","Endangered","","https://id.biodiversity.org.au/node/apni/2911972","Ricinocarpos trichophorus","Ricinocarpos","Euphorbiaceae","Malpighiales","Equisetopsida","Charophyta","Plantae","Barrens Wedding Bush","exactMatch",
"Typhonium taylori","Typhonium taylori","a herb","Araceae","Endangered","Endangered","Endangered","","https://id.biodiversity.org.au/taxon/apni/51736757","Typhonium taylorii","Typhonium","Araceae","Alismatales","Equisetopsida","Charophyta","Plantae","A Herb","exactMatch",
"Polyphlebium endlicherianum","Polyphlebium endlicherianum","Middle Filmy Fern","Hymenophyllaceae","Endangered","Endangered","Endangered","","https://id.biodiversity.org.au/taxon/apni/51437907","Polyphlebium endlicherianum","Polyphlebium","Hymenophyllaceae","Hymenophyllales","Equisetopsida","Charophyta","Plantae","Middle Filmy Fern","exactMatch",
"Sclerolaena napiformis","Sclerolaena napiformis","Turnip Copperburr","Chenopodiaceae","Endangered","Endangered","Endangered","","https://id.biodiversity.org.au/node/apni/2900454","Sclerolaena napiformis","Sclerolaena","Chenopodiaceae","Caryophyllales","Equisetopsida","Charophyta","Plantae","Turnip Copperburr","exactMatch",
"Dichanthium setosum","Dichanthium setosum","bluegrass","Poaceae","Vulnerable","Vulnerable","Vulnerable","","https://id.biodiversity.org.au/node/apni/2905357","Dichanthium setosum","Dichanthium","Poaceae","Poales","Equisetopsida","Charophyta","Plantae","Bluegrass","exactMatch",
"Endiandra floydii","Endiandra floydii","Floyd's Walnut, Crystal Creek Walnut","Lauraceae","Endangered","Endangered","Endangered","","https://id.biodiversity.org.au/node/apni/2905701","Endiandra floydii","Endiandra","Lauraceae","Laurales","Equisetopsida","Charophyta","Plantae","Crystal Creek Walnut","exactMatch",
"Cadellia pentastylis","Cadellia pentastylis","Ooline","Surianaceae","Vulnerable","Vulnerable","Vulnerable","","https://id.biodiversity.org.au/taxon/apni/51447911","Cadellia pentastylis","Cadellia","Surianaceae","Fabales","Equisetopsida","Charophyta","Plantae","Ooline","exactMatch",
"Zyzomys maini","Zyzomys maini","Arnhem Rock-rat, Arnhem Land Rock-rat, Kodjperr","Muridae","Vulnerable","Vulnerable","Vulnerable","","https://biodiversity.org.au/afd/taxa/dab6e02d-b4a5-4009-81ea-14b9f139b910","Zyzomys maini","Zyzomys","Muridae","Rodentia","Mammalia","Chordata","Animalia","Arnhem Land Rock-rat","exactMatch",
"Hibbertia basaltica","Hibbertia basaltica","Basalt Guinea-flower","Dilleniaceae","Endangered","Endangered","Endangered","","https://id.biodiversity.org.au/node/apni/2906467","Hibbertia basaltica","Hibbertia","Dilleniaceae",,"Equisetopsida","Charophyta","Plantae","Basalt Guineaflower","exactMatch",
"Tetraria australiensis","Tetraria australiensis","Southern Tetraria","Cyperaceae","Vulnerable","Vulnerable","Vulnerable","","https://id.biodiversity.org.au/node/apni/2896718","Tetraria australiensis","Tetraria","Cyperaceae","Poales","Equisetopsida","Charophyta","Plantae",,"exactMatch",
"Notomys macrotis","Notomys macrotis","Large-eared Hopping-mouse, Noompa, Big -eared Hopping-mouse","Muridae","Extinct","Extinct","Extinct","","https://biodiversity.org.au/afd/taxa/8323dd58-6aa8-442e-9446-a5d5cfb69241","Notomys macrotis","Notomys","Muridae","Rodentia","Mammalia","Chordata","Animalia","Big-eared Hopping-mouse","exactMatch",
"Notelaea ipsviciensis","Notelaea ipsviciensis","Cooneana Olive","Oleaceae","Critically Endangered","Critically Endangered","Critically Endangered","","https://id.biodiversity.org.au/taxon/apni/51786486","Notelaea ipsviciensis","Notelaea","Oleaceae","Lamiales","Equisetopsida","Charophyta","Plantae","Cooneana Olive","exactMatch",
"Fontainea oraria","Fontainea oraria","Coastal Fontainea","Euphorbiaceae","Critically Endangered","Critically Endangered","Critically Endangered","","https://id.biodiversity.org.au/node/apni/2917992","Fontainea oraria","Fontainea","Euphorbiaceae","Malpighiales","Equisetopsida","Charophyta","Plantae","Coastal Fontainea","exactMatch",
"Homoranthus croftianus","Homoranthus croftianus","Bolivia Homoranthus","Myrtaceae","Critically Endangered","Critically Endangered","Critically Endangered","","https://id.biodiversity.org.au/node/apni/2898330","Homoranthus croftianus","Homoranthus","Myrtaceae","Myrtales","Equisetopsida","Charophyta","Plantae","Bolivia Homoranthus","exactMatch",
"Archidendron lovelliae","Archidendron lovelliae","Bacon Wood, Tulip Siris","Fabaceae","Vulnerable","Vulnerable","Vulnerable","","https://id.biodiversity.org.au/node/apni/2898291","Archidendron lovelliae","Archidendron","Fabaceae","Fabales","Equisetopsida","Charophyta","Plantae","Bacon Wood","exactMatch",
"Eucalyptus copulans","Eucalyptus copulans","-","Myrtaceae","Endangered","Endangered","Endangered","","https://id.biodiversity.org.au/node/apni/2891931","Eucalyptus copulans","Eucalyptus","Myrtaceae","Myrtales","Equisetopsida","Charophyta","Plantae",,"exactMatch",
"Caladenia amoena","Caladenia amoena","Charming Spider-orchid","Orchidaceae","Endangered","Endangered","Endangered","","https://id.biodiversity.org.au/taxon/apni/51398769","Caladenia amoena","Caladenia","Orchidaceae","Asparagales","Equisetopsida","Charophyta","Plantae","Charming Spiderorchid","exactMatch",
"Nannoperca oxleyana","Nannoperca oxleyana","Oxleyan Pygmy Perch","Percichthyidae","Endangered","Endangered","Endangered","","https://biodiversity.org.au/afd/taxa/8692cabf-977f-49be-b8e6-24bca257c0a8","Nannoperca oxleyana","Nannoperca","Percichthyidae","Perciformes","Actinopterygii","Chordata","Animalia","Oxleyan Pygmy Perch","exactMatch",
"Rhodamnia maideniana","Rhodamnia maideniana","Smooth Scrub Turpentine","Myrtaceae","Critically Endangered","Critically Endangered","Critically Endangered","","https://id.biodiversity.org.au/node/apni/2917213","Rhodamnia maideniana","Rhodamnia","Myrtaceae","Myrtales","Equisetopsida","Charophyta","Plantae","Smooth Scrub Turpentine","exactMatch",
"Carinascincus microlepidotus","Carinascincus microlepidotus","Boulder Cool-skink, Southern Snow Skink","Scincidae","Endangered","Endangered","Endangered","","https://biodiversity.org.au/afd/taxa/3a012b1b-272d-460d-85d0-568a90fc4d78","Carinascincus microlepidotus","Carinascincus","Scincidae","Squamata","Reptilia","Chordata","Animalia","Boulder Cool-skink","exactMatch",
"Homoranthus bruhlii","Homoranthus bruhlii","-","Myrtaceae","Critically Endangered","Critically Endangered","Critically Endangered","","https://id.biodiversity.org.au/node/apni/2888616","Homoranthus bruhlii","Homoranthus","Myrtaceae","Myrtales","Equisetopsida","Charophyta","Plantae",,"exactMatch",
"Paracaleana dixonii","Paracaleana dixonii","Sandplain Duck Orchid","Orchidaceae","Endangered","Endangered","Endangered","","https://id.biodiversity.org.au/taxon/apni/51399659","Caleana dixonii","Caleana","Orchidaceae","Asparagales","Equisetopsida","Charophyta","Plantae",,"exactMatch",
"Bulbophyllum globuliforme","Bulbophyllum globuliforme","Miniature Moss-orchid, Hoop Pine Orchid","Orchidaceae","Vulnerable","Vulnerable","Vulnerable","","https://id.biodiversity.org.au/taxon/apni/51396335","Bulbophyllum globuliforme","Bulbophyllum","Orchidaceae","Asparagales","Equisetopsida","Charophyta","Plantae","Miniature Mossorchid","exactMatch",
"Eidothea hardeniana","Eidothea hardeniana","Nightcap Oak","Proteaceae","Critically Endangered","Critically Endangered","Critically Endangered","","https://id.biodiversity.org.au/node/apni/2908076","Eidothea hardeniana","Eidothea","Proteaceae","Proteales","Equisetopsida","Charophyta","Plantae","Nightcap Oak","exactMatch",
"Galaxias supremus","Galaxias supremus","Kosciuszko Galaxias","Galaxiidae","Critically Endangered","Critically Endangered","Critically Endangered","","https://biodiversity.org.au/afd/taxa/4f0c4314-0796-45ea-85cf-3f4ca504ab0c","Galaxias supremus","Galaxias","Galaxiidae","Salmoniformes","Actinopterygii","Chordata","Animalia","Kosciuszko Galaxias","exactMatch",
"Alectryon ramiflorus","Alectryon ramiflorus","Isis Tamarind","Sapindaceae","Endangered","Endangered","Endangered","","https://id.biodiversity.org.au/taxon/apni/51294089","Alectryon ramiflorus","Alectryon","Sapindaceae","Sapindales","Equisetopsida","Charophyta","Plantae","Isis Tamarind","exactMatch",
"Microcorys eremophiloides","Microcorys eremophiloides","Wongan Microcorys","Lamiaceae","Vulnerable","Vulnerable","Vulnerable","","https://id.biodiversity.org.au/node/apni/2909934","Microcorys eremophiloides","Microcorys","Lamiaceae","Lamiales","Equisetopsida","Charophyta","Plantae","Wongan Microcorys","exactMatch",
"Leucopogon gnaphalioides","Leucopogon gnaphalioides","Stirling Range Beard Heath","Epacridaceae","Critically Endangered","Critically Endangered","Critically Endangered","","https://id.biodiversity.org.au/node/apni/2887220","Leucopogon gnaphalioides","Leucopogon","Ericaceae","Ericales","Equisetopsida","Charophyta","Plantae","Stirling Range Beard Heath","exactMatch",
"Dendrobium johannis","Dendrobium johannis","Chocolate Tea Tree Orchid","Orchidaceae","Vulnerable","Vulnerable","Vulnerable","","https://id.biodiversity.org.au/taxon/apni/51402864","Dendrobium johannis","Dendrobium","Orchidaceae","Asparagales","Equisetopsida","Charophyta","Plantae","Chocolate Tea Tree Orchid","exactMatch",
"Epacris stuartii","Epacris stuartii","Southport Heath, Stuart's Heath","Epacridaceae","Critically Endangered","Critically Endangered","Critically Endangered","","https://id.biodiversity.org.au/node/apni/2912945","Epacris stuartii","Epacris","Ericaceae","Ericales","Equisetopsida","Charophyta","Plantae","Southport Heath","exactMatch",
"Zieria granulata","Zieria granulata","Hill Zieria, Hilly Zieria, Illawarra Zieria","Rutaceae","Endangered","Endangered","Endangered","","https://id.biodiversity.org.au/node/apni/2916054","Zieria granulata","Zieria","Rutaceae","Sapindales","Equisetopsida","Charophyta","Plantae","Illawarra Zieria","exactMatch",
"Eucalyptus largeana","Eucalyptus largeana","Craven Grey Box","Myrtaceae","Endangered","Endangered","Endangered","","https://id.biodiversity.org.au/node/apni/2900950","Eucalyptus largeana","Eucalyptus","Myrtaceae","Myrtales","Equisetopsida","Charophyta","Plantae","Craven Grey Box","exactMatch",
"Chlamydogobius squamigenus","Chlamydogobius squamigenus","Edgbaston Goby","Gobiidae","Vulnerable","Vulnerable","Vulnerable","","https://biodiversity.org.au/afd/taxa/54cdb91c-74d5-4708-8bf5-46c30000d90b","Chlamydogobius squamigenus","Chlamydogobius","Gobiidae","Perciformes","Actinopterygii","Chordata","Animalia","Edgbaston Goby","exactMatch",
"Daviesia dielsii","Daviesia dielsii","Diels' Daviesia","Fabaceae","Endangered","Endangered","Endangered","","https://id.biodiversity.org.au/node/apni/2910290","Daviesia dielsii","Daviesia","Fabaceae","Fabales","Equisetopsida","Charophyta","Plantae","Diels' Daviesia","exactMatch",
"Turdus poliocephalus poliocephalus","Turdus poliocephalus poliocephalus","Grey-headed Blackbird, Norfolk Island Thrush","Muscicapidae","Extinct","Extinct","Extinct","","https://biodiversity.org.au/afd/taxa/8dca3b67-fc38-4866-9a75-60ff070cc019","Turdus poliocephalus poliocephalus","Turdus","Turdidae","Passeriformes","Aves","Chordata","Animalia","Norfolk Island Thrush","exactMatch",
"Ctenotus serotinus","Ctenotus serotinus","Gravel Downs Ctenotus","Scincidae","Critically Endangered","Critically Endangered","Critically Endangered","","https://biodiversity.org.au/afd/taxa/cbb95cf2-6b35-4ca0-9b99-ae47abf6c23f","Ctenotus serotinus","Ctenotus","Scincidae","Squamata","Reptilia","Chordata","Animalia","Gravel-downs Ctenotus","exactMatch",
"Petrogale concinna monastria","Petrogale concinna monastria","Nabarlek (Kimberley)","Macropodidae","Endangered","Endangered","Endangered","","https://biodiversity.org.au/afd/taxa/87b4e946-69ed-419b-95b2-4777b9a64a0b","Petrogale concinna monastria","Petrogale","Macropodidae","Diprotodontia","Mammalia","Chordata","Animalia","Nabarlek (kimberley)","exactMatch",
"Callistemon pungens","Callistemon pungens","-","Myrtaceae","Vulnerable","Vulnerable","Vulnerable","","https://id.biodiversity.org.au/taxon/apni/51781715","Callistemon pungens","Callistemon","Myrtaceae","Myrtales","Equisetopsida","Charophyta","Plantae",,"exactMatch",
"Prasophyllum correctum","Prasophyllum correctum","Gaping Leek-orchid","Orchidaceae","Endangered","Endangered","Endangered","","https://id.biodiversity.org.au/taxon/apni/51795059","Prasophyllum correctum","Prasophyllum","Orchidaceae","Asparagales","Equisetopsida","Charophyta","Plantae","Gaping Leek-orchid","exactMatch",
"Promethis sterrha","Promethis sterrha","a beetle","Tenebrionidae","Critically Endangered","Critically Endangered","Critically Endangered","","https://biodiversity.org.au/afd/taxa/9ce0f328-e25e-4b42-9dae-0cf35f16a98f","Promethis sterrha","Promethis","Tenebrionidae","Coleoptera","Insecta","Arthropoda","Animalia",,"exactMatch",
"Bertya ingramii","Bertya ingramii","a shrub","Euphorbiaceae","Endangered","Endangered","Endangered","","https://id.biodiversity.org.au/node/apni/2903887","Bertya ingramii","Bertya","Euphorbiaceae","Malpighiales","Equisetopsida","Charophyta","Plantae",,"exactMatch",
"Calyptorhynchus banksii naso","Calyptorhynchus banksii naso","Forest Red-tailed Black-Cockatoo, Karrak","Cacatuidae","Vulnerable","Vulnerable","Vulnerable","","https://biodiversity.org.au/afd/taxa/ebb36e48-4e64-42c5-a74c-309cc1e12961","Calyptorhynchus (Calyptorhynchus) banksii naso","Calyptorhynchus","Cacatuidae","Psittaciformes","Aves","Chordata","Animalia","Forest Red-tailed Black-cockatoo","exactMatch",
"Sterna vittata bethunei","Sterna vittata bethunei","New Zealand Antarctic Tern, Antarctic Tern (New Zealand)","Laridae","Endangered","Endangered","Endangered","","https://biodiversity.org.au/afd/taxa/91271b6f-e398-49f9-a742-c4f568981d6e","Sterna (Sterna) vittata bethunei","Sterna","Laridae","Charadriiformes","Aves","Chordata","Animalia","New Zealand Antarctic Tern","exactMatch",
"Tympanocryptis condaminensis","Tympanocryptis condaminensis","Condamine Earless Dragon","Agamidae","Endangered","Endangered","Endangered","","https://biodiversity.org.au/afd/taxa/733c3f8a-73b6-449d-9f15-5e5f129aae80","Tympanocryptis condaminensis","Tympanocryptis","Agamidae","Squamata","Reptilia","Chordata","Animalia","Condamine Earless Dragon","exactMatch",
"Commersonia apella","Commersonia apella","Many-flowered Commersonia","Malvaceae","Critically Endangered","Critically Endangered","Critically Endangered","","https://id.biodiversity.org.au/node/apni/2901351","Commersonia apella","Commersonia","Malvaceae","Malvales","Equisetopsida","Charophyta","Plantae","Manyflowered Commersonia","exactMatch",
"Endiandra cooperana","Endiandra cooperana","-","Lauraceae","Endangered","Endangered","Endangered","","https://id.biodiversity.org.au/node/apni/2919154","Endiandra cooperana","Endiandra","Lauraceae","Laurales","Equisetopsida","Charophyta","Plantae",,"exactMatch",
"Eucalyptus burdettiana","Eucalyptus burdettiana","Burdett Gum","Myrtaceae","Endangered","Endangered","Endangered","","https://id.biodiversity.org.au/node/apni/2890002","Eucalyptus burdettiana","Eucalyptus","Myrtaceae","Myrtales","Equisetopsida","Charophyta","Plantae","Burdett Gum","exactMatch",
"Eucalyptus dolorosa","Eucalyptus dolorosa","Dandaragan Mallee, Mount Misery Mallee","Myrtaceae","Endangered","Endangered","Endangered","","https://id.biodiversity.org.au/node/apni/2890457","Eucalyptus dolorosa","Eucalyptus","Myrtaceae","Myrtales","Equisetopsida","Charophyta","Plantae","Mount Misery Mallee","exactMatch",
"Hoplogonus simsoni","Hoplogonus simsoni","Simson's Stag Beetle","Lucanidae","Vulnerable","Vulnerable","Vulnerable","","https://biodiversity.org.au/afd/taxa/9dfac020-c6e3-4e80-b90b-8ef2e8d1dea9","Hoplogonus simsoni","Hoplogonus","Lucanidae","Coleoptera","Insecta","Arthropoda","Animalia","Simson's Stag Beetle","exactMatch",
"Pomaderris cotoneaster","Pomaderris cotoneaster","Cotoneaster Pomaderris","Rhamnaceae","Endangered","Endangered","Endangered","","https://id.biodiversity.org.au/node/apni/2910377","Pomaderris cotoneaster","Pomaderris","Rhamnaceae","Rosales","Equisetopsida","Charophyta","Plantae","Cotoneaster Pomaderris","exactMatch",
"Limnodromus semipalmatus","Limnodromus semipalmatus","Asian Dowitcher","Scolopacidae","Vulnerable","Vulnerable","Vulnerable","","https://biodiversity.org.au/afd/taxa/40d07e9c-276c-4dae-8691-813785a3b3e1","Limnodromus semipalmatus","Limnodromus","Scolopacidae","Charadriiformes","Aves","Chordata","Animalia","Asian Dowitcher","exactMatch",
"Dillwynia rupestris","Dillwynia rupestris","-","Fabaceae","Endangered","Endangered","Endangered","","https://id.biodiversity.org.au/node/apni/2891358","Dillwynia rupestris","Dillwynia","Fabaceae","Fabales","Equisetopsida","Charophyta","Plantae",,"exactMatch",
"Asplenium hookerianum","Asplenium hookerianum","Maidenhair Spleenwort","Aspleniaceae","Vulnerable","Vulnerable","Vulnerable","","https://id.biodiversity.org.au/node/apni/2896148","Asplenium hookerianum","Asplenium","Aspleniaceae","Polypodiales","Equisetopsida","Charophyta","Plantae","Maidenhair Spleenwort","exactMatch",
"Gastrolobium hamulosum","Gastrolobium hamulosum","Hook-point Poison","Fabaceae","Endangered","Endangered","Endangered","","https://id.biodiversity.org.au/node/apni/2905944","Gastrolobium hamulosum","Gastrolobium","Fabaceae","Fabales","Equisetopsida","Charophyta","Plantae","Hookpoint Poison","exactMatch",
"Pezoporus flaviventris","Pezoporus flaviventris","Western Ground Parrot, Kyloring","Psittacidae","Critically Endangered","Critically Endangered","Critically Endangered","","https://biodiversity.org.au/afd/taxa/bfeb0f1a-5581-4034-ba30-e330fe233af6","Pezoporus flaviventris","Pezoporus","Psittacidae","Psittaciformes","Aves","Chordata","Animalia","Western Ground Parrot","exactMatch",
"Boronia gunnii","Boronia gunnii","Gunn's Boronia, Cataract Gorge Boronia","Rutaceae","Vulnerable","Vulnerable","Vulnerable","","https://id.biodiversity.org.au/node/apni/2890920","Boronia gunnii","Boronia","Rutaceae","Sapindales","Equisetopsida","Charophyta","Plantae","Cataract Gorge Boronia","exactMatch",
"Lewinia pectoralis clelandi","Lewinia pectoralis clelandi","Western Australian Lewin's Rail, Lewin's Rail (western)","Rallidae","Extinct","Extinct","Extinct","","https://biodiversity.org.au/afd/taxa/ca936e1c-101a-4411-a3ef-88dba462b92e","Lewinia pectoralis clelandi","Lewinia","Rallidae","Gruiformes","Aves","Chordata","Animalia","Western Australian Lewin's Rail","exactMatch",
"Rheodytes leukops","Rheodytes leukops","Fitzroy River Turtle, Fitzroy Tortoise, Fitzroy Turtle, White-eyed River Diver","Chelidae","Endangered","Endangered","Endangered","","https://biodiversity.org.au/afd/taxa/364e7d1c-d626-4b67-98b7-3608828b0dae","Rheodytes leukops","Rheodytes","Chelidae","Testudines","Reptilia","Chordata","Animalia","Fitzroy River Turtle","exactMatch",
"Banksia mimica","Banksia mimica","Summer Honeypot","Proteaceae","Endangered","Endangered","Endangered","","https://id.biodiversity.org.au/node/apni/2913560","Banksia mimica","Banksia","Proteaceae","Proteales","Equisetopsida","Charophyta","Plantae","Summer Honeypot","exactMatch",
"Caladenia cremna","Caladenia cremna","Don's Spider Orchid, Beady Spider Orchid","Orchidaceae","Critically Endangered","Critically Endangered","Critically Endangered","","https://id.biodiversity.org.au/taxon/apni/51398923","Caladenia cremna","Caladenia","Orchidaceae","Asparagales","Equisetopsida","Charophyta","Plantae","Don's Spider Orchid","exactMatch",
"Deyeuxia lawrencei","Deyeuxia lawrencei","-","Poaceae","Extinct","Extinct","Extinct","","https://id.biodiversity.org.au/node/apni/2909511","Deyeuxia lawrencei","Deyeuxia","Poaceae","Poales","Equisetopsida","Charophyta","Plantae",,"exactMatch",
"Lychnothamnus barbatus","Lychnothamnus barbatus","a green alga","Characeae","Endangered","Endangered","Endangered","","ALA_DR30474_1109","Lychnothamnus barbatus","Lychnothamnus","Characeae","Charales","Charophyceae","Chlorophyta","Plantae","A Green Alga","exactMatch",
"Ileostylus micranthus","Ileostylus micranthus","Mistletoe","Loranthaceae","Vulnerable","Vulnerable","Vulnerable","","https://id.biodiversity.org.au/node/apni/2897402","Ileostylus micranthus","Ileostylus","Loranthaceae","Santalales","Equisetopsida","Charophyta","Plantae","Mistletoe","exactMatch",
"Synaphea sp. Fairbridge Farm (D.Papenfus 696)","Synaphea sp. Fairbridge Farm (D.Papenfus 696)","Selena's Synaphea","Proteaceae","Critically Endangered","Critically Endangered","Critically Endangered","","https://id.biodiversity.org.au/node/apni/2886148","Synaphea sp. Fairbridge Farm (D.Papenfus 696)","Synaphea","Proteaceae","Proteales","Equisetopsida","Charophyta","Plantae","Selena's Synaphea","exactMatch",
"Philoria frosti","Philoria frosti","Baw Baw Frog","Limnodynastidae","Critically Endangered","Critically Endangered","Critically Endangered","","https://biodiversity.org.au/afd/taxa/49eab15a-4b40-45e5-a727-ab148a551afb","Philoria frosti","Philoria","Limnodynastidae","Anura","Amphibia","Chordata","Animalia","Baw Baw Frog","exactMatch",
"Prasophyllum crebriflorum","Prasophyllum crebriflorum","Crowded Leek-Orchid","Orchidaceae","Endangered","Endangered","Endangered","","https://id.biodiversity.org.au/taxon/apni/51795065","Prasophyllum crebriflorum","Prasophyllum","Orchidaceae","Asparagales","Equisetopsida","Charophyta","Plantae","Crowded Leekorchid","exactMatch",
"Banksia cuneata","Banksia cuneata","Matchstick Banksia, Quairading Banksia","Proteaceae","Endangered","Endangered","Endangered","","https://id.biodiversity.org.au/node/apni/2913570","Banksia cuneata","Banksia","Proteaceae","Proteales","Equisetopsida","Charophyta","Plantae","Quairading Banksia","exactMatch",
"Polytelis alexandrae","Polytelis alexandrae","Princess Parrot, Alexandra's Parrot","Psittacidae","Vulnerable","Vulnerable","Vulnerable","","https://biodiversity.org.au/afd/taxa/be7a08f5-387f-4156-91e2-77f0d3d09d8c","Polytelis alexandrae","Polytelis","Psittacidae","Psittaciformes","Aves","Chordata","Animalia","Princess Parrot","exactMatch",
"Pterostylis valida","Pterostylis valida","Robust Greenhood","Orchidaceae","Critically Endangered","Critically Endangered","Critically Endangered","","https://id.biodiversity.org.au/taxon/apni/51412430","Pterostylis valida","Pterostylis","Orchidaceae","Asparagales","Equisetopsida","Charophyta","Plantae","Robust Greenhood","exactMatch",
"Pultenaea trichophylla","Pultenaea trichophylla","Tufted Bush-pea","Fabaceae","Endangered","Endangered","Endangered","","https://id.biodiversity.org.au/node/apni/2912271","Pultenaea trichophylla","Pultenaea","Fabaceae","Fabales","Equisetopsida","Charophyta","Plantae","Tufted Bush-pea","exactMatch",
"Nannatherina balstoni","Nannatherina balstoni","Balston's Pygmy Perch","Nannopercidae","Vulnerable","Vulnerable","Vulnerable","","https://biodiversity.org.au/afd/taxa/2cdbce86-4bc5-4d91-b435-f8a01277cda4","Nannatherina balstoni","Nannatherina","Percichthyidae","Perciformes","Actinopterygii","Chordata","Animalia","Balston's Pygmy Perch","exactMatch",
"Neoceratodus forsteri","Neoceratodus forsteri","Australian Lungfish, Queensland Lungfish","Ceratodontidae","Vulnerable","Vulnerable","Vulnerable","","https://biodiversity.org.au/afd/taxa/38a5a409-3f58-4522-acec-61444d999bd2","Neoceratodus forsteri","Neoceratodus","Ceratodontidae","Ceratodontiformes","Sarcopterygii","Chordata","Animalia","Australian Lungfish","exactMatch",
"Verticordia crebra","Verticordia crebra","-","Myrtaceae","Vulnerable","Vulnerable","Vulnerable","","https://id.biodiversity.org.au/node/apni/2909340","Verticordia crebra","Verticordia","Myrtaceae","Myrtales","Equisetopsida","Charophyta","Plantae","Barrens Featherflower","exactMatch",
"Macrozamia lomandroides","Macrozamia lomandroides","cycad","Zamiaceae","Endangered","Endangered","Endangered","","https://id.biodiversity.org.au/node/apni/2889844","Macrozamia lomandroides","Macrozamia","Zamiaceae","Cycadales","Equisetopsida","Charophyta","Plantae","Cycad","exactMatch",
"Parantechinus apicalis","Parantechinus apicalis","Dibbler","Dasyuridae","Endangered","Endangered","Endangered","","https://biodiversity.org.au/afd/taxa/13ffb93f-1fa9-4fe5-8e60-3e88e079471a","Parantechinus apicalis","Parantechinus","Dasyuridae","Dasyuromorphia","Mammalia","Chordata","Animalia","Dibbler","exactMatch",
"Boronia inflexa subsp. torringtonensis","Boronia inflexa subsp. torringtonensis","-","Rutaceae","Critically Endangered","Critically Endangered","Critically Endangered","","https://id.biodiversity.org.au/node/apni/2918880","Boronia inflexa subsp. torringtonensis","Boronia","Rutaceae","Sapindales","Equisetopsida","Charophyta","Plantae",,"exactMatch",
"Conostylis seorsiflora subsp. trichophylla","Conostylis seorsiflora subsp. trichophylla","Hairy Mat Conostylis","Haemodoraceae","Endangered","Endangered","Endangered","","https://id.biodiversity.org.au/node/apni/2890679","Conostylis seorsiflora subsp. trichophylla","Conostylis","Haemodoraceae","Commelinales","Equisetopsida","Charophyta","Plantae","Hairy Mat Conostylis","exactMatch",
"Thomasia gardneri","Thomasia gardneri","Mt Holland Thomasia","Sterculiaceae","Extinct","Extinct","Extinct","","https://id.biodiversity.org.au/node/apni/2891322","Thomasia gardneri","Thomasia","Malvaceae","Malvales","Equisetopsida","Charophyta","Plantae","Mt Holland Thomasia","exactMatch",
"Fontainea venosa","Fontainea venosa","-","Euphorbiaceae","Vulnerable","Vulnerable","Vulnerable","","https://id.biodiversity.org.au/node/apni/2905243","Fontainea venosa","Fontainea","Euphorbiaceae","Malpighiales","Equisetopsida","Charophyta","Plantae",,"exactMatch",
"Grevillea wilkinsonii","Grevillea wilkinsonii","Tumut Grevillea","Proteaceae","Critically Endangered","Critically Endangered","Critically Endangered","","https://id.biodiversity.org.au/node/apni/2905624","Grevillea wilkinsonii","Grevillea","Proteaceae","Proteales","Equisetopsida","Charophyta","Plantae","Tumut Grevillea","exactMatch",
"Aipysurus foliosquama","Aipysurus foliosquama","Leaf-scaled Sea Snake, Leaf-scaled Seasnake","Elapidae","Critically Endangered","Critically Endangered","Critically Endangered","","https://biodiversity.org.au/afd/taxa/69884ea9-fd20-41f0-8109-f9d2d91786ef","Aipysurus foliosquama","Aipysurus","Elapidae","Squamata","Reptilia","Chordata","Animalia","Leaf-scaled Sea Snake","exactMatch",
"Ozothamnus eriocephalus","Ozothamnus eriocephalus","-","Asteraceae","Vulnerable","Vulnerable","Vulnerable","","https://id.biodiversity.org.au/node/apni/2889090","Ozothamnus eriocephalus","Ozothamnus","Asteraceae","Asterales","Equisetopsida","Charophyta","Plantae",,"exactMatch",
"Grevillea shiressii","Grevillea shiressii","-","Proteaceae","Vulnerable","Vulnerable","Vulnerable","","https://id.biodiversity.org.au/node/apni/2906257","Grevillea shiressii","Grevillea","Proteaceae","Proteales","Equisetopsida","Charophyta","Plantae","Mullet Creek Grevillea","exactMatch",
"Litoria olongburensis","Litoria olongburensis","Wallum Sedge Frog","Pelodryadidae","Vulnerable","Vulnerable","Vulnerable","","https://biodiversity.org.au/afd/taxa/397effe0-0dd3-4f36-ae50-9bf890c854fe","Litoria olongburensis","Litoria","Pelodryadidae","Anura","Amphibia","Chordata","Animalia","Olongburra Frog","exactMatch",
"Thalassarche carteri","Thalassarche carteri","Indian Yellow-nosed  Albatross","Diomedeidae","Vulnerable","Vulnerable","Vulnerable","","https://biodiversity.org.au/afd/taxa/3191705d-10db-47a8-bbbf-1e232203bd22","Thalassarche carteri","Thalassarche","Diomedeidae","Procellariiformes","Aves","Chordata","Animalia","Indian Yellow-nosed Albatross","exactMatch",
"Tyto novaehollandiae melvillensis","Tyto novaehollandiae melvillensis","Tiwi Masked Owl, Tiwi Islands Masked Owl","Tytonidae","Endangered","Endangered","Endangered","","https://biodiversity.org.au/afd/taxa/b656fdb9-e0bc-4acb-ad99-5c6a57ae76a9","Tyto novaehollandiae melvillensis","Tyto","Tytonidae","Strigiformes","Aves","Chordata","Animalia","Tiwi Masked Owl","exactMatch",
"Lampropholis elongata","Lampropholis elongata","Long Sunskink","Scincidae","Critically Endangered","Critically Endangered","Critically Endangered","","https://biodiversity.org.au/afd/taxa/d4125414-0a5c-4e7c-9eea-d8582d85c83d","Lampropholis elongata","Lampropholis","Scincidae","Squamata","Reptilia","Chordata","Animalia","Long Sunskink","exactMatch",
"Dichanthium queenslandicum","Dichanthium queenslandicum","King Blue-grass","Poaceae","Endangered","Endangered","Endangered","","https://id.biodiversity.org.au/node/apni/2901362","Dichanthium queenslandicum","Dichanthium","Poaceae","Poales","Equisetopsida","Charophyta","Plantae","King Bluegrass","exactMatch",
"Macrozamia parcifolia","Macrozamia parcifolia","-","Zamiaceae","Vulnerable","Vulnerable","Vulnerable","","https://id.biodiversity.org.au/node/apni/2895445","Macrozamia parcifolia","Macrozamia","Zamiaceae","Cycadales","Equisetopsida","Charophyta","Plantae",,"exactMatch",
"Acacia ruppii","Acacia ruppii","Rupp's Wattle","Fabaceae","Endangered","Endangered","Endangered","","https://id.biodiversity.org.au/node/apni/2901189","Acacia ruppii","Acacia","Fabaceae","Fabales","Equisetopsida","Charophyta","Plantae","Rupp's Wattle","exactMatch",
"Budawangia gnidioides","Budawangia gnidioides","Budawangs Cliff-heath","Epacridaceae","Vulnerable","Vulnerable","Vulnerable","","https://id.biodiversity.org.au/taxon/apni/51283918","Epacris gnidioides","Epacris","Ericaceae","Ericales","Equisetopsida","Charophyta","Plantae","Budawangs Cliff-heath","exactMatch",
"Psophodes nigrogularis lashmari","Psophodes nigrogularis lashmari","Western Whipbird (Kangaroo Island)","Psophodidae","Endangered","Endangered","Endangered","","https://biodiversity.org.au/afd/taxa/55e18d27-0d27-4dde-91e2-95c4f5ff4e28","Psophodes (Phodopses) leucogaster lashmari","Psophodes","Psophodidae","Passeriformes","Aves","Chordata","Animalia",,"exactMatch",
"Eucalyptus stenostoma","Eucalyptus stenostoma","Jillaga Ash","Myrtaceae","Endangered","Endangered","Endangered","","https://id.biodiversity.org.au/node/apni/2903346","Eucalyptus stenostoma","Eucalyptus","Myrtaceae","Myrtales","Equisetopsida","Charophyta","Plantae","Jillaga Ash","exactMatch",
"Coeranoscincus reticulatus","Coeranoscincus reticulatus","Three-toed Snake-tooth Skink","Scincidae","Vulnerable","Vulnerable","Vulnerable","","https://biodiversity.org.au/afd/taxa/8eaed094-2c20-4a5b-815f-ffdd0dcb9647","Coeranoscincus reticulatus","Coeranoscincus","Scincidae","Squamata","Reptilia","Chordata","Animalia","Three-toed Snake-tooth Skink","exactMatch",
"Xenus cinereus","Xenus cinereus","Terek Sandpiper","Scolopacidae","Vulnerable","Vulnerable","Vulnerable","","https://biodiversity.org.au/afd/taxa/4090ad27-9c69-454d-aa47-23860b9ee50b","Xenus cinereus","Xenus","Scolopacidae","Charadriiformes","Aves","Chordata","Animalia","Terek Sandpiper","exactMatch",
"Tmesipteris lanceolata","Tmesipteris lanceolata","-","Psilotaceae","Extinct","Extinct","Extinct","","https://id.biodiversity.org.au/node/apni/2907902","Tmesipteris lanceolata","Tmesipteris","Psilotaceae","Psilotales","Equisetopsida","Charophyta","Plantae",,"exactMatch",
"Uvidicolus sphyrurus","Uvidicolus sphyrurus","Border Thick-tailed Gecko, Granite Belt Thick-tailed Gecko","Carphodactylidae","Vulnerable","Vulnerable","Vulnerable","","https://biodiversity.org.au/afd/taxa/8d138008-fe4e-45a0-934d-1858edcefb85","Uvidicolus sphyrurus","Uvidicolus","Carphodactylidae","Squamata","Reptilia","Chordata","Animalia","Granite Belt Thick-tailed Gecko","exactMatch",
"Melaleuca deanei","Melaleuca deanei","Deane's Melaleuca","Myrtaceae","Vulnerable","Vulnerable","Vulnerable","","https://id.biodiversity.org.au/node/apni/2916517","Melaleuca deanei","Melaleuca","Myrtaceae","Myrtales","Equisetopsida","Charophyta","Plantae","Deane's Paperbark","exactMatch",
"Acacia undoolyana","Acacia undoolyana","Undoolya Wattle, Sickle-leaf Wattle","Fabaceae","Vulnerable","Vulnerable","Vulnerable","","https://id.biodiversity.org.au/node/apni/2891259","Acacia undoolyana","Acacia","Fabaceae","Fabales","Equisetopsida","Charophyta","Plantae","Sickle-leaf Wattle","exactMatch",
"Lycopodium volubile","Lycopodium volubile","-","Lycopodiaceae","Extinct","Extinct","Extinct","","https://id.biodiversity.org.au/taxon/apni/51776347","Pseudodiphasium volubile","Pseudodiphasium","Lycopodiaceae","Lycopodiales","Equisetopsida","Charophyta","Plantae",,"exactMatch",
"Caladenia ovata","Caladenia ovata","Kangaroo Island Spider-orchid","Orchidaceae","Endangered","Endangered","Endangered","","https://id.biodiversity.org.au/taxon/apni/51399237","Caladenia ovata","Caladenia","Orchidaceae","Asparagales","Equisetopsida","Charophyta","Plantae","Kangaroo Island Spiderorchid","exactMatch",
"Leiocarpa gatesii","Leiocarpa gatesii","Wrinkled Buttons","Asteraceae","Vulnerable","Vulnerable","Vulnerable","","https://id.biodiversity.org.au/node/apni/2906350","Leiocarpa gatesii","Leiocarpa","Asteraceae","Asterales","Equisetopsida","Charophyta","Plantae","Wrinkled Buttons","exactMatch",
"Banksia nivea subsp. uliginosa","Banksia nivea subsp. uliginosa","Swamp Honeypot","Proteaceae","Endangered","Endangered","Endangered","","https://id.biodiversity.org.au/node/apni/2898488","Banksia nivea subsp. uliginosa","Banksia","Proteaceae","Proteales","Equisetopsida","Charophyta","Plantae","Swamp Honeypot","exactMatch",
"Boronia capitata subsp. capitata","Boronia capitata subsp. capitata","a shrub","Rutaceae","Endangered","Endangered","Endangered","","https://id.biodiversity.org.au/node/apni/2905903","Boronia capitata subsp. capitata","Boronia","Rutaceae","Sapindales","Equisetopsida","Charophyta","Plantae","Boronia","exactMatch",
"Euastacus gamilaroi","Euastacus gamilaroi","Gamilaroi Crayfish, Gamilaroi Spiny Crayfish, Hanging Rock Crayfish","Parastacidae","Endangered","Endangered","Endangered","","https://biodiversity.org.au/afd/taxa/2b4f99a2-acd3-49ac-ba13-eb45ef63cce9","Euastacus gamilaroi","Euastacus","Parastacidae","Decapoda","Malacostraca","Arthropoda","Animalia",,"exactMatch",
"Prasophyllum laxum","Prasophyllum laxum","Lax Leek Orchid","Orchidaceae","Critically Endangered","Critically Endangered","Critically Endangered","","https://id.biodiversity.org.au/taxon/apni/51795150","Prasophyllum laxum","Prasophyllum","Orchidaceae","Asparagales","Equisetopsida","Charophyta","Plantae","Lax Leek-orchid","exactMatch",
"Pherosphaera fitzgeraldii","Pherosphaera fitzgeraldii","Dwarf Mountain Pine","Podocarpaceae","Critically Endangered","Critically Endangered","Critically Endangered","","https://id.biodiversity.org.au/node/apni/2904619","Pherosphaera fitzgeraldii","Pherosphaera","Podocarpaceae","Pinales","Equisetopsida","Charophyta","Plantae","Dwarf Mountain Pine","exactMatch",
"Baloghia marmorata","Baloghia marmorata","Marbled Balogia, Jointed Baloghia","Euphorbiaceae","Vulnerable","Vulnerable","Vulnerable","","https://id.biodiversity.org.au/node/apni/2897440","Baloghia marmorata","Baloghia","Euphorbiaceae","Malpighiales","Equisetopsida","Charophyta","Plantae","Jointed Marbled Balogia","exactMatch",
"Eucalyptus hallii","Eucalyptus hallii","Goodwood Gum","Myrtaceae","Vulnerable","Vulnerable","Vulnerable","","https://id.biodiversity.org.au/taxon/apni/51782058","Eucalyptus hallii","Eucalyptus","Myrtaceae","Myrtales","Equisetopsida","Charophyta","Plantae","Goodwood Gum","exactMatch",
"Mitrella tiwiensis","Mitrella tiwiensis","a vine","Annonaceae","Vulnerable","Vulnerable","Vulnerable","","https://id.biodiversity.org.au/node/apni/2898128","Mitrella tiwiensis","Mitrella","Annonaceae","Magnoliales","Equisetopsida","Charophyta","Plantae","Mitrella","exactMatch",
"Galaxias gunaikurnai","Galaxias gunaikurnai","Shaw Galaxias","Galaxiidae","Critically Endangered","Critically Endangered","Critically Endangered","","https://biodiversity.org.au/afd/taxa/dd9ccbd9-2b23-4e64-8a68-ec70e2146770","Galaxias gunaikurnai","Galaxias","Galaxiidae","Salmoniformes","Actinopterygii","Chordata","Animalia","Shaw Galaxias","exactMatch",
"Hibiscus insularis","Hibiscus insularis","Phillip Island Hibiscus","Malvaceae","Critically Endangered","Critically Endangered","Critically Endangered","","https://id.biodiversity.org.au/node/apni/2902765","Hibiscus insularis","Hibiscus","Malvaceae","Malvales","Equisetopsida","Charophyta","Plantae","Phillip Island Hibiscus","exactMatch",
"Pterodroma leucoptera leucoptera","Pterodroma leucoptera leucoptera","Gould's Petrel, Australian Gould's Petrel","Procellariidae","Endangered","Endangered","Endangered","","https://biodiversity.org.au/afd/taxa/4bb0e17e-6745-4e74-b5e3-3204dce18a02","Pterodroma (Cookilaria) leucoptera","Pterodroma","Procellariidae","Procellariiformes","Aves","Chordata","Animalia","Gould's Petrel","exactMatch",
"Euastacus armatus","Euastacus armatus","Murray Crayfish","Parastacidae","Vulnerable","Vulnerable","Vulnerable","","https://biodiversity.org.au/afd/taxa/1d139479-3450-4c0d-9d69-652e86dd8706","Euastacus armatus","Euastacus","Parastacidae","Decapoda","Malacostraca","Arthropoda","Animalia","Murray Cray","exactMatch",
"Eucalyptus crucis subsp. crucis","Eucalyptus crucis subsp. crucis","Silver Mallee","Myrtaceae","Vulnerable","Vulnerable","Vulnerable","","https://id.biodiversity.org.au/node/apni/2899782","Eucalyptus crucis subsp. crucis","Eucalyptus","Myrtaceae","Myrtales","Equisetopsida","Charophyta","Plantae","Silver Mallee","exactMatch",
"Gallinago hardwickii","Gallinago hardwickii","Latham's Snipe, Japanese Snipe","Scolopacidae","Vulnerable","Vulnerable","Vulnerable","","https://biodiversity.org.au/afd/taxa/5c1957dc-0780-47cb-9c89-0498340c1e62","Gallinago (Gallinago) hardwickii","Gallinago","Scolopacidae","Charadriiformes","Aves","Chordata","Animalia","Latham's Snipe","exactMatch",
"Melaleuca sciotostyla","Melaleuca sciotostyla","Wongan Melaleuca","Myrtaceae","Endangered","Endangered","Endangered","","https://id.biodiversity.org.au/node/apni/2914957","Melaleuca sciotostyla","Melaleuca","Myrtaceae","Myrtales","Equisetopsida","Charophyta","Plantae","Wongan Melaleuca","exactMatch",
"Daviesia megacalyx","Daviesia megacalyx","Long-sepalled Daviesia","Fabaceae","Endangered","Endangered","Endangered","","https://id.biodiversity.org.au/node/apni/2905192","Daviesia megacalyx","Daviesia","Fabaceae","Fabales","Equisetopsida","Charophyta","Plantae","Longsepalled Daviesia","exactMatch",
"Gardenia psidioides","Gardenia psidioides","Hann Gardenia","Rubiaceae","Vulnerable","Vulnerable","Vulnerable","","https://id.biodiversity.org.au/taxon/apni/51293932","Gardenia psidioides","Gardenia","Rubiaceae","Gentianales","Equisetopsida","Charophyta","Plantae","Hann Gardenia","exactMatch",
"Lepidium monoplocoides","Lepidium monoplocoides","Winged Pepper-cress","Brassicaceae","Endangered","Endangered","Endangered","","https://id.biodiversity.org.au/node/apni/2898274","Lepidium monoplocoides","Lepidium","Brassicaceae","Brassicales","Equisetopsida","Charophyta","Plantae","Winged Peppercress","exactMatch",
"Pteropus conspicillatus","Pteropus conspicillatus","Spectacled Flying-fox","Pteropodidae","Endangered","Endangered","Endangered","","https://biodiversity.org.au/afd/taxa/836c6dcc-7c82-42d0-84c8-aa90c4438114","Pteropus conspicillatus","Pteropus","Pteropodidae","Chiroptera","Mammalia","Chordata","Animalia","Spectacled Flying-fox","exactMatch",
"Eucalyptus leprophloia","Eucalyptus leprophloia","Scaly Butt Mallee, Scaly-butt Mallee","Myrtaceae","Endangered","Endangered","Endangered","","https://id.biodiversity.org.au/node/apni/2896677","Eucalyptus leprophloia","Eucalyptus","Myrtaceae","Myrtales","Equisetopsida","Charophyta","Plantae","Scaly Butt Mallee","exactMatch",
"Solanum johnsonianum","Solanum johnsonianum","-","Solanaceae","Endangered","Endangered","Endangered","","https://id.biodiversity.org.au/node/apni/2905785","Solanum johnsonianum","Solanum","Solanaceae","Solanales","Equisetopsida","Charophyta","Plantae",,"exactMatch",
"Thersites mitchellae","Thersites mitchellae","Mitchell's Rainforest Snail","Camaenidae","Critically Endangered","Critically Endangered","Critically Endangered","","https://biodiversity.org.au/afd/taxa/9256a004-d30f-45e6-b71d-15ddd204df6a","Thersites mitchellae","Thersites","Camaenidae","Stylommatophora","Gastropoda","Mollusca","Animalia","Mitchell's Rainforest Snail","exactMatch",
"Pterostylis vernalis","Pterostylis vernalis","Halbury Rustyhood","Orchidaceae","Critically Endangered","Critically Endangered","Critically Endangered","","https://id.biodiversity.org.au/taxon/apni/51412434","Pterostylis vernalis","Pterostylis","Orchidaceae","Asparagales","Equisetopsida","Charophyta","Plantae","Halbury Rustyhood","exactMatch",
"Randia moorei","Randia moorei","Spiny Gardenia","Rubiaceae","Endangered","Endangered","Endangered","","https://id.biodiversity.org.au/node/apni/2921225","Randia moorei","Randia","Rubiaceae","Gentianales","Equisetopsida","Charophyta","Plantae","Spiny Gardenia","exactMatch",
"Thelymitra variegata","Thelymitra variegata","Queen of Sheba","Orchidaceae","Critically Endangered","Critically Endangered","Critically Endangered","","https://id.biodiversity.org.au/taxon/apni/51414432","Thelymitra variegata","Thelymitra","Orchidaceae","Asparagales","Equisetopsida","Charophyta","Plantae","Queen Of Sheba","exactMatch",
"Antechinus arktos","Antechinus arktos","Black-tailed Antechinus","Dasyuridae","Endangered","Endangered","Endangered","","https://biodiversity.org.au/afd/taxa/27d0a357-0b52-4304-8dad-f354a8bf3c72","Antechinus arktos","Antechinus","Dasyuridae","Dasyuromorphia","Mammalia","Chordata","Animalia","Black-tailed Antechinus","exactMatch",
"Epacris exserta","Epacris exserta","South Esk Heath","Epacridaceae","Endangered","Endangered","Endangered","","https://id.biodiversity.org.au/node/apni/2893201","Epacris exserta","Epacris","Ericaceae","Ericales","Equisetopsida","Charophyta","Plantae","South Esk Heath","exactMatch",
"Euastacus jagabar","Euastacus jagabar","Blue-black Crayfish","Parastacidae","Critically Endangered","Critically Endangered","Critically Endangered","","https://biodiversity.org.au/afd/taxa/773949e2-9a9c-4e6a-97d0-0d7f93082deb","Euastacus jagabar","Euastacus","Parastacidae","Decapoda","Malacostraca","Arthropoda","Animalia",,"exactMatch",
"Hibbertia marginata","Hibbertia marginata","-","Dilleniaceae","Vulnerable","Vulnerable","Vulnerable","","https://id.biodiversity.org.au/node/apni/2916141","Hibbertia marginata","Hibbertia","Dilleniaceae",,"Equisetopsida","Charophyta","Plantae","Bordered Guinea Flower","exactMatch",
"Saccolaimus saccolaimus nudicluniatus","Saccolaimus saccolaimus nudicluniatus","Bare-rumped Sheath-tailed Bat, Bare-rumped Sheathtail Bat","Emballonuridae","Vulnerable","Vulnerable","Vulnerable","","https://biodiversity.org.au/afd/taxa/1dd2fde9-3f0a-4f3e-a19c-1cd2b57e4f90","Saccolaimus saccolaimus nudicluniatus","Saccolaimus","Emballonuridae","Chiroptera","Mammalia","Chordata","Animalia","Bare-rumped Sheathtail Bat","exactMatch",
"Cyathea exilis","Cyathea exilis","a tree-fern","Cyatheaceae","Endangered","Endangered","Endangered","","https://id.biodiversity.org.au/taxon/apni/51434278","Cyathea exilis","Cyathea","Cyatheaceae","Cyatheales","Equisetopsida","Charophyta","Plantae",,"exactMatch",
"Prasophyllum pulchellum","Prasophyllum pulchellum","Pretty Leek-orchid","Orchidaceae","Critically Endangered","Critically Endangered","Critically Endangered","","https://id.biodiversity.org.au/taxon/apni/51795254","Prasophyllum pulchellum","Prasophyllum","Orchidaceae","Asparagales","Equisetopsida","Charophyta","Plantae","Pretty Leekorchid","exactMatch",
"Asplenium pellucidum","Asplenium pellucidum","-","Aspleniaceae","Vulnerable","Vulnerable","Vulnerable","","https://id.biodiversity.org.au/node/apni/2898113","Asplenium pellucidum","Asplenium","Aspleniaceae","Polypodiales","Equisetopsida","Charophyta","Plantae",,"exactMatch",
"Antechinus bellus","Antechinus bellus","Fawn Antechinus","Dasyuridae","Vulnerable","Vulnerable","Vulnerable","","https://biodiversity.org.au/afd/taxa/0f438409-f71b-40f5-954a-6c9e49629473","Antechinus bellus","Antechinus","Dasyuridae","Dasyuromorphia","Mammalia","Chordata","Animalia","Fawn Antechinus","exactMatch",
"Boronia exilis","Boronia exilis","Scott River Boronia","Rutaceae","Endangered","Endangered","Endangered","","https://id.biodiversity.org.au/node/apni/2912572","Boronia exilis","Boronia","Rutaceae","Sapindales","Equisetopsida","Charophyta","Plantae","Scott River Boronia","exactMatch",
"Elusor macrurus","Elusor macrurus","Mary River Turtle, Mary River Tortoise","Chelidae","Critically Endangered","Critically Endangered","Critically Endangered","","https://biodiversity.org.au/afd/taxa/d315deea-822c-4f2c-b439-da33d6af5fd6","Elusor macrurus","Elusor","Chelidae","Testudines","Reptilia","Chordata","Animalia","Mary River Turtle","exactMatch",
"Cophixalus neglectus","Cophixalus neglectus","Neglected Frog, Bellenden Ker Nursery-frog","Microhylidae","Critically Endangered","Critically Endangered","Critically Endangered","","https://biodiversity.org.au/afd/taxa/6eb0c964-bb32-4e1a-8e5b-036e686790b1","Cophixalus neglectus","Cophixalus","Microhylidae","Anura","Amphibia","Chordata","Animalia","Neglected Frog","exactMatch",
"Pterostylis pulchella","Pterostylis pulchella","Pretty Greenhood","Orchidaceae","Vulnerable","Vulnerable","Vulnerable","","https://id.biodiversity.org.au/taxon/apni/51412286","Pterostylis pulchella","Pterostylis","Orchidaceae","Asparagales","Equisetopsida","Charophyta","Plantae","Waterfall Greenhood","exactMatch",
"Sousa sahulensis","Sousa sahulensis","Australian Humpback Dolphin","Delphinidae","Vulnerable","Vulnerable","Vulnerable","","https://biodiversity.org.au/afd/taxa/4deec9e6-772f-41c6-8910-1a17eef68598","Sousa sahulensis","Sousa","Delphinidae","Artiodactyla","Mammalia","Chordata","Animalia","Australian Hump-backed Dolphin","exactMatch",
"Habenaria maccraithii","Habenaria maccraithii","Whiskered Rein Orchid","Orchidaceae","Endangered","Endangered","Endangered","","https://id.biodiversity.org.au/taxon/apni/51406329","Habenaria maccraithii","Habenaria","Orchidaceae","Asparagales","Equisetopsida","Charophyta","Plantae","Whiskered Rein Orchid","exactMatch",
"Pittosporum kororoense","Pittosporum kororoense","Big Banana Pittosporum","Pittosporaceae","Critically Endangered","Critically Endangered","Critically Endangered","","https://id.biodiversity.org.au/name/apni/51734387","Pittosporum kororoense","Pittosporum","Pittosporaceae","Apiales","Equisetopsida","Charophyta","Plantae","Big Banana Pittosporum","exactMatch",
"Caladenia thysanochila","Caladenia thysanochila","Fringed Spider-orchid","Orchidaceae","Endangered","Endangered","Endangered","","https://id.biodiversity.org.au/taxon/apni/51399410","Caladenia thysanochila","Caladenia","Orchidaceae","Asparagales","Equisetopsida","Charophyta","Plantae","Fringed Spiderorchid","exactMatch",
"Caladenia excelsa","Caladenia excelsa","Giant Spider-orchid","Orchidaceae","Endangered","Endangered","Endangered","","https://id.biodiversity.org.au/taxon/apni/51398986","Caladenia excelsa","Caladenia","Orchidaceae","Asparagales","Equisetopsida","Charophyta","Plantae","Giant Spider Orchid","exactMatch",
"Litoria myola","Litoria myola","Kuranda Tree Frog","Pelodryadidae","Critically Endangered","Critically Endangered","Critically Endangered","","https://biodiversity.org.au/afd/taxa/751db3c4-976d-4979-89f7-175755c11bda","Litoria myola","Litoria","Pelodryadidae","Anura","Amphibia","Chordata","Animalia","Kuranda Tree Frog","exactMatch",
"Pterostylis X aenigma","Pterostylis X aenigma","Enigmatic Greenhood","Orchidaceae","Endangered","Endangered","Endangered","","https://id.biodiversity.org.au/taxon/apni/51411996","Pterostylis x aenigma","Pterostylis","Orchidaceae","Asparagales","Equisetopsida","Charophyta","Plantae","Enigmatic Greenhood","exactMatch",
"Geocrinia vitellina","Geocrinia vitellina","Orange-bellied Frog","Myobatrachidae","Vulnerable","Vulnerable","Vulnerable","","https://biodiversity.org.au/afd/taxa/c62c4ff4-b02a-42fc-9585-6dc19557fc3c","Anstisia vitellina","Anstisia","Myobatrachidae","Anura","Amphibia","Chordata","Animalia","Orange-bellied Froglet","exactMatch",
"Verticordia plumosa var. vassensis","Verticordia plumosa var. vassensis","Vasse Featherflower","Myrtaceae","Endangered","Endangered","Endangered","","https://id.biodiversity.org.au/node/apni/2887055","Verticordia plumosa var. vassensis","Verticordia","Myrtaceae","Myrtales","Equisetopsida","Charophyta","Plantae","Vasse Featherflower","exactMatch",
"Atrichornis rufescens","Atrichornis rufescens","Rufous Scrub-bird","Atrichornithidae","Endangered","Endangered","Endangered","","https://biodiversity.org.au/afd/taxa/a0a03328-a019-4b4d-93d5-b51933d26adc","Atrichornis (Atrichornis) rufescens","Atrichornis","Atrichornithidae","Passeriformes","Aves","Chordata","Animalia","Rufous Scrub-bird","exactMatch",
"Bulbophyllum gracillimum","Bulbophyllum gracillimum","Wispy Umbrella Orchid","Orchidaceae","Vulnerable","Vulnerable","Vulnerable","","https://id.biodiversity.org.au/taxon/apni/51396337","Bulbophyllum gracillimum","Bulbophyllum","Orchidaceae","Asparagales","Equisetopsida","Charophyta","Plantae","Wispy Umbrella Orchid","exactMatch",
"Androcalva beeronensis","Androcalva beeronensis","-","Malvaceae","Critically Endangered","Critically Endangered","Critically Endangered","","https://id.biodiversity.org.au/node/apni/2917452","Androcalva beeronensis","Androcalva","Malvaceae","Malvales","Equisetopsida","Charophyta","Plantae",,"exactMatch",
"Eucalyptus recta","Eucalyptus recta","Silver Mallet","Myrtaceae","Endangered","Endangered","Endangered","","https://id.biodiversity.org.au/node/apni/2897107","Eucalyptus recta","Eucalyptus","Myrtaceae","Myrtales","Equisetopsida","Charophyta","Plantae","Mt Yule Silver Mallet","exactMatch",
"Hensmania chapmanii","Hensmania chapmanii","Chapman's Hensmania","Liliaceae","Vulnerable","Vulnerable","Vulnerable","","https://id.biodiversity.org.au/node/apni/2887004","Hensmania chapmanii","Hensmania","Hemerocallidaceae","Asparagales","Equisetopsida","Charophyta","Plantae","Chapman's Hensmania","exactMatch",
"Asterolasia beckersii","Asterolasia beckersii","Dungowan Starbush","Rutaceae","Critically Endangered","Critically Endangered","Critically Endangered","","https://id.biodiversity.org.au/taxon/apni/51344514","Asterolasia beckersii","Asterolasia","Rutaceae","Sapindales","Equisetopsida","Charophyta","Plantae","Dungowan Starbush","exactMatch",
"Potorous longipes","Potorous longipes","Long-footed Potoroo","Potoroidae","Endangered","Endangered","Endangered","","https://biodiversity.org.au/afd/taxa/19ef682c-bb52-4f0f-962e-391fffc4f984","Potorous longipes","Potorous","Potoroidae","Diprotodontia","Mammalia","Chordata","Animalia","Long-footed Potoroo","exactMatch",
"Actephila foetida","Actephila foetida","-","Euphorbiaceae","Vulnerable","Vulnerable","Vulnerable","","https://id.biodiversity.org.au/node/apni/2896535","Actephila foetida","Actephila","Phyllanthaceae","Malpighiales","Equisetopsida","Charophyta","Plantae",,"exactMatch",
"Dipodium pictum","Dipodium pictum","-","Orchidaceae","Endangered","Endangered","Endangered","","https://id.biodiversity.org.au/taxon/apni/51403395","Dipodium pictum","Dipodium","Orchidaceae","Asparagales","Equisetopsida","Charophyta","Plantae",,"exactMatch",
"Euphrasia semipicta","Euphrasia semipicta","Peninsula Eyebright","Scrophulariaceae","Endangered","Endangered","Endangered","","https://id.biodiversity.org.au/node/apni/2905452","Euphrasia semipicta","Euphrasia","Scrophulariaceae","Lamiales","Equisetopsida","Charophyta","Plantae","Peninsula Eyebright","exactMatch",
"Sarcochilus weinthalii","Sarcochilus weinthalii","Blotched Sarcochilus, Weinthals Sarcanth","Orchidaceae","Vulnerable","Vulnerable","Vulnerable","","https://id.biodiversity.org.au/taxon/apni/51413251","Sarcochilus weinthalii","Sarcochilus","Orchidaceae","Asparagales","Equisetopsida","Charophyta","Plantae","Blotched Sarcochilus","exactMatch",
"Epacris hamiltonii","Epacris hamiltonii","-","Epacridaceae","Endangered","Endangered","Endangered","","https://id.biodiversity.org.au/node/apni/2912978","Epacris hamiltonii","Epacris","Ericaceae","Ericales","Equisetopsida","Charophyta","Plantae",,"exactMatch",
"Ctenophorus yinnietharra","Ctenophorus yinnietharra","Yinnietharra Rock-Dragon","Agamidae","Vulnerable","Vulnerable","Vulnerable","","https://biodiversity.org.au/afd/taxa/a5d53376-7cf7-4893-8a5a-3ecc11eb846c","Ctenophorus yinnietharra","Ctenophorus","Agamidae","Squamata","Reptilia","Chordata","Animalia","Yinnietharra Rock Dragon","exactMatch",
"Euastacus maccai","Euastacus maccai","Terrestrial Crayfish","Parastacidae","Endangered","Endangered","Endangered","","https://biodiversity.org.au/afd/taxa/d33b3173-603b-4183-847e-c2ee1cc4df3e","Euastacus maccai","Euastacus","Parastacidae","Decapoda","Malacostraca","Arthropoda","Animalia",,"exactMatch",
"Lastreopsis calantha","Lastreopsis calantha","Shield-fern, Shieldfern","Dryopteridaceae","Endangered","Endangered","Endangered","","https://id.biodiversity.org.au/taxon/apni/51764776","Parapolystichum calanthum","Parapolystichum","Dryopteridaceae","Polypodiales","Equisetopsida","Charophyta","Plantae",,"exactMatch",
"Caladenia formosa","Caladenia formosa","Elegant Spider-orchid, Blood-red Spider-orchid","Orchidaceae","Vulnerable","Vulnerable","Vulnerable","","https://id.biodiversity.org.au/taxon/apni/51399030","Caladenia formosa","Caladenia","Orchidaceae","Asparagales","Equisetopsida","Charophyta","Plantae","Elegant Spider-orchid","exactMatch",
"Pseudophryne corroboree","Pseudophryne corroboree","Southern Corroboree Frog","Myobatrachidae","Critically Endangered","Critically Endangered","Critically Endangered","","https://biodiversity.org.au/afd/taxa/2c409774-c534-4a3a-b61a-d95964b98a37","Pseudophryne corroboree","Pseudophryne","Myobatrachidae","Anura","Amphibia","Chordata","Animalia","Southern Corroboree Frog","exactMatch",
"Homoranthus bebo","Homoranthus bebo","-","Myrtaceae","Critically Endangered","Critically Endangered","Critically Endangered","","https://id.biodiversity.org.au/node/apni/2910998","Homoranthus bebo","Homoranthus","Myrtaceae","Myrtales","Equisetopsida","Charophyta","Plantae",,"exactMatch",
"Caladenia lowanensis","Caladenia lowanensis","Wimmera Spider-orchid","Orchidaceae","Endangered","Endangered","Endangered","","https://id.biodiversity.org.au/taxon/apni/51399177","Caladenia lowanensis","Caladenia","Orchidaceae","Asparagales","Equisetopsida","Charophyta","Plantae","Wimmera Spider-orchid","exactMatch",
"Eremophila denticulata subsp. trisulcata","Eremophila denticulata subsp. trisulcata","Cumquat Eremophila","Myoporaceae","Endangered","Endangered","Endangered","","https://id.biodiversity.org.au/node/apni/2911733","Eremophila denticulata subsp. trisulcata","Eremophila","Scrophulariaceae","Lamiales","Equisetopsida","Charophyta","Plantae","Cumquat Eremophila","exactMatch",
"Notelaea lloydii","Notelaea lloydii","Lloyd's Olive","Oleaceae","Vulnerable","Vulnerable","Vulnerable","","https://id.biodiversity.org.au/taxon/apni/51290456","Notelaea lloydii","Notelaea","Oleaceae","Lamiales","Equisetopsida","Charophyta","Plantae","Lloyd's Native Olive","exactMatch",
"Prasophyllum limnetes","Prasophyllum limnetes","Marsh Leek-orchid","Orchidaceae","Critically Endangered","Critically Endangered","Critically Endangered","","https://id.biodiversity.org.au/taxon/apni/51795153","Prasophyllum limnetes","Prasophyllum","Orchidaceae","Asparagales","Equisetopsida","Charophyta","Plantae","Marsh Leekorchid","exactMatch",
"Lasiopetalum longistamineum","Lasiopetalum longistamineum","-","Sterculiaceae","Vulnerable","Vulnerable","Vulnerable","","https://id.biodiversity.org.au/node/apni/2909122","Lasiopetalum longistamineum","Lasiopetalum","Malvaceae","Malvales","Equisetopsida","Charophyta","Plantae",,"exactMatch",
"Desmodium acanthocladum","Desmodium acanthocladum","Thorny Pea","Fabaceae","Vulnerable","Vulnerable","Vulnerable","","https://id.biodiversity.org.au/taxon/apni/51436253","Pedleya acanthoclada","Pedleya","Fabaceae","Fabales","Equisetopsida","Charophyta","Plantae",,"exactMatch",
"Manorina melanotis","Manorina melanotis","Black-eared Miner","Meliphagidae","Endangered","Endangered","Endangered","","https://biodiversity.org.au/afd/taxa/ca7db878-07f9-4c93-a611-5d0aa7dcf594","Manorina (Myzantha) melanotis","Manorina","Meliphagidae","Passeriformes","Aves","Chordata","Animalia","Black-eared Miner","exactMatch",
"Cherax tenuimanus","Cherax tenuimanus","Hairy Marron, Margaret River Hairy Marron, Margaret River Marron","Parastacidae","Critically Endangered","Critically Endangered","Critically Endangered","","https://biodiversity.org.au/afd/taxa/7a89ce97-069c-4d8e-a632-4629cb6faa58","Cherax tenuimanus","Cherax","Parastacidae","Decapoda","Malacostraca","Arthropoda","Animalia","Yabbies","exactMatch",
"Anthochaera chrysoptera halmaturina","Anthochaera chrysoptera halmaturina","Kangaroo Island Little Wattlebird","Meliphagidae","Vulnerable","Vulnerable","Vulnerable","","https://biodiversity.org.au/afd/taxa/3fbe55ce-7637-4abd-a61e-7100f6267f4e","Anthochaera (Anellobia) chrysoptera halmaturina","Anthochaera","Meliphagidae","Passeriformes","Aves","Chordata","Animalia","Kangaroo Island Little Wattlebird","exactMatch",
"Haloragodendron lucasii","Haloragodendron lucasii","Hal","Haloragaceae","Endangered","Endangered","Endangered","","https://id.biodiversity.org.au/taxon/apni/51437593","Haloragodendron lucasii","Haloragodendron","Haloragaceae","Saxifragales","Equisetopsida","Charophyta","Plantae","Hal","exactMatch",
"Mordacia praecox","Mordacia praecox","Non-parasitic Lamprey, Precocious Lamprey","Mordaciidae","Endangered","Endangered","Endangered","","https://biodiversity.org.au/afd/taxa/10ae61a2-ed8d-402f-94fa-dc9846094763","Mordacia praecox","Mordacia","Mordaciidae","Petromyzontiformes",,"Chordata","Animalia","Non-parasitic Lamprey","exactMatch",
"Stylidium asymmetricum","Stylidium asymmetricum","Asymmetric Triggerplant","Stylidiaceae","Endangered","Endangered","Endangered","","https://id.biodiversity.org.au/node/apni/7982316","Stylidium asymmetricum","Stylidium","Stylidiaceae","Asterales","Equisetopsida","Charophyta","Plantae","Asymmetric Triggerplant","exactMatch",
"Prostanthera albohirta","Prostanthera albohirta","-","Lamiaceae","Critically Endangered","Critically Endangered","Critically Endangered","","https://id.biodiversity.org.au/node/apni/2905401","Prostanthera albohirta","Prostanthera","Lamiaceae","Lamiales","Equisetopsida","Charophyta","Plantae",,"exactMatch",
"Philoria kundagungan","Philoria kundagungan","Mountain Frog","Limnodynastidae","Endangered","Endangered","Endangered","","https://biodiversity.org.au/afd/taxa/3d517625-8e5e-4e37-97d5-71c4d2c2052b","Philoria kundagungan","Philoria","Limnodynastidae","Anura","Amphibia","Chordata","Animalia","Mountain Frog","exactMatch",
"Adenanthos eyrei","Adenanthos eyrei","Toolinna Adenanthos","Proteaceae","Endangered","Endangered","Endangered","","https://id.biodiversity.org.au/node/apni/2913287","Adenanthos eyrei","Adenanthos","Proteaceae","Proteales","Equisetopsida","Charophyta","Plantae","Toolinna Adenanthos","exactMatch",
"Zieria bifida","Zieria bifida","-","Rutaceae","Endangered","Endangered","Endangered","","https://id.biodiversity.org.au/node/apni/2895613","Zieria bifida","Zieria","Rutaceae","Sapindales","Equisetopsida","Charophyta","Plantae",,"exactMatch",
"Numenius madagascariensis","Numenius madagascariensis","Eastern Curlew, Far Eastern Curlew","Scolopacidae","Critically Endangered","Critically Endangered","Critically Endangered","","https://biodiversity.org.au/afd/taxa/5ff29bca-f02f-468f-9f96-9ae956015e01","Numenius (Numenius) madagascariensis","Numenius","Scolopacidae","Charadriiformes","Aves","Chordata","Animalia","Eastern Curlew","exactMatch",
"Bettongia penicillata penicillata","Bettongia penicillata penicillata","Brush-tailed Bettong (central and south-east), Brush-tailed Bettong (south-east mainland)","Potoroidae","Extinct","Extinct","Extinct","","https://biodiversity.org.au/afd/taxa/fc90eb47-4201-487d-9882-7bdffe1e25f6","Bettongia penicillata penicillata","Bettongia","Potoroidae","Diprotodontia","Mammalia","Chordata","Animalia","Brushtailed Bettong","exactMatch",
"Euastacus simplex","Euastacus simplex","Simple Crayfish, Small Mountain Crayfish","Parastacidae","Endangered","Endangered","Endangered","","https://biodiversity.org.au/afd/taxa/10b4838c-82a1-49ae-a355-444602c006e2","Euastacus simplex","Euastacus","Parastacidae","Decapoda","Malacostraca","Arthropoda","Animalia",,"exactMatch",
"Zearaja maugeana","Zearaja maugeana","Maugean Skate, Port Davey Skate","Rajidae","Endangered","Endangered","Endangered","","https://biodiversity.org.au/afd/taxa/1f3bf926-fd49-436c-9e1f-a71a2a3e3d6f","Zearaja maugeana","Zearaja","Rajidae","Rajiformes","Chondrichthyes","Chordata","Animalia","Maugean Skate","exactMatch",
"Caladenia gladiolata","Caladenia gladiolata","Bayonet Spider-orchid, Clubbed Spider-orchid","Orchidaceae","Endangered","Endangered","Endangered","","https://id.biodiversity.org.au/taxon/apni/51399046","Caladenia gladiolata","Caladenia","Orchidaceae","Asparagales","Equisetopsida","Charophyta","Plantae","Bayonet Spiderorchid","exactMatch",
"Veronica ciliolata","Veronica ciliolata","Ciliolate Hebe","Scrophulariaceae","Vulnerable","Vulnerable","Vulnerable","","https://id.biodiversity.org.au/node/apni/2892256","Veronica ciliolata","Veronica","Plantaginaceae","Lamiales","Equisetopsida","Charophyta","Plantae","Ciliolate Hebe","exactMatch",
"Amytornis modestus","Amytornis modestus","Thick-billed Grasswren","Maluridae","Vulnerable","Vulnerable","Vulnerable","","https://biodiversity.org.au/afd/taxa/cfb67754-ed3f-4612-92bf-4753d23d49f0","Amytornis (Amytornis) modestus","Amytornis","Maluridae","Passeriformes","Aves","Chordata","Animalia","Thick-billed Grasswren","exactMatch",
"Tomophyllum walleri","Tomophyllum walleri","-","Grammitidaceae","Vulnerable","Vulnerable","Vulnerable","","https://id.biodiversity.org.au/node/apni/7801209","Ctenopteris walleri","Ctenopteris","Polypodiaceae","Polypodiales","Equisetopsida","Charophyta","Plantae",,"exactMatch",
"Melicytus ramiflorus subsp. oblongifolius","Melicytus ramiflorus subsp. oblongifolius","Whiteywood, a tree","Violaceae","Vulnerable","Vulnerable","Vulnerable","","https://id.biodiversity.org.au/node/apni/2899859","Melicytus ramiflorus subsp. oblongifolius","Melicytus","Violaceae","Malpighiales","Equisetopsida","Charophyta","Plantae","A Tree","exactMatch",
"Eremophila virens","Eremophila virens","Campion Eremophila, Green-flowered Emu bush","Myoporaceae","Endangered","Endangered","Endangered","","https://id.biodiversity.org.au/node/apni/2913110","Eremophila virens","Eremophila","Scrophulariaceae","Lamiales","Equisetopsida","Charophyta","Plantae","Campion Eremophila","exactMatch",
"Macrozamia macdonnellii","Macrozamia macdonnellii","MacDonnell Ranges Cycad","Zamiaceae","Vulnerable","Vulnerable","Vulnerable","","https://id.biodiversity.org.au/node/apni/2917134","Macrozamia macdonnellii","Macrozamia","Zamiaceae","Cycadales","Equisetopsida","Charophyta","Plantae","Macdonnell Ranges Cycad","exactMatch",
"Pedionomus torquatus","Pedionomus torquatus","Plains-wanderer","Pedionomidae","Critically Endangered","Critically Endangered","Critically Endangered","","https://biodiversity.org.au/afd/taxa/30b4b2e5-0d5b-46cb-bddb-a2137a35fa2c","Pedionomus torquatus","Pedionomus","Pedionomidae","Charadriiformes","Aves","Chordata","Animalia","Plains Wanderer","exactMatch",
"Grevillea guthrieana","Grevillea guthrieana","-","Proteaceae","Endangered","Endangered","Endangered","","https://id.biodiversity.org.au/node/apni/2919067","Grevillea guthrieana","Grevillea","Proteaceae","Proteales","Equisetopsida","Charophyta","Plantae","Guthrie's Grevillea","exactMatch",
"Assa wollumbin","Assa wollumbin","Mount Wollumbin Hip-pocket Frog, Wollumbin Pouched Frog","Myobatrachidae","Critically Endangered","Critically Endangered","Critically Endangered","","https://biodiversity.org.au/afd/taxa/21c498a1-8389-4119-aaa3-082637aaa697","Assa wollumbin","Assa","Myobatrachidae","Anura","Amphibia","Chordata","Animalia","Mount Wollumbin Hip-pocket Frog","exactMatch",
"Hemiaspis damelii","Hemiaspis damelii","Grey Snake","Elapidae","Endangered","Endangered","Endangered","","https://biodiversity.org.au/afd/taxa/38b3394e-7f8c-46f4-a5b0-773aee68c0be","Hemiaspis damelii","Hemiaspis","Elapidae","Squamata","Reptilia","Chordata","Animalia","Grey Snake","exactMatch",
"Petaurus australis Wet Tropics subspecies","Petaurus australis Wet Tropics subspecies","Yellow-bellied Glider (Wet Tropics), Fluffy Glider","Petauridae","Endangered","Endangered","Endangered","","https://biodiversity.org.au/afd/taxa/b417477e-dde3-4418-94ae-06bc82fe6883","Petaurus australis brevirostrum","Petaurus","Petauridae","Diprotodontia","Mammalia","Chordata","Animalia",,"exactMatch",
"Darwinia collina","Darwinia collina","Yellow Mountain Bell","Myrtaceae","Critically Endangered","Critically Endangered","Critically Endangered","","https://id.biodiversity.org.au/node/apni/2895666","Darwinia collina","Darwinia","Myrtaceae","Myrtales","Equisetopsida","Charophyta","Plantae","Yellow Mountain Bell","exactMatch",
"Pomaderris pilifera subsp. talpicutica","Pomaderris pilifera subsp. talpicutica","Moleskin Dogwood","Rhamnaceae","Vulnerable","Vulnerable","Vulnerable","","https://id.biodiversity.org.au/node/apni/2897322","Pomaderris pilifera subsp. talpicutica","Pomaderris","Rhamnaceae","Rosales","Equisetopsida","Charophyta","Plantae","Moleskin Dogwood","exactMatch",
"Westringia rupicola","Westringia rupicola","-","Lamiaceae","Vulnerable","Vulnerable","Vulnerable","","https://id.biodiversity.org.au/node/apni/2920384","Westringia rupicola","Westringia","Lamiaceae","Lamiales","Equisetopsida","Charophyta","Plantae",,"exactMatch",
"Caretta caretta","Caretta caretta","Loggerhead Turtle","Cheloniidae","Endangered","Endangered","Endangered","","https://biodiversity.org.au/afd/taxa/910b27e8-19c3-4194-b55a-fd95a80ccdf9","Caretta caretta","Caretta","Cheloniidae","Testudines","Reptilia","Chordata","Animalia","Loggerhead Turtle","exactMatch",
"Limosa lapponica baueri","Limosa lapponica baueri","Nunivak Bar-tailed Godwit, Western Alaskan Bar-tailed Godwit","Scolopacidae","Endangered","Endangered","Endangered","","https://biodiversity.org.au/afd/taxa/0ba19a99-7771-4774-a5fb-857cee1cc65f","Limosa lapponica baueri","Limosa","Scolopacidae","Charadriiformes","Aves","Chordata","Animalia","Alaskan Bar-tailed Godwit","exactMatch",
"Elaeocarpus sedentarius","Elaeocarpus sedentarius","Minyon Quandong","Elaeocarpaceae","Endangered","Endangered","Endangered","","https://id.biodiversity.org.au/node/apni/2916168","Elaeocarpus sedentarius","Elaeocarpus","Elaeocarpaceae","Oxalidales","Equisetopsida","Charophyta","Plantae","Minyon Quandong","exactMatch",
"Tectaria devexa","Tectaria devexa","Cave Fern","Dryopteridaceae","Endangered","Endangered","Endangered","","https://id.biodiversity.org.au/node/apni/2913955","Tectaria devexa","Tectaria","Tectariaceae","Polypodiales","Equisetopsida","Charophyta","Plantae",,"exactMatch",
"Galaxias lanceolatus","Galaxias lanceolatus","Tapered Galaxias","Galaxiidae","Critically Endangered","Critically Endangered","Critically Endangered","","https://biodiversity.org.au/afd/taxa/bedc6085-4580-4c8a-bdda-27ba84837819","Galaxias lanceolatus","Galaxias","Galaxiidae","Salmoniformes","Actinopterygii","Chordata","Animalia","Tapered Galaxias","exactMatch",
"Casuarius casuarius johnsonii","Casuarius casuarius johnsonii","Southern Cassowary, Australian Cassowary, Double-wattled Cassowary","Casuariidae","Endangered","Endangered","Endangered","","ALA_DR30474_1703","Casuarius casuarius johnsonii (northern population)","Casuarius","Casuariidae","Struthioniformes","Aves","Chordata","Animalia","Southern Cassowary","exactMatch",
"Caladenia actensis","Caladenia actensis","Canberra Spider Orchid","Orchidaceae","Critically Endangered","Critically Endangered","Critically Endangered","","https://id.biodiversity.org.au/taxon/apni/51398755","Caladenia actensis","Caladenia","Orchidaceae","Asparagales","Equisetopsida","Charophyta","Plantae","Canberra Spider Orchid","exactMatch",
"Polyscias bellendenkerensis","Polyscias bellendenkerensis","-","Araliaceae","Vulnerable","Vulnerable","Vulnerable","","https://id.biodiversity.org.au/node/apni/2907834","Polyscias bellendenkerensis","Polyscias","Araliaceae","Apiales","Equisetopsida","Charophyta","Plantae",,"exactMatch",
"Pterostylis saxicola","Pterostylis saxicola","Sydney Plains Greenhood","Orchidaceae","Endangered","Endangered","Endangered","","https://id.biodiversity.org.au/taxon/apni/51412318","Pterostylis saxicola","Pterostylis","Orchidaceae","Asparagales","Equisetopsida","Charophyta","Plantae","Sydney Plains Greenhood","exactMatch",
"Dasyurus geoffroii","Dasyurus geoffroii","Chuditch, Western Quoll","Dasyuridae","Vulnerable","Vulnerable","Vulnerable","","https://biodiversity.org.au/afd/taxa/f1d6acba-e1cd-4556-9d2d-58a10323af9e","Dasyurus geoffroii","Dasyurus","Dasyuridae","Dasyuromorphia","Mammalia","Chordata","Animalia","Chuditch","exactMatch",
"Eucalyptus platydisca","Eucalyptus platydisca","Jimberlana Mallee","Myrtaceae","Vulnerable","Vulnerable","Vulnerable","","https://id.biodiversity.org.au/node/apni/2887846","Eucalyptus platydisca","Eucalyptus","Myrtaceae","Myrtales","Equisetopsida","Charophyta","Plantae","Jimberlana Mallee","exactMatch",
"Stylidium amabile","Stylidium amabile","-","Stylidiaceae","Critically Endangered","Critically Endangered","Critically Endangered","","https://id.biodiversity.org.au/node/apni/2908195","Stylidium amabile","Stylidium","Stylidiaceae","Asterales","Equisetopsida","Charophyta","Plantae",,"exactMatch",
"Paragalaxias eleotroides","Paragalaxias eleotroides","Great Lake Paragalaxias","Galaxiidae","Vulnerable","Vulnerable","Vulnerable","","https://biodiversity.org.au/afd/taxa/013aaec6-a6ea-42fb-ac55-46928493aa50","Paragalaxias eleotroides","Paragalaxias","Galaxiidae","Salmoniformes","Actinopterygii","Chordata","Animalia","Great Lake Paragalaxias","exactMatch",
"Trianthema cypseleoides","Trianthema cypseleoides","-","Aizoaceae","Extinct","Extinct","Extinct","","https://id.biodiversity.org.au/node/apni/2916288","Trianthema cypseleoides","Trianthema","Aizoaceae","Caryophyllales","Equisetopsida","Charophyta","Plantae",,"exactMatch",
"Eucalyptus pruiniramis","Eucalyptus pruiniramis","Midlands Gum, Jingymia Gum","Myrtaceae","Endangered","Endangered","Endangered","","https://id.biodiversity.org.au/node/apni/2904173","Eucalyptus pruiniramis","Eucalyptus","Myrtaceae","Myrtales","Equisetopsida","Charophyta","Plantae","Midlands Gum","exactMatch",
"Lepidochelys olivacea","Lepidochelys olivacea","Olive Ridley Turtle, Pacific Ridley Turtle","Cheloniidae","Endangered","Endangered","Endangered","","https://biodiversity.org.au/afd/taxa/9a977391-19d1-407a-b979-5d0fa4c49f32","Lepidochelys olivacea","Lepidochelys","Cheloniidae","Testudines","Reptilia","Chordata","Animalia","Pacific Ridley","exactMatch",
"Caladenia ancylosa","Caladenia ancylosa","Genoa Spider-orchid, Gippsland Spider Orchid","Orchidaceae","Critically Endangered","Critically Endangered","Critically Endangered","","https://id.biodiversity.org.au/taxon/apni/51398773","Caladenia ancylosa","Caladenia","Orchidaceae","Asparagales","Equisetopsida","Charophyta","Plantae","Genoa Spider-orchid","exactMatch",
"Bossiaea oligosperma","Bossiaea oligosperma","-","Fabaceae","Vulnerable","Vulnerable","Vulnerable","","https://id.biodiversity.org.au/node/apni/2901838","Bossiaea oligosperma","Bossiaea","Fabaceae","Fabales","Equisetopsida","Charophyta","Plantae","Few-seeded Bossiaea","exactMatch",
"Euastacus angustus","Euastacus angustus","Narrow Euastacus, Slender Dwarf Crayfish, Narrow Dwarf Crayfish","Parastacidae","Critically Endangered","Critically Endangered","Critically Endangered","","https://biodiversity.org.au/afd/taxa/c4133c09-c46b-4a07-9322-ec6be2bdb578","Euastacus angustus","Euastacus","Parastacidae","Decapoda","Malacostraca","Arthropoda","Animalia",,"exactMatch",
"Pultenaea sp. Genowlan Point (NSW 417813)","Pultenaea sp. Genowlan Point (NSW 417813)","Genowlan Point Pultenaea, Genowlan Pultenaea","Fabaceae","Critically Endangered","Critically Endangered","Critically Endangered","","https://id.biodiversity.org.au/node/apni/2891788","Pultenaea sp. Genowlan Point (NSW 417813)","Pultenaea","Fabaceae","Fabales","Equisetopsida","Charophyta","Plantae",,"exactMatch",
"Adenanthos velutinus","Adenanthos velutinus","Velvet Woollybush","Proteaceae","Endangered","Endangered","Endangered","","https://id.biodiversity.org.au/node/apni/2902309","Adenanthos velutinus","Adenanthos","Proteaceae","Proteales","Equisetopsida","Charophyta","Plantae","Velvet Woollybush","exactMatch",
"Grevillea curviloba subsp. incurva","Grevillea curviloba subsp. incurva","Narrow curved-leaf Grevillea","Proteaceae","Endangered","Endangered","Endangered","","https://id.biodiversity.org.au/node/apni/2916699","Grevillea curviloba subsp. incurva","Grevillea","Proteaceae","Proteales","Equisetopsida","Charophyta","Plantae","Narrow Curvedleaf Grevillea","exactMatch",
"Darwinia acerosa","Darwinia acerosa","Fine-leaved Darwinia","Myrtaceae","Endangered","Endangered","Endangered","","https://id.biodiversity.org.au/node/apni/2919768","Darwinia acerosa","Darwinia","Myrtaceae","Myrtales","Equisetopsida","Charophyta","Plantae","Fine-leaved Darwinia","exactMatch",
"Dodonaea rupicola","Dodonaea rupicola","Velvet Hopbush","Sapindaceae","Vulnerable","Vulnerable","Vulnerable","","https://id.biodiversity.org.au/node/apni/2909839","Dodonaea rupicola","Dodonaea","Sapindaceae","Sapindales","Equisetopsida","Charophyta","Plantae","Velvet Hopbush","exactMatch",
"Pseudomys gouldii","Pseudomys gouldii","Gould's Mouse, Koontin","Muridae","Extinct","Extinct","Extinct","","https://biodiversity.org.au/afd/taxa/b9b253e9-a56c-4a72-8ce3-15de06ef8417","Pseudomys gouldii","Pseudomys","Muridae","Rodentia","Mammalia","Chordata","Animalia","Shark Bay Mouse (djoongari)","exactMatch",
"Dasyornis longirostris","Dasyornis longirostris","Western Bristlebird","Dasyornithidae","Endangered","Endangered","Endangered","","https://biodiversity.org.au/afd/taxa/bdd6e28f-8085-409f-8e63-2afbf0d06d26","Dasyornis (Dasyornis) longirostris","Dasyornis","Dasyornithidae","Passeriformes","Aves","Chordata","Animalia","Western Bristlebird","exactMatch",
"Grevillea maxwellii","Grevillea maxwellii","Maxwell's Grevillea","Proteaceae","Endangered","Endangered","Endangered","","https://id.biodiversity.org.au/node/apni/2917842","Grevillea maxwellii","Grevillea","Proteaceae","Proteales","Equisetopsida","Charophyta","Plantae","Maxwell's Grevillea","exactMatch",
"Eucalyptus conglomerata","Eucalyptus conglomerata","Swamp Stringybark","Myrtaceae","Endangered","Endangered","Endangered","","https://id.biodiversity.org.au/node/apni/2895822","Eucalyptus conglomerata","Eucalyptus","Myrtaceae","Myrtales","Equisetopsida","Charophyta","Plantae","Swamp Stringybark","exactMatch",
"Acacia georgensis","Acacia georgensis","Bega Wattle","Fabaceae","Vulnerable","Vulnerable","Vulnerable","","https://id.biodiversity.org.au/node/apni/2900025","Acacia georgensis","Acacia","Fabaceae","Fabales","Equisetopsida","Charophyta","Plantae","Bega Wattle","exactMatch",
"Kennedia lateritia","Kennedia lateritia","Augusta Kennedia","Fabaceae","Endangered","Endangered","Endangered","","https://id.biodiversity.org.au/node/apni/2903041","Kennedia lateritia","Kennedia","Fabaceae","Fabales","Equisetopsida","Charophyta","Plantae","Augusta Kennedia","exactMatch",
"Myriocephalus nudus","Myriocephalus nudus","-","Asteraceae","Extinct","Extinct","Extinct","","https://id.biodiversity.org.au/node/apni/2917931","Myriocephalus nudus","Myriocephalus","Asteraceae","Asterales","Equisetopsida","Charophyta","Plantae",,"exactMatch",
"Pomaderris clivicola","Pomaderris clivicola","-","Rhamnaceae","Vulnerable","Vulnerable","Vulnerable","","https://id.biodiversity.org.au/node/apni/2900068","Pomaderris clivicola","Pomaderris","Rhamnaceae","Rosales","Equisetopsida","Charophyta","Plantae",,"exactMatch",
"Philotheca wonganensis","Philotheca wonganensis","Wongan Eriostemon","Rutaceae","Endangered","Endangered","Endangered","","https://id.biodiversity.org.au/node/apni/2912677","Philotheca wonganensis","Philotheca","Rutaceae","Sapindales","Equisetopsida","Charophyta","Plantae","Wongan Eriostemon","exactMatch",
"Hibbertia spanantha","Hibbertia spanantha","Julian's Hibbertia","Dilleniaceae","Critically Endangered","Critically Endangered","Critically Endangered","","https://id.biodiversity.org.au/taxon/apni/51283403","Hibbertia spanantha","Hibbertia","Dilleniaceae",,"Equisetopsida","Charophyta","Plantae","Julian's Hibbertia","exactMatch",
"Hoya australis subsp. oramicola","Hoya australis subsp. oramicola","a vine","Asclepiadaceae","Vulnerable","Vulnerable","Vulnerable","","https://id.biodiversity.org.au/node/apni/2900009","Hoya australis subsp. oramicola","Hoya","Apocynaceae","Gentianales","Equisetopsida","Charophyta","Plantae","Hoya","exactMatch",
"Eucalyptus pumila","Eucalyptus pumila","Pokolbin Mallee","Myrtaceae","Vulnerable","Vulnerable","Vulnerable","","https://id.biodiversity.org.au/node/apni/2920809","Eucalyptus pumila","Eucalyptus","Myrtaceae","Myrtales","Equisetopsida","Charophyta","Plantae","Pokolbin Mallee","exactMatch",
"Macropteranthes montana","Macropteranthes montana","-","Combretaceae","Vulnerable","Vulnerable","Vulnerable","","https://id.biodiversity.org.au/node/apni/2896631","Macropteranthes montana","Macropteranthes","Combretaceae","Myrtales","Equisetopsida","Charophyta","Plantae","Bonewood","exactMatch",
"Olearia arckaringensis","Olearia arckaringensis","Arckaringa Daisy","Asteraceae","Endangered","Endangered","Endangered","","https://id.biodiversity.org.au/taxon/apni/51745906","Olearia arckaringensis","Olearia","Asteraceae","Asterales","Equisetopsida","Charophyta","Plantae","Arckaringa Daisy","exactMatch",
"Acacia peuce","Acacia peuce","Waddy, Waddi, Waddy-wood, Birdsville Wattle","Fabaceae","Vulnerable","Vulnerable","Vulnerable","","https://id.biodiversity.org.au/node/apni/2906202","Acacia peuce","Acacia","Fabaceae","Fabales","Equisetopsida","Charophyta","Plantae","Waddy-wood","exactMatch",
"Calochilus richiae","Calochilus richiae","Bald-tip Beard-orchid","Orchidaceae","Endangered","Endangered","Endangered","","https://id.biodiversity.org.au/taxon/apni/51400240","Calochilus richiae","Calochilus","Orchidaceae","Asparagales","Equisetopsida","Charophyta","Plantae","Baldtip Beardorchid","exactMatch",
"Corybas montanus","Corybas montanus","Small Helmet-orchid","Orchidaceae","Vulnerable","Vulnerable","Vulnerable","","https://id.biodiversity.org.au/taxon/apni/51401061","Corybas montanus","Corybas","Orchidaceae","Asparagales","Equisetopsida","Charophyta","Plantae","Small Helmetorchid","exactMatch",
"Dischidia litoralis","Dischidia litoralis","-","Asclepiadaceae","Vulnerable","Vulnerable","Vulnerable","","https://id.biodiversity.org.au/node/apni/2896769","Dischidia litoralis","Dischidia","Apocynaceae","Gentianales","Equisetopsida","Charophyta","Plantae",,"exactMatch",
"Darwinia foetida","Darwinia foetida","Muchea Bell","Myrtaceae","Critically Endangered","Critically Endangered","Critically Endangered","","https://id.biodiversity.org.au/node/apni/2910216","Darwinia foetida","Darwinia","Myrtaceae","Myrtales","Equisetopsida","Charophyta","Plantae","Muchea Bell","exactMatch",
"Prostanthera clotteniana","Prostanthera clotteniana","-","Lamiaceae","Critically Endangered","Critically Endangered","Critically Endangered","","https://id.biodiversity.org.au/taxon/apni/51775066","Prostanthera clotteniana","Prostanthera","Lamiaceae","Lamiales","Equisetopsida","Charophyta","Plantae",,"exactMatch",
"Tetratheca paynterae","Tetratheca paynterae","Paynter's Tetratheca","Elaeocarpaceae","Endangered","Endangered","Endangered","","https://id.biodiversity.org.au/node/apni/2915039","Tetratheca paynterae","Tetratheca","Elaeocarpaceae","Oxalidales","Equisetopsida","Charophyta","Plantae","Paynter's Tetratheca","exactMatch",
"Drosera prolifera","Drosera prolifera","-","Droseraceae","Vulnerable","Vulnerable","Vulnerable","","https://id.biodiversity.org.au/node/apni/2900397","Drosera prolifera","Drosera","Droseraceae","Caryophyllales","Equisetopsida","Charophyta","Plantae","Trailing Sundew","exactMatch",
"Gyrostemon reticulatus","Gyrostemon reticulatus","Net-veined Gyrostemon","Gyrostemonaceae","Critically Endangered","Critically Endangered","Critically Endangered","","https://id.biodiversity.org.au/node/apni/2915622","Gyrostemon reticulatus","Gyrostemon","Gyrostemonaceae","Brassicales","Equisetopsida","Charophyta","Plantae","Netveined Gyrostemon","exactMatch",
"Chingia australis","Chingia australis","-","Thelypteridaceae","Endangered","Endangered","Endangered","","https://id.biodiversity.org.au/taxon/apni/51448000","Chingia australis","Chingia","Thelypteridaceae","Polypodiales","Equisetopsida","Charophyta","Plantae",,"exactMatch",
"Haloragis platycarpa","Haloragis platycarpa","Broad-fruited Haloragis","Haloragaceae","Critically Endangered","Critically Endangered","Critically Endangered","","https://id.biodiversity.org.au/node/apni/2892833","Haloragis platycarpa","Haloragis","Haloragaceae","Saxifragales","Equisetopsida","Charophyta","Plantae","Broadfruited Haloragis","exactMatch",
"Brachyscias verecundus","Brachyscias verecundus","Ironstone Brachyscias","Apiaceae","Critically Endangered","Critically Endangered","Critically Endangered","","https://id.biodiversity.org.au/node/apni/2888419","Brachyscias verecundus","Brachyscias","Apiaceae","Apiales","Equisetopsida","Charophyta","Plantae","Ironstone Brachyscias","exactMatch",
"Erythroxylum sp. Cholmondely Creek (J.R.Clarkson 9367) (Northern Territory Population)","Erythroxylum sp. Cholmondely Creek (J.R.Clarkson 9367) (Northern Territory Population)","-","Erythroxylaceae","Vulnerable","Vulnerable","Vulnerable","","https://id.biodiversity.org.au/node/apni/2910829","Erythroxylum sp. Cholmondely Creek (J.R.Clarkson 9367)","Erythroxylum","Erythroxylaceae","Malpighiales","Equisetopsida","Charophyta","Plantae","Erythroxylum","phraseMatch",
"Osphranter robustus isabellinus","Osphranter robustus isabellinus","Barrow Island Wallaroo, Barrow Island Euro","Macropodidae","Vulnerable","Vulnerable","Vulnerable","","https://biodiversity.org.au/afd/taxa/5fe128a9-8133-484f-bbd4-e4578bde913b","Osphranter robustus isabellinus","Osphranter","Macropodidae","Diprotodontia","Mammalia","Chordata","Animalia","Barrow Island Euro","exactMatch",
"Phaleria biflora","Phaleria biflora","-","Thymelaeaceae","Vulnerable","Vulnerable","Vulnerable","","https://id.biodiversity.org.au/node/apni/2915030","Phaleria biflora","Phaleria","Thymelaeaceae","Malvales","Equisetopsida","Charophyta","Plantae",,"exactMatch",
"Caladenia dorrienii","Caladenia dorrienii","Cossack Spider-orchid","Orchidaceae","Endangered","Endangered","Endangered","","https://id.biodiversity.org.au/taxon/apni/51398954","Caladenia dorrienii","Caladenia","Orchidaceae","Asparagales","Equisetopsida","Charophyta","Plantae","Cossack Spider Orchid","exactMatch",
"Marsdenia longiloba","Marsdenia longiloba","Clear Milkvine","Apocynaceae","Vulnerable","Vulnerable","Vulnerable","","https://id.biodiversity.org.au/taxon/apni/51688979","Leichhardtia longiloba","Leichhardtia","Apocynaceae","Gentianales","Equisetopsida","Charophyta","Plantae",,"exactMatch",
"Macrozamia platyrhachis","Macrozamia platyrhachis","cycad","Zamiaceae","Endangered","Endangered","Endangered","","https://id.biodiversity.org.au/node/apni/2895463","Macrozamia platyrhachis","Macrozamia","Zamiaceae","Cycadales","Equisetopsida","Charophyta","Plantae","Cycad","exactMatch",
"Pelargonium sp. Striatellum (G.W.Carr 10345)","Pelargonium sp. Striatellum (G.W.Carr 10345)","Omeo Stork's-bill","Geraniaceae","Endangered","Endangered","Endangered","","https://id.biodiversity.org.au/node/apni/2890372","Pelargonium sp. Striatellum (G.W.Carr 10345)","Pelargonium","Geraniaceae","Geraniales","Equisetopsida","Charophyta","Plantae","Omeo Stork'sbill","exactMatch",
"Probosciger aterrimus macgillivrayi","Probosciger aterrimus macgillivrayi","Palm Cockatoo (Australian)","Cacatuidae","Vulnerable","Vulnerable","Vulnerable","","https://biodiversity.org.au/afd/taxa/53bdaf8f-d7f9-44bb-9c25-53f2232a83bc","Probosciger aterrimus macgillivrayi","Probosciger","Cacatuidae","Psittaciformes","Aves","Chordata","Animalia","Australian Palm Cockatoo","exactMatch",
"Pimelea spicata","Pimelea spicata","Spiked Rice-flower","Thymelaeaceae","Endangered","Endangered","Endangered","","https://id.biodiversity.org.au/node/apni/2900893","Pimelea spicata","Pimelea","Thymelaeaceae","Malvales","Equisetopsida","Charophyta","Plantae","Spiked Rice-flower","exactMatch",
"Medicosma elliptica","Medicosma elliptica","-","Rutaceae","Vulnerable","Vulnerable","Vulnerable","","https://id.biodiversity.org.au/node/apni/2898149","Medicosma elliptica","Medicosma","Rutaceae","Sapindales","Equisetopsida","Charophyta","Plantae",,"exactMatch",
"Trioza barrettae","Trioza barrettae","Banksia brownii plant louse","Triozidae","Endangered","Endangered","Endangered","","https://biodiversity.org.au/afd/taxa/c8872ea8-5574-4397-ace1-fe6be86451e5","Trioza barrettae","Trioza","Triozidae","Hemiptera","Insecta","Arthropoda","Animalia","Banksia Brownii Plant-louse","exactMatch",
"Lobelia gelida","Lobelia gelida","-","Campanulaceae","Vulnerable","Vulnerable","Vulnerable","","https://id.biodiversity.org.au/node/apni/2909877","Lobelia gelida","Lobelia","Campanulaceae","Asterales","Equisetopsida","Charophyta","Plantae","Snow Pratia","exactMatch",
"Banksia brownii","Banksia brownii","Brown's Banksia, Feather-leaved Banksia","Proteaceae","Critically Endangered","Critically Endangered","Critically Endangered","","https://id.biodiversity.org.au/node/apni/7811307","Banksia brownii","Banksia","Proteaceae","Proteales","Equisetopsida","Charophyta","Plantae","Feather-leaved Banksia","exactMatch",
"Danhatchia copelandii","Danhatchia copelandii","Bonville Leafless Orchid","Orchidaceae","Critically Endangered","Critically Endangered","Critically Endangered","","https://id.biodiversity.org.au/taxon/apni/51794871","Danhatchia copelandii","Danhatchia","Orchidaceae","Asparagales","Equisetopsida","Charophyta","Plantae","Bonville Leafless Orchid","exactMatch",
"Comesperma oblongatum","Comesperma oblongatum","Byfield Matchstick","Polygalaceae","Vulnerable","Vulnerable","Vulnerable","","https://id.biodiversity.org.au/name/apni/74171","Comesperma oblongatum","Comesperma","Polygalaceae","Fabales","Equisetopsida","Charophyta","Plantae","Byfield Matchstick","exactMatch",
"Eremophila glabra subsp. chlorella","Eremophila glabra subsp. chlorella","-","Scrophulariaceae","Endangered","Endangered","Endangered","","https://id.biodiversity.org.au/node/apni/2914543","Eremophila glabra subsp. chlorella","Eremophila","Scrophulariaceae","Lamiales","Equisetopsida","Charophyta","Plantae",,"exactMatch",
"Veronica derwentiana subsp. homalodonta","Veronica derwentiana subsp. homalodonta","Mount Lofty Speedwell","Plantaginaceae","Critically Endangered","Critically Endangered","Critically Endangered","","https://id.biodiversity.org.au/node/apni/2918652","Veronica derwentiana subsp. homalodonta","Veronica","Plantaginaceae","Lamiales","Equisetopsida","Charophyta","Plantae","Mount Lofty Speedwell","exactMatch",
"Litoria dayi","Litoria dayi","Australian Lace-lid, Lace-eyed Tree Frog, Day's Big-eyed Treefrog","Pelodryadidae","Vulnerable","Vulnerable","Vulnerable","","https://biodiversity.org.au/afd/taxa/6386ed15-b4da-42be-a05b-4c4e1a1510f4","Litoria dayi","Litoria","Pelodryadidae","Anura","Amphibia","Chordata","Animalia","Day's Frog","exactMatch",
"Galaxias mungadhan","Galaxias mungadhan","Dargo Galaxias","Galaxiidae","Critically Endangered","Critically Endangered","Critically Endangered","","https://biodiversity.org.au/afd/taxa/4bfad4eb-5bc5-4087-873a-b8976be9d7bd","Galaxias mungadhan","Galaxias","Galaxiidae","Salmoniformes","Actinopterygii","Chordata","Animalia","Dargo Galaxias","exactMatch",
"Prostanthera sp. Dunmore (D.M.Gordon 8A)","Prostanthera sp. Dunmore (D.M.Gordon 8A)","-","Lamiaceae","Vulnerable","Vulnerable","Vulnerable","","https://id.biodiversity.org.au/node/apni/2910678","Prostanthera sp. Dunmore (D.M.Gordon 8A)","Prostanthera","Lamiaceae","Lamiales","Equisetopsida","Charophyta","Plantae",,"exactMatch",
"Centrophorus harrissoni","Centrophorus harrissoni","Harrisson's Dogfish, Endeavour Dogfish, Dumb Gulper Shark, Harrison's Deepsea Dogfish","Centrophoridae","Conservation Dependent","Conservation Dependent","Conservation Dependent","","https://biodiversity.org.au/afd/taxa/37208f9a-2086-4b11-a4c1-1a5e313a1dc1","Centrophorus harrissoni","Centrophorus","Centrophoridae","Squaliformes","Chondrichthyes","Chordata","Animalia","Endeavour Dogfishes","exactMatch",
"Grevillea rara","Grevillea rara","Rare Grevillea","Proteaceae","Endangered","Endangered","Endangered","","https://id.biodiversity.org.au/node/apni/2897835","Grevillea rara","Grevillea","Proteaceae","Proteales","Equisetopsida","Charophyta","Plantae","Rare Grevillea","exactMatch",
"Newcastelia velutina","Newcastelia velutina","-","Verbenaceae","Vulnerable","Vulnerable","Vulnerable","","https://id.biodiversity.org.au/node/apni/2901141","Newcastelia velutina","Newcastelia","Lamiaceae","Lamiales","Equisetopsida","Charophyta","Plantae",,"exactMatch",
"Macroderma gigas","Macroderma gigas","Ghost Bat","Megadermatidae","Vulnerable","Vulnerable","Vulnerable","","https://biodiversity.org.au/afd/taxa/7993d9b8-c777-41fc-984c-a1fda2c8878f","Macroderma gigas","Macroderma","Megadermatidae","Chiroptera","Mammalia","Chordata","Animalia","Ghost Bat","exactMatch",
"Eucalyptus crenulata","Eucalyptus crenulata","Silver Gum, Buxton Gum","Myrtaceae","Endangered","Endangered","Endangered","","https://id.biodiversity.org.au/node/apni/2889454","Eucalyptus crenulata","Eucalyptus","Myrtaceae","Myrtales","Equisetopsida","Charophyta","Plantae","Buxton Gum","exactMatch",
"Pimelea spinescens subsp. spinescens","Pimelea spinescens subsp. spinescens","Plains Rice-flower, Spiny Rice-flower, Prickly Pimelea","Thymelaeaceae","Critically Endangered","Critically Endangered","Critically Endangered","","https://id.biodiversity.org.au/node/apni/2886202","Pimelea spinescens subsp. spinescens","Pimelea","Thymelaeaceae","Malvales","Equisetopsida","Charophyta","Plantae","Spiny Rice-flower","exactMatch",
"Xylosma parvifolia","Xylosma parvifolia","-","Salicaceae","Endangered","Endangered","Endangered","","https://id.biodiversity.org.au/node/apni/2894939","Xylosma parvifolia","Xylosma","Salicaceae","Malpighiales","Equisetopsida","Charophyta","Plantae","Mountain Xylosma","exactMatch",
"Dendrobium brachypus","Dendrobium brachypus","Norfolk Island Orchid","Orchidaceae","Endangered","Endangered","Endangered","","https://id.biodiversity.org.au/taxon/apni/51402832","Dendrobium brachypus","Dendrobium","Orchidaceae","Asparagales","Equisetopsida","Charophyta","Plantae","Norfolk Island Orchid","exactMatch",
"Diuris praecox","Diuris praecox","Newcastle Doubletail","Orchidaceae","Vulnerable","Vulnerable","Vulnerable","","https://id.biodiversity.org.au/taxon/apni/51404309","Diuris praecox","Diuris","Orchidaceae","Asparagales","Equisetopsida","Charophyta","Plantae","Newcastle Doubletail","exactMatch",
"Euastacus clarkae","Euastacus clarkae","Ellen Clark's Crayfish, Clark's Crayfish","Parastacidae","Endangered","Endangered","Endangered","","https://biodiversity.org.au/afd/taxa/1d1e8c5b-7e66-46c9-9f8c-477c9e70b69c","Euastacus clarkae","Euastacus","Parastacidae","Decapoda","Malacostraca","Arthropoda","Animalia",,"exactMatch",
"Eremophila koobabbiensis","Eremophila koobabbiensis","Koobabbie Eremophila, Koobabbie Poverty Bush","Scrophulariaceae","Critically Endangered","Critically Endangered","Critically Endangered","","https://id.biodiversity.org.au/node/apni/2889903","Eremophila koobabbiensis","Eremophila","Scrophulariaceae","Lamiales","Equisetopsida","Charophyta","Plantae","Koobabbie Poverty Bush","exactMatch",
"Triplarina imbricata","Triplarina imbricata","-","Myrtaceae","Endangered","Endangered","Endangered","","https://id.biodiversity.org.au/node/apni/2916917","Triplarina imbricata","Triplarina","Myrtaceae","Myrtales","Equisetopsida","Charophyta","Plantae","Creek Triplarina","exactMatch",
"Epacris barbata","Epacris barbata","Bearded Heath, Freycinet Heath","Epacridaceae","Endangered","Endangered","Endangered","","https://id.biodiversity.org.au/node/apni/2918958","Epacris barbata","Epacris","Ericaceae","Ericales","Equisetopsida","Charophyta","Plantae","Freycinet Heath","exactMatch",
"Marsdenia brevifolia","Marsdenia brevifolia","-","Apocynaceae","Vulnerable","Vulnerable","Vulnerable","","https://id.biodiversity.org.au/taxon/apni/51688938","Leichhardtia brevifolia","Leichhardtia","Apocynaceae","Gentianales","Equisetopsida","Charophyta","Plantae",,"exactMatch",
"Phyllota humifusa","Phyllota humifusa","Dwarf Phyllota","Fabaceae","Vulnerable","Vulnerable","Vulnerable","","https://id.biodiversity.org.au/node/apni/2908858","Phyllota humifusa","Phyllota","Fabaceae","Fabales","Equisetopsida","Charophyta","Plantae","Dwarf Phyllota","exactMatch",
"Croton mamillatus","Croton mamillatus","Bahrs Scrub Croton","Euphorbiaceae","Critically Endangered","Critically Endangered","Critically Endangered","","https://id.biodiversity.org.au/taxon/apni/51768354","Croton mamillatus","Croton","Euphorbiaceae","Malpighiales","Equisetopsida","Charophyta","Plantae","Bahrs Scrub Croton","exactMatch",
"Malurus leucopterus leucopterus","Malurus leucopterus leucopterus","White-winged Fairy-wren (Dirk Hartog Island), Dirk Hartog Black-and-White Fairy-wren","Maluridae","Vulnerable","Vulnerable","Vulnerable","","https://biodiversity.org.au/afd/taxa/19c040a8-4605-44bd-ac9e-01a112dca4d4","Malurus (Musciparus) leucopterus leucopterus","Malurus","Maluridae","Passeriformes","Aves","Chordata","Animalia","Dirk Hartog White-winged Fairy-wren","exactMatch",
"Tylophora woollsii","Tylophora woollsii","-","Apocynaceae","Endangered","Endangered","Endangered","","https://id.biodiversity.org.au/taxon/apni/51431200","Vincetoxicum woollsii","Vincetoxicum","Apocynaceae","Gentianales","Equisetopsida","Charophyta","Plantae",,"exactMatch",
"Acacia ammophila","Acacia ammophila","-","Fabaceae","Vulnerable","Vulnerable","Vulnerable","","https://id.biodiversity.org.au/node/apni/2899480","Acacia ammophila","Acacia","Fabaceae","Fabales","Equisetopsida","Charophyta","Plantae",,"exactMatch",
"Conostylis drummondii","Conostylis drummondii","Drummond's Conostylis","Haemodoraceae","Endangered","Endangered","Endangered","","https://id.biodiversity.org.au/node/apni/2887304","Conostylis drummondii","Conostylis","Haemodoraceae","Commelinales","Equisetopsida","Charophyta","Plantae","Drummond's Conostylis","exactMatch",
"Myriophyllum porcatum","Myriophyllum porcatum","Ridged Water-milfoil","Haloragaceae","Vulnerable","Vulnerable","Vulnerable","","https://id.biodiversity.org.au/node/apni/2919668","Myriophyllum porcatum","Myriophyllum","Haloragaceae","Saxifragales","Equisetopsida","Charophyta","Plantae","Ridged Water-milfoil","exactMatch",
"Thelymitra psammophila","Thelymitra psammophila","Sandplain Sun-orchid","Orchidaceae","Vulnerable","Vulnerable","Vulnerable","","https://id.biodiversity.org.au/taxon/apni/51414388","Thelymitra psammophila","Thelymitra","Orchidaceae","Asparagales","Equisetopsida","Charophyta","Plantae","Sandplain Sunorchid","exactMatch",
"Caladenia xantholeuca","Caladenia xantholeuca","White Rabbits, Flinders Ranges White Caladenia","Orchidaceae","Endangered","Endangered","Endangered","","https://id.biodiversity.org.au/taxon/apni/51794830","Caladenia xantholeuca","Caladenia","Orchidaceae","Asparagales","Equisetopsida","Charophyta","Plantae","White Rabbits","exactMatch",
"Deyeuxia pungens","Deyeuxia pungens","Narrow-leaf Bent-grass","Poaceae","Vulnerable","Vulnerable","Vulnerable","","https://id.biodiversity.org.au/node/apni/2896056","Deyeuxia pungens","Deyeuxia","Poaceae","Poales","Equisetopsida","Charophyta","Plantae","Narrowleaf Bentgrass","exactMatch",
"Indigofera efoliata","Indigofera efoliata","-","Fabaceae","Endangered","Endangered","Endangered","","https://id.biodiversity.org.au/node/apni/2899952","Indigofera efoliata","Indigofera","Fabaceae","Fabales","Equisetopsida","Charophyta","Plantae","Leafless Indigo","exactMatch",
"Euphrasia fragosa","Euphrasia fragosa","Shy Eyebright, Southport Eyebright","Scrophulariaceae","Critically Endangered","Critically Endangered","Critically Endangered","","https://id.biodiversity.org.au/node/apni/2897571","Euphrasia fragosa","Euphrasia","Scrophulariaceae","Lamiales","Equisetopsida","Charophyta","Plantae","Southport Eyebright","exactMatch",
"Bettongia lesueur Barrow and Boodie Islands subspecies","Bettongia lesueur Barrow and Boodie Islands subspecies","Boodie, Burrowing Bettong (Barrow and Boodie Islands)","Potoroidae","Vulnerable","Vulnerable","Vulnerable","","ALA_DR30474_185","Bettongia lesueur Barrow and Boodie Islands subspecies","Bettongia","Potoroidae","Diprotodontia","Mammalia","Chordata","Animalia",,"exactMatch",
"Botaurus poiciloptilus","Botaurus poiciloptilus","Australasian Bittern","Ardeidae","Endangered","Endangered","Endangered","","https://biodiversity.org.au/afd/taxa/dba78701-cae9-4afb-a41a-6697c52c5e34","Botaurus poiciloptilus","Botaurus","Ardeidae","Ciconiiformes","Aves","Chordata","Animalia","Australasian Bittern","exactMatch",
"Galaxias terenasus","Galaxias terenasus","Roundsnout Galaxias","Galaxiidae","Endangered","Endangered","Endangered","","https://biodiversity.org.au/afd/taxa/c2bcc474-938b-4a02-aeaf-59f22483ff7c","Galaxias terenasus","Galaxias","Galaxiidae","Salmoniformes","Actinopterygii","Chordata","Animalia","Roundsnout Galaxias","exactMatch",
"Phlegmariurus tetrastichoides","Phlegmariurus tetrastichoides","Square Tassel Fern","Lycopodiaceae","Vulnerable","Vulnerable","Vulnerable","","https://id.biodiversity.org.au/node/apni/7498903","Phlegmariurus tetrastichoides","Phlegmariurus","Lycopodiaceae","Lycopodiales","Equisetopsida","Charophyta","Plantae","Square Tassel Fern","exactMatch",
"Geophaps smithii blaauwi","Geophaps smithii blaauwi","Partridge Pigeon (western)","Columbidae","Vulnerable","Vulnerable","Vulnerable","","https://biodiversity.org.au/afd/taxa/9018dd38-7b7e-4405-8e71-a12d29026274","Geophaps (Geophaps) smithii blaauwi","Geophaps","Columbidae","Columbiformes","Aves","Chordata","Animalia","Western Partridge Pigeon","exactMatch",
"Mixophyes balbus","Mixophyes balbus","Stuttering Frog, Southern Barred Frog (in Victoria)","Myobatrachidae","Vulnerable","Vulnerable","Vulnerable","","https://biodiversity.org.au/afd/taxa/3b9de36b-c646-4f99-aa18-38cdfc72ed31","Mixophyes balbus","Mixophyes","Myobatrachidae","Anura","Amphibia","Chordata","Animalia","Northern Stuttering Barred Frog","exactMatch",
"Nyctophilus howensis","Nyctophilus howensis","Lord Howe Long-eared Bat, Lord Howe Island Bat","Vespertilionidae","Extinct","Extinct","Extinct","","https://biodiversity.org.au/afd/taxa/dff740ed-d01b-4d86-bc9d-40dc8161b6b7","Nyctophilus howensis","Nyctophilus","Vespertilionidae","Chiroptera","Mammalia","Chordata","Animalia","Lord Howe Island Bat","exactMatch",
"Amperea xiphoclada var. pedicellata","Amperea xiphoclada var. pedicellata","-","Euphorbiaceae","Extinct","Extinct","Extinct","","https://id.biodiversity.org.au/node/apni/2910887","Amperea xiphoclada var. pedicellata","Amperea","Euphorbiaceae","Malpighiales","Equisetopsida","Charophyta","Plantae",,"exactMatch",
"Amytornis dorotheae","Amytornis dorotheae","Carpentarian Grasswren","Maluridae","Endangered","Endangered","Endangered","","https://biodiversity.org.au/afd/taxa/c9c4c977-38ec-4261-9282-24524f9778ac","Amytornis (Magnamytis) dorotheae","Amytornis","Maluridae","Passeriformes","Aves","Chordata","Animalia","Carpentarian Grasswren","exactMatch",
"Nesoptilotis leucotis thomasi","Nesoptilotis leucotis thomasi","Kangaroo Island White-eared Honeyeater","Meliphagidae","Endangered","Endangered","Endangered","","https://biodiversity.org.au/afd/taxa/94937c1c-9b1a-4b64-ab31-0b3a29b60154","Nesoptilotis leucotis thomasi","Nesoptilotis","Meliphagidae","Passeriformes","Aves","Chordata","Animalia","Kangaroo Island White-eared Honeyeater","exactMatch",
"Galaxias brevissimus","Galaxias brevissimus","Short-tail Galaxias","Galaxiidae","Critically Endangered","Critically Endangered","Critically Endangered","","https://biodiversity.org.au/afd/taxa/e7f329cf-24c8-4ef8-8d43-93bf0dad03a6","Galaxias brevissimus","Galaxias","Galaxiidae","Salmoniformes","Actinopterygii","Chordata","Animalia","Short-tail Galaxias","exactMatch",
"Grevillea flexuosa","Grevillea flexuosa","Zig Zag Grevillea","Proteaceae","Vulnerable","Vulnerable","Vulnerable","","https://id.biodiversity.org.au/node/apni/2915725","Grevillea flexuosa","Grevillea","Proteaceae","Proteales","Equisetopsida","Charophyta","Plantae","Tangled Grevillea","exactMatch",
"Gastrolobium papilio","Gastrolobium papilio","Butterfly-leaved Gastrolobium","Fabaceae","Endangered","Endangered","Endangered","","https://id.biodiversity.org.au/node/apni/2888209","Gastrolobium papilio","Gastrolobium","Fabaceae","Fabales","Equisetopsida","Charophyta","Plantae","Butterflyleaved Gastrolobium","exactMatch",
"Atalaya brevialata","Atalaya brevialata","-","Sapindaceae","Critically Endangered","Critically Endangered","Critically Endangered","","https://id.biodiversity.org.au/node/apni/2915822","Atalaya brevialata","Atalaya","Sapindaceae","Sapindales","Equisetopsida","Charophyta","Plantae","Atalaya","exactMatch",
"Delma mitella","Delma mitella","Atherton Delma, Legless Lizard","Pygopodidae","Vulnerable","Vulnerable","Vulnerable","","https://biodiversity.org.au/afd/taxa/ba52b998-fe2d-4bb8-ba03-eac3777ee012","Delma mitella","Delma","Pygopodidae","Squamata","Reptilia","Chordata","Animalia","Atherton Delma","exactMatch",
"Eucalyptus ceracea","Eucalyptus ceracea","Seppelt Range Gum","Myrtaceae","Vulnerable","Vulnerable","Vulnerable","","https://id.biodiversity.org.au/node/apni/2900234","Eucalyptus ceracea","Eucalyptus","Myrtaceae","Myrtales","Equisetopsida","Charophyta","Plantae","Seppelt Range Gum","exactMatch",
"Micromyrtus blakelyi","Micromyrtus blakelyi","-","Myrtaceae","Vulnerable","Vulnerable","Vulnerable","","https://id.biodiversity.org.au/node/apni/2908678","Micromyrtus blakelyi","Micromyrtus","Myrtaceae","Myrtales","Equisetopsida","Charophyta","Plantae",,"exactMatch",
"Moggridgea rainbowi","Moggridgea rainbowi","Kangaroo Island Micro-trapdoor Spider","Migidae","Endangered","Endangered","Endangered","","https://biodiversity.org.au/afd/taxa/29ccdca6-c9e6-44da-8c88-891375f748c0","Moggridgea rainbowi","Moggridgea","Migidae","Araneae","Arachnida","Arthropoda","Animalia","Kangaroo Island Micro-trapdoor Spider","exactMatch",
"Bertya tasmanica subsp. tasmanica","Bertya tasmanica subsp. tasmanica","Tasmanian Bertya","Euphorbiaceae","Endangered","Endangered","Endangered","","https://id.biodiversity.org.au/node/apni/2898349","Bertya tasmanica subsp. tasmanica","Bertya","Euphorbiaceae","Malpighiales","Equisetopsida","Charophyta","Plantae","Tasmanian Bertya","exactMatch",
"Phlegmariurus dalhousieanus","Phlegmariurus dalhousieanus","Blue Tassel-fern","Lycopodiaceae","Endangered","Endangered","Endangered","","https://id.biodiversity.org.au/node/apni/2917787","Phlegmariurus dalhousieanus","Phlegmariurus","Lycopodiaceae","Lycopodiales","Equisetopsida","Charophyta","Plantae","Blue Tassel-fern","exactMatch",
"Corunastylis ectopa","Corunastylis ectopa","Brindabella Midge-orchid, Ectopic Midge-orchid","Orchidaceae","Critically Endangered","Critically Endangered","Critically Endangered","","https://id.biodiversity.org.au/taxon/apni/51441108","Corunastylis ectopa","Corunastylis","Orchidaceae","Asparagales","Equisetopsida","Charophyta","Plantae","Ectopic Midgeorchid","exactMatch",
"Lindsaea pulchella var. blanda","Lindsaea pulchella var. blanda","-","Lindsaeaceae","Vulnerable","Vulnerable","Vulnerable","","https://id.biodiversity.org.au/node/apni/2903389","Lindsaea pulchella var. blanda","Lindsaea","Lindsaeaceae","Polypodiales","Equisetopsida","Charophyta","Plantae",,"exactMatch",
"Columba vitiensis godmanae","Columba vitiensis godmanae","Lord Howe White-throated Pigeon, White-throated Pigeon (Lord Howe Island)","Columbidae","Extinct","Extinct","Extinct","","https://biodiversity.org.au/afd/taxa/efb64723-3d45-42f1-bcc3-7bd38f18fc90","Columba (Janthoenas) vitiensis godmanae","Columba","Columbidae","Columbiformes","Aves","Chordata","Animalia","Lord Howe Metallic Pigeon","exactMatch",
"Synaphea sp. Pinjarra (R.Davis 6578)","Synaphea sp. Pinjarra (R.Davis 6578)","Club-leafed Synaphea","Proteaceae","Critically Endangered","Critically Endangered","Critically Endangered","","https://id.biodiversity.org.au/node/apni/2902670","Synaphea sp. Pinjarra (R.Davis 6578)","Synaphea","Proteaceae","Proteales","Equisetopsida","Charophyta","Plantae","Clubleafed Synaphea","exactMatch",
"Eucalyptus alligatrix subsp. limaensis","Eucalyptus alligatrix subsp. limaensis","Lima Stringybark","Myrtaceae","Endangered","Endangered","Endangered","","https://id.biodiversity.org.au/node/apni/2886508","Eucalyptus alligatrix subsp. limaensis","Eucalyptus","Myrtaceae","Myrtales","Equisetopsida","Charophyta","Plantae","Lima Stringybark","exactMatch",
"Hippocampus whitei","Hippocampus whitei","White's Seahorse, Crowned Seahorse, Sydney Seahorse","Syngnathidae","Endangered","Endangered","Endangered","","https://biodiversity.org.au/afd/taxa/6b53ca61-282b-4ec7-9028-10c384ff0a47","Hippocampus whitei","Hippocampus","Syngnathidae","Syngnathiformes","Actinopterygii","Chordata","Animalia","White's Seahorse","exactMatch",
"Westringia parvifolia","Westringia parvifolia","-","Lamiaceae","Vulnerable","Vulnerable","Vulnerable","","https://id.biodiversity.org.au/node/apni/2920137","Westringia parvifolia","Westringia","Lamiaceae","Lamiales","Equisetopsida","Charophyta","Plantae",,"exactMatch",
"Grevillea bracteosa subsp. howatharra","Grevillea bracteosa subsp. howatharra","-","Proteaceae","Critically Endangered","Critically Endangered","Critically Endangered","","https://id.biodiversity.org.au/node/apni/2891354","Grevillea bracteosa subsp. howatharra","Grevillea","Proteaceae","Proteales","Equisetopsida","Charophyta","Plantae",,"exactMatch",
"Stachystemon nematophorus","Stachystemon nematophorus","Three-flowered Stachystemon","Euphorbiaceae","Vulnerable","Vulnerable","Vulnerable","","https://id.biodiversity.org.au/node/apni/2906615","Stachystemon nematophorus","Stachystemon","Picrodendraceae","Malpighiales","Equisetopsida","Charophyta","Plantae","Threeflowered Stachystemon","exactMatch",
"Blechnum norfolkianum","Blechnum norfolkianum","Norfolk Island Water-fern","Blechnaceae","Endangered","Endangered","Endangered","","https://id.biodiversity.org.au/taxon/apni/51269404","Blechnum norfolkianum","Blechnum","Blechnaceae","Polypodiales","Equisetopsida","Charophyta","Plantae","Norfolk Island Waterfern","exactMatch",
"Callistemon kenmorrisonii","Callistemon kenmorrisonii","Betka Bottlebrush","Myrtaceae","Vulnerable","Vulnerable","Vulnerable","","https://id.biodiversity.org.au/node/apni/2918717","Callistemon kenmorrisonii","Callistemon","Myrtaceae","Myrtales","Equisetopsida","Charophyta","Plantae","Betka Bottlebrush","exactMatch",
"Swainsona plagiotropis","Swainsona plagiotropis","Red Darling-pea, Red Swainson-pea","Fabaceae","Vulnerable","Vulnerable","Vulnerable","","https://id.biodiversity.org.au/taxon/apni/51429634","Swainsona plagiotropis","Swainsona","Fabaceae","Fabales","Equisetopsida","Charophyta","Plantae","Red Darling Pea","exactMatch",
"Bettongia gaimardi gaimardi","Bettongia gaimardi gaimardi","Eastern Bettong (mainland), Eastern Rat-kangaroo","Potoroidae","Extinct","Extinct","Extinct","","https://biodiversity.org.au/afd/taxa/5fa98209-aa95-4b76-a2ce-afe104316f7c","Bettongia gaimardi gaimardi","Bettongia","Potoroidae","Diprotodontia","Mammalia","Chordata","Animalia","Eastern Bettong","exactMatch",
"Perameles gunnii gunnii","Perameles gunnii gunnii","Eastern Barred Bandicoot (Tasmania)","Peramelidae","Vulnerable","Vulnerable","Vulnerable","","ALA_DR30474_1977","Perameles gunnii gunnii","Perameles","Peramelidae","Peramelemorphia","Mammalia","Chordata","Animalia","Eastern Barred Bandicoot (tasmania)","exactMatch",
"Philotheca obovatifolia","Philotheca obovatifolia","Mountain Wax-flower","Rutaceae","Vulnerable","Vulnerable","Vulnerable","","https://id.biodiversity.org.au/node/apni/2890238","Philotheca obovatifolia","Philotheca","Rutaceae","Sapindales","Equisetopsida","Charophyta","Plantae",,"exactMatch",
"Boronia revoluta","Boronia revoluta","Ironcap Boronia","Rutaceae","Endangered","Endangered","Endangered","","https://id.biodiversity.org.au/node/apni/2907694","Boronia revoluta","Boronia","Rutaceae","Sapindales","Equisetopsida","Charophyta","Plantae","Ironcaps Boronia","exactMatch",
"Prasophyllum frenchii","Prasophyllum frenchii","Maroon Leek-orchid, Slaty Leek-orchid, Stout Leek-orchid, French's Leek-orchid, Swamp Leek-orchid","Orchidaceae","Endangered","Endangered","Endangered","","https://id.biodiversity.org.au/taxon/apni/51795099","Prasophyllum frenchii","Prasophyllum","Orchidaceae","Asparagales","Equisetopsida","Charophyta","Plantae","Maroon Leek-orchid","exactMatch",
"Prasophyllum favonium","Prasophyllum favonium","Western Leek-orchid","Orchidaceae","Critically Endangered","Critically Endangered","Critically Endangered","","https://id.biodiversity.org.au/taxon/apni/51795084","Prasophyllum favonium","Prasophyllum","Orchidaceae","Asparagales","Equisetopsida","Charophyta","Plantae","Western Leekorchid","exactMatch",
"Atrichornis clamosus","Atrichornis clamosus","Noisy Scrub-bird, Tjimiluk","Atrichornithidae","Endangered","Endangered","Endangered","","https://biodiversity.org.au/afd/taxa/2c8750a3-60ab-4cbf-ac00-c5c5bb7b28a8","Atrichornis (Rahcinta) clamosus","Atrichornis","Atrichornithidae","Passeriformes","Aves","Chordata","Animalia","Noisy Scrub-bird","exactMatch",
"Hexaspora pubescens","Hexaspora pubescens","-","Celastraceae","Vulnerable","Vulnerable","Vulnerable","","https://id.biodiversity.org.au/node/apni/2910095","Hexaspora pubescens","Hexaspora","Celastraceae","Celastrales","Equisetopsida","Charophyta","Plantae",,"exactMatch",
"Solanum sulphureum","Solanum sulphureum","-","Solanaceae","Endangered","Endangered","Endangered","","https://id.biodiversity.org.au/name/apni/223369","Solanum sulphureum","Solanum","Solanaceae","Solanales","Equisetopsida","Charophyta","Plantae","Manning Yellow Solanum","exactMatch",
"Pterostylis mirabilis","Pterostylis mirabilis","Nodding Rufoushood","Orchidaceae","Vulnerable","Vulnerable","Vulnerable","","https://id.biodiversity.org.au/taxon/apni/51412222","Pterostylis mirabilis","Pterostylis","Orchidaceae","Asparagales","Equisetopsida","Charophyta","Plantae","Mount Olinthus Greenhood","exactMatch",
"Roycea pycnophylloides","Roycea pycnophylloides","Saltmat","Chenopodiaceae","Endangered","Endangered","Endangered","","https://id.biodiversity.org.au/node/apni/2907137","Roycea pycnophylloides","Roycea","Chenopodiaceae","Caryophyllales","Equisetopsida","Charophyta","Plantae","Saltmat","exactMatch",
"Asterolasia nivea","Asterolasia nivea","Bindoon Starbush","Rutaceae","Vulnerable","Vulnerable","Vulnerable","","https://id.biodiversity.org.au/taxon/apni/51446862","Asterolasia grandiflora","Asterolasia","Rutaceae","Sapindales","Equisetopsida","Charophyta","Plantae","Pink Starbush","exactMatch",
"Eremophila nivea","Eremophila nivea","Silky Eremophila","Myoporaceae","Endangered","Endangered","Endangered","","https://id.biodiversity.org.au/node/apni/2890894","Eremophila nivea","Eremophila","Scrophulariaceae","Lamiales","Equisetopsida","Charophyta","Plantae","Silky Eremophila","exactMatch",
"Coprosma baueri","Coprosma baueri","Coastal Coprosma","Rubiaceae","Endangered","Endangered","Endangered","","https://id.biodiversity.org.au/node/apni/2896764","Coprosma baueri","Coprosma","Rubiaceae","Gentianales","Equisetopsida","Charophyta","Plantae","Coastal Coprosma","exactMatch",
"Corokia whiteana","Corokia whiteana","-","Argophyllaceae","Endangered","Endangered","Endangered","","https://id.biodiversity.org.au/node/apni/2889568","Corokia whiteana","Corokia","Argophyllaceae","Asterales","Equisetopsida","Charophyta","Plantae","Corokia","exactMatch",
"Acacia eremophiloides","Acacia eremophiloides","-","Fabaceae","Vulnerable","Vulnerable","Vulnerable","","https://id.biodiversity.org.au/node/apni/2911272","Acacia eremophiloides","Acacia","Fabaceae","Fabales","Equisetopsida","Charophyta","Plantae",,"exactMatch",
"Bulbophyllum longiflorum","Bulbophyllum longiflorum","Pale Umbrella Orchid","Orchidaceae","Vulnerable","Vulnerable","Vulnerable","","https://id.biodiversity.org.au/taxon/apni/51396353","Bulbophyllum longiflorum","Bulbophyllum","Orchidaceae","Asparagales","Equisetopsida","Charophyta","Plantae","Pale Umbrella Orchid","exactMatch",
"Euastacus dharawalus","Euastacus dharawalus","Fitzroy Falls Spiny Crayfish","Parastacidae","Critically Endangered","Critically Endangered","Critically Endangered","","https://biodiversity.org.au/afd/taxa/646286ce-2537-40bb-8a0e-2b774c654cfb","Euastacus dharawalus","Euastacus","Parastacidae","Decapoda","Malacostraca","Arthropoda","Animalia","Fitzroy Falls Spiny Crayfish","exactMatch",
"Grevillea christineae","Grevillea christineae","Christine's Grevillea","Proteaceae","Endangered","Endangered","Endangered","","https://id.biodiversity.org.au/node/apni/2897474","Grevillea christineae","Grevillea","Proteaceae","Proteales","Equisetopsida","Charophyta","Plantae","Christine's Grevillea","exactMatch",
"Pterostylis psammophila","Pterostylis psammophila","Two-bristle Greenhood","Orchidaceae","Critically Endangered","Critically Endangered","Critically Endangered","","https://id.biodiversity.org.au/taxon/apni/51412284","Pterostylis psammophila","Pterostylis","Orchidaceae","Asparagales","Equisetopsida","Charophyta","Plantae","Two-bristle Greenhood","exactMatch",
"Caladenia wanosa","Caladenia wanosa","Kalbarri Spider-orchid","Orchidaceae","Vulnerable","Vulnerable","Vulnerable","","https://id.biodiversity.org.au/taxon/apni/51399458","Caladenia wanosa","Caladenia","Orchidaceae","Asparagales","Equisetopsida","Charophyta","Plantae","Kalbarri Spider Orchid","exactMatch",
"Potorous tridactylus trisulcatus","Potorous tridactylus trisulcatus","Long-nosed Potoroo (southern mainland)","Potoroidae","Vulnerable","Vulnerable","Vulnerable","","https://biodiversity.org.au/afd/taxa/1f178bbc-b2e3-49fe-b5a4-5e76c510b82f","Potorous tridactylus trisulcatus","Potorous","Potoroidae","Diprotodontia","Mammalia","Chordata","Animalia","Long-nosed Potoroo","exactMatch",
"Rexea solandri (eastern Australian population)","Rexea solandri (eastern Australian population)","Eastern Gemfish","Gempylidae","Conservation Dependent","Conservation Dependent","Conservation Dependent","","ALA_DR30474_2089","Rexea solandri (eastern Australian population)","Rexea","Gempylidae","Perciformes","Actinopterygii","Chordata","Animalia",,"exactMatch",
"Eremophila rostrata","Eremophila rostrata","Beaked Eremophila","Myoporaceae","Critically Endangered","Critically Endangered","Critically Endangered","","https://id.biodiversity.org.au/node/apni/2912617","Eremophila rostrata","Eremophila","Scrophulariaceae","Lamiales","Equisetopsida","Charophyta","Plantae","Beaked Eremophila","exactMatch",
"Hoplocephalus bungaroides","Hoplocephalus bungaroides","Broad-headed Snake","Elapidae","Endangered","Endangered","Endangered","","https://biodiversity.org.au/afd/taxa/942015d2-8e50-4f83-a42c-94a418044f3a","Hoplocephalus bungaroides","Hoplocephalus","Elapidae","Squamata","Reptilia","Chordata","Animalia","Broad-headed Snake","exactMatch",
"Pterostylis tenuissima","Pterostylis tenuissima","Swamp Greenhood, Dainty Swamp Orchid","Orchidaceae","Vulnerable","Vulnerable","Vulnerable","","https://id.biodiversity.org.au/taxon/apni/51412410","Pterostylis tenuissima","Pterostylis","Orchidaceae","Asparagales","Equisetopsida","Charophyta","Plantae","Swamp Greenhood","exactMatch",
"Astrotricha sp. Howe Range (D.E.Albrecht 1054)","Astrotricha sp. Howe Range (D.E.Albrecht 1054)","Long-leaf Star-hair","Araliaceae","Critically Endangered","Critically Endangered","Critically Endangered","","https://id.biodiversity.org.au/node/apni/6920815","Astrotricha sp. Howe Range (D.E.Albrecht 1054)","Astrotricha","Araliaceae","Apiales","Equisetopsida","Charophyta","Plantae",,"exactMatch",
"Melaleuca kunzeoides","Melaleuca kunzeoides","-","Myrtaceae","Vulnerable","Vulnerable","Vulnerable","","https://id.biodiversity.org.au/node/apni/2892764","Melaleuca kunzeoides","Melaleuca","Myrtaceae","Myrtales","Equisetopsida","Charophyta","Plantae",,"exactMatch",
"Acrophyllum australe","Acrophyllum australe","-","Cunoniaceae","Vulnerable","Vulnerable","Vulnerable","","https://id.biodiversity.org.au/node/apni/2909179","Acrophyllum australe","Acrophyllum","Cunoniaceae","Oxalidales","Equisetopsida","Charophyta","Plantae",,"exactMatch",
"Solanum bauerianum","Solanum bauerianum","Bridal Flower","Solanaceae","Extinct","Extinct","Extinct","","https://id.biodiversity.org.au/node/apni/2896504","Solanum bauerianum","Solanum","Solanaceae","Solanales","Equisetopsida","Charophyta","Plantae","Bridal Flower","exactMatch",
"Lagorchestes conspicillatus conspicillatus","Lagorchestes conspicillatus conspicillatus","Spectacled Hare-wallaby (Barrow Island)","Macropodidae","Vulnerable","Vulnerable","Vulnerable","","https://biodiversity.org.au/afd/taxa/2130b539-3403-459b-af47-b344c6487327","Lagorchestes conspicillatus conspicillatus","Lagorchestes","Macropodidae","Diprotodontia","Mammalia","Chordata","Animalia","Barrow Island Spectacled Hare-wallaby","exactMatch",
"Pleuropappus phyllocalymmeus","Pleuropappus phyllocalymmeus","Silver Candles","Asteraceae","Vulnerable","Vulnerable","Vulnerable","","https://id.biodiversity.org.au/node/apni/2912955","Angianthus phyllocalymmeus","Angianthus","Asteraceae","Asterales","Equisetopsida","Charophyta","Plantae",,"exactMatch",
"Prasophyllum apoxychilum","Prasophyllum apoxychilum","Tapered Leek-orchid","Orchidaceae","Endangered","Endangered","Endangered","","https://id.biodiversity.org.au/taxon/apni/51794972","Prasophyllum apoxychilum","Prasophyllum","Orchidaceae","Asparagales","Equisetopsida","Charophyta","Plantae","Tapered Leekorchid","exactMatch",
"Stiphodon semoni","Stiphodon semoni","Opal Cling Goby","Gobiidae","Critically Endangered","Critically Endangered","Critically Endangered","","https://biodiversity.org.au/afd/taxa/d9d30981-82a0-44d9-9411-3b9b28a6505e","Stiphodon semoni","Stiphodon","Gobiidae","Perciformes","Actinopterygii","Chordata","Animalia","Allen's Stiphodon","exactMatch",
"Persoonia acerosa","Persoonia acerosa","Needle Geebung","Proteaceae","Endangered","Endangered","Endangered","","https://id.biodiversity.org.au/node/apni/2911724","Persoonia acerosa","Persoonia","Proteaceae","Proteales","Equisetopsida","Charophyta","Plantae","Needle Geebung","exactMatch",
"Verticordia fimbrilepis subsp. fimbrilepis","Verticordia fimbrilepis subsp. fimbrilepis","Shy Featherflower","Myrtaceae","Endangered","Endangered","Endangered","","https://id.biodiversity.org.au/node/apni/2889676","Verticordia fimbrilepis subsp. fimbrilepis","Verticordia","Myrtaceae","Myrtales","Equisetopsida","Charophyta","Plantae","Shy Featherflower","exactMatch",
"Phaethon rubricauda westralis","Phaethon rubricauda westralis","Red-tailed Tropicbird (Indian Ocean), Indian Ocean Red-tailed Tropicbird","Phaethontidae","Endangered","Endangered","Endangered","","https://biodiversity.org.au/afd/taxa/df0ee124-e935-48d5-8d7a-3e133203ec7d","Phaethon rubricauda westralis","Phaethon","Phaethontidae","Phaethontiformes","Aves","Chordata","Animalia","Indian Ocean Red-tailed Tropicbird","exactMatch",
"Acacia pickardii","Acacia pickardii","Birds Nest Wattle","Fabaceae","Vulnerable","Vulnerable","Vulnerable","","https://id.biodiversity.org.au/node/apni/2919690","Acacia pickardii","Acacia","Fabaceae","Fabales","Equisetopsida","Charophyta","Plantae","Birds Nest Wattle","exactMatch",
"Macadamia integrifolia","Macadamia integrifolia","Macadamia Nut, Queensland Nut Tree, Smooth-shelled Macadamia, Bush Nut, Nut Oak","Proteaceae","Vulnerable","Vulnerable","Vulnerable","","https://id.biodiversity.org.au/node/apni/2890419","Macadamia integrifolia","Macadamia","Proteaceae","Proteales","Equisetopsida","Charophyta","Plantae","Macadamia Nut","exactMatch",
"Eucalyptus pachycalyx subsp. banyabba","Eucalyptus pachycalyx subsp. banyabba","Banyabba Shiny-barked Gum","Myrtaceae","Endangered","Endangered","Endangered","","https://id.biodiversity.org.au/taxon/apni/51782164","Eucalyptus pachycalyx subsp. banyabba","Eucalyptus","Myrtaceae","Myrtales","Equisetopsida","Charophyta","Plantae","Banyabba Shiny-barked Gum","exactMatch",
"Euastacus guwinus","Euastacus guwinus","Tianjara Crayfish","Parastacidae","Critically Endangered","Critically Endangered","Critically Endangered","","https://biodiversity.org.au/afd/taxa/25d7e1f3-59e4-441b-81b0-c595c2bdd77d","Euastacus guwinus","Euastacus","Parastacidae","Decapoda","Malacostraca","Arthropoda","Animalia",,"exactMatch",
"Astacopsis gouldi","Astacopsis gouldi","Giant Freshwater Crayfish, Tasmanian Giant Freshwater Lobster","Parastacidae","Vulnerable","Vulnerable","Vulnerable","","https://biodiversity.org.au/afd/taxa/0e6710fa-db89-4947-ae35-c901be6dc3dd","Astacopsis gouldi","Astacopsis","Parastacidae","Decapoda","Malacostraca","Arthropoda","Animalia","Tasmanian Giant Freshwater Lobster","exactMatch",
"Poephila cincta cincta","Poephila cincta cincta","Southern Black-throated Finch","Passeridae","Endangered","Endangered","Endangered","","https://biodiversity.org.au/afd/taxa/9fe878db-cb42-4934-b27d-d345a09d68df","Poephila (Poephila) cincta cincta","Poephila","Estrildidae","Passeriformes","Aves","Chordata","Animalia","Southern Black-throated Finch","exactMatch",
"Eucalyptus crispata","Eucalyptus crispata","Yandanooka Mallee","Myrtaceae","Vulnerable","Vulnerable","Vulnerable","","https://id.biodiversity.org.au/node/apni/2909251","Eucalyptus crispata","Eucalyptus","Myrtaceae","Myrtales","Equisetopsida","Charophyta","Plantae","Yandanooka Mallee","exactMatch",
"Prasophyllum morganii","Prasophyllum morganii","Mignonette Leek-orchid, Cobungra Leek-orchid, Dense Leek-orchid","Orchidaceae","Vulnerable","Vulnerable","Vulnerable","","https://id.biodiversity.org.au/taxon/apni/51795181","Prasophyllum morganii","Prasophyllum","Orchidaceae","Asparagales","Equisetopsida","Charophyta","Plantae","Mignonette Leek-orchid","exactMatch",
"Liopholis kintorei","Liopholis kintorei","Great Desert Skink, Tjakura, Warrarna, Mulyamiji, Tjalapa, Nampu","Scincidae","Vulnerable","Vulnerable","Vulnerable","","https://biodiversity.org.au/afd/taxa/8bb546b4-3092-4c57-8234-763bee7872d3","Liopholis kintorei","Liopholis","Scincidae","Squamata","Reptilia","Chordata","Animalia","Tjakura","exactMatch",
"Prostanthera cryptandroides subsp. cryptandroides","Prostanthera cryptandroides subsp. cryptandroides","Wollemi Mint-bush","Lamiaceae","Vulnerable","Vulnerable","Vulnerable","","https://id.biodiversity.org.au/node/apni/2888222","Prostanthera cryptandroides subsp. cryptandroides","Prostanthera","Lamiaceae","Lamiales","Equisetopsida","Charophyta","Plantae","Wollemi Mint-bush","exactMatch",
"Macrozamia occidua","Macrozamia occidua","-","Zamiaceae","Vulnerable","Vulnerable","Vulnerable","","https://id.biodiversity.org.au/node/apni/2901278","Macrozamia occidua","Macrozamia","Zamiaceae","Cycadales","Equisetopsida","Charophyta","Plantae",,"exactMatch",
"Zosterops albogularis","Zosterops albogularis","White-chested White-eye, Norfolk Island Silvereye","Zosteropidae","Extinct","Extinct","Extinct","","https://biodiversity.org.au/afd/taxa/a1fe2952-8ce0-45af-a9d8-d3c4341d91ce","Zosterops albogularis","Zosterops","Zosteropidae","Passeriformes","Aves","Chordata","Animalia","White-chested White-eye","exactMatch",
"Homoranthus porteri","Homoranthus porteri","-","Myrtaceae","Vulnerable","Vulnerable","Vulnerable","","https://id.biodiversity.org.au/taxon/apni/51782283","Homoranthus porteri","Homoranthus","Myrtaceae","Myrtales","Equisetopsida","Charophyta","Plantae",,"exactMatch",
"Lepidium ginninderrense","Lepidium ginninderrense","Ginninderra Peppercress","Brassicaceae","Critically Endangered","Critically Endangered","Critically Endangered","","https://id.biodiversity.org.au/taxon/apni/51751392","Lepidium ginninderrense","Lepidium","Brassicaceae","Brassicales","Equisetopsida","Charophyta","Plantae","Ginninderra Peppercress","exactMatch",
"Milyeringa veritas","Milyeringa veritas","Cape Range Cave Gudgeon, Blind Gudgeon","Eleotridae","Vulnerable","Vulnerable","Vulnerable","","https://biodiversity.org.au/afd/taxa/c862056c-3c37-4daa-b7c1-a5a0c22f6e15","Milyeringa veritas","Milyeringa","Eleotridae","Perciformes","Actinopterygii","Chordata","Animalia","Cave Gudgeon","exactMatch",
"Caladenia calcicola","Caladenia calcicola","Limestone Spider-orchid","Orchidaceae","Vulnerable","Vulnerable","Vulnerable","","https://id.biodiversity.org.au/taxon/apni/51398869","Caladenia calcicola","Caladenia","Orchidaceae","Asparagales","Equisetopsida","Charophyta","Plantae","Limestone Spiderorchid","exactMatch",
"Pterostylis xerophila","Pterostylis xerophila","Desert Greenhood","Orchidaceae","Vulnerable","Vulnerable","Vulnerable","","https://id.biodiversity.org.au/taxon/apni/51412450","Pterostylis xerophila","Pterostylis","Orchidaceae","Asparagales","Equisetopsida","Charophyta","Plantae","Desert Greenhood","exactMatch",
"Euastacus bidawalus","Euastacus bidawalus","Bidhawal Crayfish, Bidawal Crayfish, East Gippsland Spiny Crayfish","Parastacidae","Endangered","Endangered","Endangered","","https://biodiversity.org.au/afd/taxa/66f862f5-b913-4ed6-aef4-a77a27013122","Euastacus bidawalus","Euastacus","Parastacidae","Decapoda","Malacostraca","Arthropoda","Animalia","East Gippsland Spiny Crayfish","exactMatch",
"Persoonia marginata","Persoonia marginata","Clandulla Geebung","Proteaceae","Vulnerable","Vulnerable","Vulnerable","","https://id.biodiversity.org.au/node/apni/2910218","Persoonia marginata","Persoonia","Proteaceae","Proteales","Equisetopsida","Charophyta","Plantae","Clandulla Geebung","exactMatch",
"Malurus leucopterus edouardi","Malurus leucopterus edouardi","White-winged Fairy-wren (Barrow Island), Barrow Island Black-and-white Fairy-wren","Maluridae","Vulnerable","Vulnerable","Vulnerable","","https://biodiversity.org.au/afd/taxa/eb6c5fd9-0f34-4d3c-a7b1-1112351c3760","Malurus (Musciparus) leucopterus edouardi","Malurus","Maluridae","Passeriformes","Aves","Chordata","Animalia","Barrow Island White-winged Fairy-wren","exactMatch",
"Pseudocharopa whiteleggei","Pseudocharopa whiteleggei","Whitelegge's Land Snail","Charopidae","Critically Endangered","Critically Endangered","Critically Endangered","","https://biodiversity.org.au/afd/taxa/2b8a85d4-ff15-47fe-b420-45cbf4126ddf","Pseudocharopa whiteleggei","Pseudocharopa","Charopidae","Stylommatophora","Gastropoda","Mollusca","Animalia","Whitelegge's Pinwheel Snail","exactMatch",
"Pterostylis cheraphila","Pterostylis cheraphila","Floodplain Rustyhood","Orchidaceae","Vulnerable","Vulnerable","Vulnerable","","https://id.biodiversity.org.au/taxon/apni/51412058","Pterostylis cheraphila","Pterostylis","Orchidaceae","Asparagales","Equisetopsida","Charophyta","Plantae","Floodplain Rustyhood","exactMatch",
"Rattus nativitatis","Rattus nativitatis","Bulldog Rat, Christmas Island Burrowing Rat","Muridae","Extinct","Extinct","Extinct","","https://biodiversity.org.au/afd/taxa/2baeb4b1-98ca-497f-a3e8-0c215a4b69f7","Rattus nativitatis","Rattus","Muridae","Rodentia","Mammalia","Chordata","Animalia","Christmas Island Rat","exactMatch",
"Caladenia tessellata","Caladenia tessellata","Thick-lipped Spider-orchid, Daddy Long-legs","Orchidaceae","Vulnerable","Vulnerable","Vulnerable","","https://id.biodiversity.org.au/taxon/apni/51399404","Caladenia tessellata","Caladenia","Orchidaceae","Asparagales","Equisetopsida","Charophyta","Plantae","Thick-lip Spider-orchid","exactMatch",
"Hibiscus brennanii","Hibiscus brennanii","a shrub","Malvaceae","Vulnerable","Vulnerable","Vulnerable","","https://id.biodiversity.org.au/node/apni/2904802","Hibiscus brennanii","Hibiscus","Malvaceae","Malvales","Equisetopsida","Charophyta","Plantae","Hibiscus","exactMatch",
"Haloragis eyreana","Haloragis eyreana","Prickly Raspwort","Haloragaceae","Endangered","Endangered","Endangered","","https://id.biodiversity.org.au/node/apni/2888446","Haloragis eyreana","Haloragis","Haloragaceae","Saxifragales","Equisetopsida","Charophyta","Plantae","Prickly Raspwort","exactMatch",
"Prasophyllum fuscum","Prasophyllum fuscum","Tawny Leek-orchid, Slaty Leek-orchid","Orchidaceae","Vulnerable","Vulnerable","Vulnerable","","https://id.biodiversity.org.au/taxon/apni/51795102","Prasophyllum fuscum","Prasophyllum","Orchidaceae","Asparagales","Equisetopsida","Charophyta","Plantae","Slaty Leek Orchid","exactMatch",
"Verticordia helichrysantha","Verticordia helichrysantha","Coast Featherflower","Myrtaceae","Vulnerable","Vulnerable","Vulnerable","","https://id.biodiversity.org.au/node/apni/2905661","Verticordia helichrysantha","Verticordia","Myrtaceae","Myrtales","Equisetopsida","Charophyta","Plantae","Barrens Featherflower","exactMatch",
"Neopasiphae simplicior","Neopasiphae simplicior","A native bee","Colletidae","Critically Endangered","Critically Endangered","Critically Endangered","","https://biodiversity.org.au/afd/taxa/45b5aefd-c9c3-418b-804e-6647acc74bf2","Neopasiphae simplicior","Neopasiphae","Colletidae","Hymenoptera","Insecta","Arthropoda","Animalia","A Short-tongued Bee","exactMatch",
"Ptilotus pyramidatus","Ptilotus pyramidatus","Pyramid Mulla-mulla","Amaranthaceae","Critically Endangered","Critically Endangered","Critically Endangered","","https://id.biodiversity.org.au/node/apni/4335051","Ptilotus pyramidatus","Ptilotus","Amaranthaceae","Caryophyllales","Equisetopsida","Charophyta","Plantae","Pyramid Mullamulla","exactMatch",
"Acacia grandifolia","Acacia grandifolia","-","Fabaceae","Vulnerable","Vulnerable","Vulnerable","","https://id.biodiversity.org.au/node/apni/2897642","Acacia grandifolia","Acacia","Fabaceae","Fabales","Equisetopsida","Charophyta","Plantae",,"exactMatch",
"Rhaphidospora bonneyana","Rhaphidospora bonneyana","-","Acanthaceae","Vulnerable","Vulnerable","Vulnerable","","https://id.biodiversity.org.au/node/apni/2896807","Rhaphidospora bonneyana","Rhaphidospora","Acanthaceae","Lamiales","Equisetopsida","Charophyta","Plantae",,"exactMatch",
"Glyceria drummondii","Glyceria drummondii","Nangetty Grass","Poaceae","Endangered","Endangered","Endangered","","https://id.biodiversity.org.au/node/apni/2895199","Glyceria drummondii","Glyceria","Poaceae","Poales","Equisetopsida","Charophyta","Plantae","Nangetty Grass","exactMatch",
"Hypocalymma sylvestre","Hypocalymma sylvestre","chittering Myrtle","Myrtaceae","Endangered","Endangered","Endangered","","https://id.biodiversity.org.au/node/apni/2898251","Hypocalymma sylvestre","Hypocalymma","Myrtaceae","Myrtales","Equisetopsida","Charophyta","Plantae","Chittering Myrtle","exactMatch",
"Galaxias sp. nov. 'Moroka'","Galaxias sp. nov. 'Moroka'","Moroka Galaxias","Galaxiidae","Critically Endangered","Critically Endangered","Critically Endangered","","ALA_DR30474_472","Galaxias sp. nov. 'Moroka'","Galaxias","Galaxiidae","Salmoniformes","Actinopterygii","Chordata","Animalia",,"exactMatch",
"Delma impar","Delma impar","Striped Legless Lizard, Striped Snake-lizard","Pygopodidae","Vulnerable","Vulnerable","Vulnerable","","https://biodiversity.org.au/afd/taxa/c7327642-e36d-41d5-b884-59a0180780d2","Delma impar","Delma","Pygopodidae","Squamata","Reptilia","Chordata","Animalia","Striped Legless Lizard","exactMatch",
"Myuchelys belli","Myuchelys belli","Western Sawshelled Turtle","Chelidae","Endangered","Endangered","Endangered","","https://biodiversity.org.au/afd/taxa/cd651aef-f210-45b1-8652-3a33581d1beb","Myuchelys bellii","Myuchelys","Chelidae","Testudines","Reptilia","Chordata","Animalia","Bell's Turtle","exactMatch",
"Hibbertia abyssus","Hibbertia abyssus","Bandalup Buttercup","Dilleniaceae","Critically Endangered","Critically Endangered","Critically Endangered","","https://id.biodiversity.org.au/taxon/apni/51434911","Hibbertia abyssus","Hibbertia","Dilleniaceae",,"Equisetopsida","Charophyta","Plantae","Bandalup Buttercup","exactMatch",
"Melanotaenia eachamensis","Melanotaenia eachamensis","Lake Eacham Rainbowfish","Melanotaeniidae","Endangered","Endangered","Endangered","","https://biodiversity.org.au/afd/taxa/88165c61-7326-4296-a688-0c3f0ad871e9","Melanotaenia eachamensis","Melanotaenia","Melanotaeniidae","Atheriniformes","Actinopterygii","Chordata","Animalia","Lake Eacham Rainbowfish","exactMatch",
"Calectasia cyanea","Calectasia cyanea","Blue Tinsel Lily","Dasypogonaceae","Critically Endangered","Critically Endangered","Critically Endangered","","https://id.biodiversity.org.au/node/apni/2890692","Calectasia cyanea","Calectasia","Dasypogonaceae","Dasypogonales","Equisetopsida","Charophyta","Plantae","Blue Tinsel Lily","exactMatch",
"Muehlenbeckia tuggeranong","Muehlenbeckia tuggeranong","Tuggeranong Lignum","Polygonaceae","Endangered","Endangered","Endangered","","https://id.biodiversity.org.au/node/apni/2896218","Muehlenbeckia tuggeranong","Muehlenbeckia","Polygonaceae","Caryophyllales","Equisetopsida","Charophyta","Plantae","Tuggeranong Lignum","exactMatch",
"Olearia cordata","Olearia cordata","-","Asteraceae","Vulnerable","Vulnerable","Vulnerable","","https://id.biodiversity.org.au/taxon/apni/51745936","Olearia cordata","Olearia","Asteraceae","Asterales","Equisetopsida","Charophyta","Plantae",,"exactMatch",
"Pimelea leptospermoides","Pimelea leptospermoides","-","Thymelaeaceae","Vulnerable","Vulnerable","Vulnerable","","https://id.biodiversity.org.au/taxon/apni/51448999","Pimelea leptospermoides","Pimelea","Thymelaeaceae","Malvales","Equisetopsida","Charophyta","Plantae",,"exactMatch",
"Meryta latifolia","Meryta latifolia","Shade Tree, Broad-leaved Meryta","Araliaceae","Critically Endangered","Critically Endangered","Critically Endangered","","https://id.biodiversity.org.au/node/apni/2915201","Meryta latifolia","Meryta","Araliaceae","Apiales","Equisetopsida","Charophyta","Plantae","Broadleaved Meryta","exactMatch",
"Asplenium wildii","Asplenium wildii","-","Aspleniaceae","Vulnerable","Vulnerable","Vulnerable","","https://id.biodiversity.org.au/taxon/apni/51431750","Hymenasplenium wildii","Hymenasplenium","Aspleniaceae","Polypodiales","Equisetopsida","Charophyta","Plantae",,"exactMatch",
"Grevillea brachystylis subsp. australis","Grevillea brachystylis subsp. australis","-","Proteaceae","Vulnerable","Vulnerable","Vulnerable","","https://id.biodiversity.org.au/node/apni/2892639","Grevillea brachystylis subsp. australis","Grevillea","Proteaceae","Proteales","Equisetopsida","Charophyta","Plantae",,"exactMatch",
"Natator depressus","Natator depressus","Flatback Turtle","Cheloniidae","Vulnerable","Vulnerable","Vulnerable","","https://biodiversity.org.au/afd/taxa/10df901b-8003-42bf-9885-7700f6ff9a88","Natator depressus","Natator","Cheloniidae","Testudines","Reptilia","Chordata","Animalia","Flatback Turtle","exactMatch",
"Assa darlingtoni","Assa darlingtoni","Pouched Frog","Myobatrachidae","Vulnerable","Vulnerable","Vulnerable","","https://biodiversity.org.au/afd/taxa/c0ecc524-4722-457a-bf1f-f67abd660cf8","Assa darlingtoni","Assa","Myobatrachidae","Anura","Amphibia","Chordata","Animalia","Hip-pocket Frog","exactMatch",
"Symonanthus bancroftii","Symonanthus bancroftii","Bancrofts Symonanthus","Solanaceae","Endangered","Endangered","Endangered","","https://id.biodiversity.org.au/node/apni/2894823","Symonanthus bancroftii","Symonanthus","Solanaceae","Solanales","Equisetopsida","Charophyta","Plantae","Bancrofts Symonanthus","exactMatch",
"Chelonia mydas","Chelonia mydas","Green Turtle","Cheloniidae","Vulnerable","Vulnerable","Vulnerable","","https://biodiversity.org.au/afd/taxa/2d605472-979b-49b4-aed3-03a384e9f706","Chelonia mydas","Chelonia","Cheloniidae","Testudines","Reptilia","Chordata","Animalia","Green Turtle","exactMatch",
"Sterna vittata vittata","Sterna vittata vittata","Antarctic Tern (Indian Ocean)","Laridae","Vulnerable","Vulnerable","Vulnerable","","https://biodiversity.org.au/afd/taxa/54f47b9a-6e0c-46af-9d19-31ee9166b50d","Sterna (Sterna) vittata vittata","Sterna","Laridae","Charadriiformes","Aves","Chordata","Animalia","Indian Ocean Antarctic Tern","exactMatch",
"Lambertia fairallii","Lambertia fairallii","Fairall's Honeysuckle","Proteaceae","Critically Endangered","Critically Endangered","Critically Endangered","","https://id.biodiversity.org.au/node/apni/2916913","Lambertia fairallii","Lambertia","Proteaceae","Proteales","Equisetopsida","Charophyta","Plantae","Fairall's Honeysuckle","exactMatch",
"Stipiturus malachurus halmaturinus","Stipiturus malachurus halmaturinus","Kangaroo Island Southern Emu-wren","Maluridae","Endangered","Endangered","Endangered","","https://biodiversity.org.au/afd/taxa/45824290-5e17-471e-a7e8-85ce4bbab20d","Stipiturus malachurus halmaturinus","Stipiturus","Maluridae","Passeriformes","Aves","Chordata","Animalia","Kangaroo Island Southern Emu-wren","exactMatch",
"Engaeus yabbimunna","Engaeus yabbimunna","Burnie Burrowing Crayfish","Parastacidae","Vulnerable","Vulnerable","Vulnerable","","https://biodiversity.org.au/afd/taxa/96ccefe1-b5cc-454f-91a1-d24161d92cd0","Engaeus yabbimunna","Engaeus","Parastacidae","Decapoda","Malacostraca","Arthropoda","Animalia","Burnie Burrowing Crayfish","exactMatch",
"Prostanthera calycina","Prostanthera calycina","West Coast Mintbush, Limestone Mintbush, Red Mintbush","Lamiaceae","Vulnerable","Vulnerable","Vulnerable","","https://id.biodiversity.org.au/node/apni/2905099","Prostanthera calycina","Prostanthera","Lamiaceae","Lamiales","Equisetopsida","Charophyta","Plantae","West Coast Mintbush","exactMatch",
"Caloprymnus campestris","Caloprymnus campestris","Desert Rat-kangaroo","Potoroidae","Extinct","Extinct","Extinct","","https://biodiversity.org.au/afd/taxa/9ad4a41c-3731-42d6-92b8-995e2630e436","Caloprymnus campestris","Caloprymnus","Potoroidae","Diprotodontia","Mammalia","Chordata","Animalia","Desert Rat-kangaroo","exactMatch",
"Isopogon fletcheri","Isopogon fletcheri","Fletcher's Drumsticks","Proteaceae","Vulnerable","Vulnerable","Vulnerable","","https://id.biodiversity.org.au/node/apni/2905762","Isopogon fletcheri","Isopogon","Proteaceae","Proteales","Equisetopsida","Charophyta","Plantae","Fletcher's Drumsticks","exactMatch",
"Meridolum maryae","Meridolum maryae","Maroubra Woodland Snail, Maroubra Land Snail","Camaenidae","Endangered","Endangered","Endangered","","https://biodiversity.org.au/afd/taxa/ea10e0a8-67c7-4397-99cb-aabe45373fdd","Sauroconcha maryae","Sauroconcha","Camaenidae","Stylommatophora","Gastropoda","Mollusca","Animalia","Maroubra Woodland Snail","exactMatch",
"Macrozamia johnsonii","Macrozamia johnsonii","-","Zamiaceae","Endangered","Endangered","Endangered","","https://id.biodiversity.org.au/node/apni/2897563","Macrozamia johnsonii","Macrozamia","Zamiaceae","Cycadales","Equisetopsida","Charophyta","Plantae","Johnson's Cycad","exactMatch",
"Prasophyllum murfetii","Prasophyllum murfetii","Fleurieu Leek Orchid","Orchidaceae","Critically Endangered","Critically Endangered","Critically Endangered","","https://id.biodiversity.org.au/taxon/apni/51795184","Prasophyllum murfetii","Prasophyllum","Orchidaceae","Asparagales","Equisetopsida","Charophyta","Plantae","Maroon Leek-orchid","exactMatch",
"Mesembriomys gouldii rattoides","Mesembriomys gouldii rattoides","Black-footed Tree-rat (north Queensland), Shaggy Rabbit-rat","Muridae","Vulnerable","Vulnerable","Vulnerable","","https://biodiversity.org.au/afd/taxa/5417442d-bd73-4dd5-ac8d-56d85d7019fe","Mesembriomys gouldii rattoides","Mesembriomys","Muridae","Rodentia","Mammalia","Chordata","Animalia","Shaggy Rabbitrat","exactMatch",
"Psophodes leucogaster leucogaster","Psophodes leucogaster leucogaster","Mallee Whipbird","Psophodidae","Endangered","Endangered","Endangered","","https://biodiversity.org.au/afd/taxa/7a4e8688-c4bd-4837-ab1c-528ba8b1cc93","Psophodes (Phodopses) leucogaster leucogaster","Psophodes","Psophodidae","Passeriformes","Aves","Chordata","Animalia",,"exactMatch",
"Grevillea scortechinii subsp. scortechinii","Grevillea scortechinii subsp. scortechinii","Black Grevillea","Proteaceae","Critically Endangered","Critically Endangered","Critically Endangered","","https://id.biodiversity.org.au/node/apni/2917257","Grevillea scortechinii subsp. scortechinii","Grevillea","Proteaceae","Proteales","Equisetopsida","Charophyta","Plantae","Black Grevillea","exactMatch",
"Prasophyllum littorale","Prasophyllum littorale","Coastal Leek Orchid","Orchidaceae","Critically Endangered","Critically Endangered","Critically Endangered","","https://id.biodiversity.org.au/taxon/apni/51795162","Prasophyllum litorale","Prasophyllum","Orchidaceae","Asparagales","Equisetopsida","Charophyta","Plantae","Coast Leek-orchid","fuzzyMatch",
"Diplazium cordifolium","Diplazium cordifolium","-","Athyriaceae","Vulnerable","Vulnerable","Vulnerable","","https://id.biodiversity.org.au/node/apni/2918049","Diplazium cordifolium","Diplazium","Woodsiaceae","Polypodiales","Equisetopsida","Charophyta","Plantae",,"exactMatch",
"Tympanocryptis lineata","Tympanocryptis lineata","Canberra Grassland Earless Dragon, Lined Earless Dragon","Agamidae","Critically Endangered","Critically Endangered","Critically Endangered","","https://biodiversity.org.au/afd/taxa/3e24f23e-d34c-48cc-a024-f71e8e26280f","Tympanocryptis lineata","Tympanocryptis","Agamidae","Squamata","Reptilia","Chordata","Animalia","Canberra Grassland Earless Dragon","exactMatch",
"Grevillea treueriana","Grevillea treueriana","Mt Finke Grevillea, Scarlet Grevillea","Proteaceae","Vulnerable","Vulnerable","Vulnerable","","https://id.biodiversity.org.au/node/apni/2897335","Grevillea treueriana","Grevillea","Proteaceae","Proteales","Equisetopsida","Charophyta","Plantae","Mt Finke Grevillea","exactMatch",
"Anomalopus mackayi","Anomalopus mackayi","Five-clawed Worm-skink, Long-legged Worm-skink","Scincidae","Vulnerable","Vulnerable","Vulnerable","","https://biodiversity.org.au/afd/taxa/4719ff01-9ce1-46b7-9d07-6fb76bc33663","Anomalopus mackayi","Anomalopus","Scincidae","Squamata","Reptilia","Chordata","Animalia","Five-clawed Worm-skink","exactMatch",
"Macronectes halli","Macronectes halli","Northern Giant Petrel","Procellariidae","Vulnerable","Vulnerable","Vulnerable","","https://biodiversity.org.au/afd/taxa/b4971f23-99a4-419f-bf99-549741781cf9","Macronectes halli","Macronectes","Procellariidae","Procellariiformes","Aves","Chordata","Animalia","Northern Giant-petrel","exactMatch",
"Commersonia prostrata","Commersonia prostrata","Dwarf Kerrawang","Malvaceae","Endangered","Endangered","Endangered","","https://id.biodiversity.org.au/node/apni/2907022","Commersonia prostrata","Commersonia","Malvaceae","Malvales","Equisetopsida","Charophyta","Plantae","Dwarf Kerrawang","exactMatch",
"Pseudocharopa ledgbirdi","Pseudocharopa ledgbirdi","Mount Lidgbird Charopid Land Snail","Charopidae","Critically Endangered","Critically Endangered","Critically Endangered","","https://biodiversity.org.au/afd/taxa/d9a226fd-069a-4fb5-88f4-d1939b47909d","Pseudocharopa ledgbirdi","Pseudocharopa","Charopidae","Stylommatophora","Gastropoda","Mollusca","Animalia","Mount Lidgbird Pinwheel Snail","exactMatch",
"Myriophyllum coronatum","Myriophyllum coronatum","-","Haloragaceae","Vulnerable","Vulnerable","Vulnerable","","https://id.biodiversity.org.au/node/apni/2901248","Myriophyllum coronatum","Myriophyllum","Haloragaceae","Saxifragales","Equisetopsida","Charophyta","Plantae",,"exactMatch",
"Reedia spathacea","Reedia spathacea","Reedia","Cyperaceae","Critically Endangered","Critically Endangered","Critically Endangered","","https://id.biodiversity.org.au/node/apni/2913774","Reedia spathacea","Reedia","Cyperaceae","Poales","Equisetopsida","Charophyta","Plantae","Reedia","exactMatch",
"Mogurnda thermophila","Mogurnda thermophila","Dalhousie Mogurnda, Dalhousie Purple-spotted Gudgeon","Eleotridae","Critically Endangered","Critically Endangered","Critically Endangered","","https://biodiversity.org.au/afd/taxa/2ad14c18-0bca-44bd-9284-e8651418288d","Mogurnda thermophila","Mogurnda","Eleotridae","Perciformes","Actinopterygii","Chordata","Animalia","Dalhousie Mogurnda","exactMatch",
"Pterostylis bicornis","Pterostylis bicornis","-","Orchidaceae","Vulnerable","Vulnerable","Vulnerable","","https://id.biodiversity.org.au/taxon/apni/51316867","Pterostylis bicornis","Pterostylis","Orchidaceae","Asparagales","Equisetopsida","Charophyta","Plantae","Horned Greenhood","exactMatch",
"Paspalidium grandispiculatum","Paspalidium grandispiculatum","a grass","Poaceae","Vulnerable","Vulnerable","Vulnerable","","https://id.biodiversity.org.au/node/apni/2894996","Paspalidium grandispiculatum","Paspalidium","Poaceae","Poales","Equisetopsida","Charophyta","Plantae","A Grass","exactMatch",
"Balaenoptera physalus","Balaenoptera physalus","Fin Whale","Balaenopteridae","Vulnerable","Vulnerable","Vulnerable","","https://biodiversity.org.au/afd/taxa/4de14593-cecd-4216-af1b-6f9f3909dd25","Balaenoptera physalus","Balaenoptera","Balaenopteridae","Artiodactyla","Mammalia","Chordata","Animalia","Fin Whale","exactMatch",
"Banksia aurantia","Banksia aurantia","Orange Dryandra","Proteaceae","Critically Endangered","Critically Endangered","Critically Endangered","","https://id.biodiversity.org.au/node/apni/2907673","Banksia aurantia","Banksia","Proteaceae","Proteales","Equisetopsida","Charophyta","Plantae","Orange Dryandra","exactMatch",
"Prasophyllum robustum","Prasophyllum robustum","Robust Leek-orchid","Orchidaceae","Critically Endangered","Critically Endangered","Critically Endangered","","https://id.biodiversity.org.au/taxon/apni/51795267","Prasophyllum robustum","Prasophyllum","Orchidaceae","Asparagales","Equisetopsida","Charophyta","Plantae","Robust Leekorchid","exactMatch",
"Brachychiton guymeri","Brachychiton guymeri","Blackwall Range Kurrajong","Malvaceae","Critically Endangered","Critically Endangered","Critically Endangered","","https://id.biodiversity.org.au/taxon/apni/51777356","Brachychiton guymeri","Brachychiton","Malvaceae","Malvales","Equisetopsida","Charophyta","Plantae",,"exactMatch",
"Gastrolobium vestitum","Gastrolobium vestitum","-","Fabaceae","Critically Endangered","Critically Endangered","Critically Endangered","","https://id.biodiversity.org.au/node/apni/2906608","Gastrolobium vestitum","Gastrolobium","Fabaceae","Fabales","Equisetopsida","Charophyta","Plantae",,"exactMatch",
"Grevillea glossadenia","Grevillea glossadenia","-","Proteaceae","Vulnerable","Vulnerable","Vulnerable","","https://id.biodiversity.org.au/node/apni/2908215","Grevillea glossadenia","Grevillea","Proteaceae","Proteales","Equisetopsida","Charophyta","Plantae",,"exactMatch",
"Senecio macrocarpus","Senecio macrocarpus","Large-fruit Fireweed, Large-fruit Groundsel","Asteraceae","Vulnerable","Vulnerable","Vulnerable","","https://id.biodiversity.org.au/node/apni/2890874","Senecio macrocarpus","Senecio","Asteraceae","Asterales","Equisetopsida","Charophyta","Plantae","Large-fruit Groundsel","exactMatch",
"Hemibelideus lemuroides","Hemibelideus lemuroides","Lemuroid Ringtail Possum","Pseudocheiridae","Endangered","Endangered","Endangered","","https://biodiversity.org.au/afd/taxa/16ed6367-90fb-4c22-9953-f92c27d22e9f","Hemibelideus lemuroides","Hemibelideus","Pseudocheiridae","Diprotodontia","Mammalia","Chordata","Animalia","Lemuroid Ringtail Possum","exactMatch",
"Hypotaenidia sylvestris","Hypotaenidia sylvestris","Lord Howe Woodhen","Rallidae","Endangered","Endangered","Endangered","","https://biodiversity.org.au/afd/taxa/955b13a7-5761-4a45-8939-8a634547e9eb","Hypotaenidia sylvestris","Hypotaenidia","Rallidae","Gruiformes","Aves","Chordata","Animalia","Lord Howe Woodhen","exactMatch",
"Lophochroa leadbeateri leadbeateri","Lophochroa leadbeateri leadbeateri","Major Mitchell's Cockatoo (eastern), Eastern Major Mitchell's Cockatoo, Pink Cockatoo (eastern)","Cacatuidae","Endangered","Endangered","Endangered","","https://biodiversity.org.au/afd/taxa/9c73df1d-400f-4657-b61c-a216be2a964d","Lophochroa leadbeateri leadbeateri","Lophochroa","Cacatuidae","Psittaciformes","Aves","Chordata","Animalia","Major Mitchell's Cockatoo","exactMatch",
"Eleocharis retroflexa","Eleocharis retroflexa","a sedge","Cyperaceae","Vulnerable","Vulnerable","Vulnerable","","https://id.biodiversity.org.au/node/apni/2901059","Eleocharis retroflexa","Eleocharis","Cyperaceae","Poales","Equisetopsida","Charophyta","Plantae",,"exactMatch",
"Sminthopsis butleri","Sminthopsis butleri","Butler's Dunnart","Dasyuridae","Vulnerable","Vulnerable","Vulnerable","","https://biodiversity.org.au/afd/taxa/9b0e7696-cce9-4d7f-9cb4-8e134b48b7aa","Sminthopsis butleri","Sminthopsis","Dasyuridae","Dasyuromorphia","Mammalia","Chordata","Animalia","Butler's Dunnart","exactMatch",
"Brachyscome brownii","Brachyscome brownii","-","Asteraceae","Critically Endangered","Critically Endangered","Critically Endangered","","https://id.biodiversity.org.au/node/apni/2920707","Brachyscome brownii","Brachyscome","Asteraceae","Asterales","Equisetopsida","Charophyta","Plantae",,"exactMatch",
"Caladenia melanema","Caladenia melanema","Ballerina Orchid, Ballerina Spider Orchid","Orchidaceae","Critically Endangered","Critically Endangered","Critically Endangered","","https://id.biodiversity.org.au/taxon/apni/51399195","Caladenia melanema","Caladenia","Orchidaceae","Asparagales","Equisetopsida","Charophyta","Plantae","Ballerina Orchid","exactMatch",
"Gastrolobium diabolophyllum","Gastrolobium diabolophyllum","Bodallin Poison","Fabaceae","Critically Endangered","Critically Endangered","Critically Endangered","","https://id.biodiversity.org.au/node/apni/2918947","Gastrolobium diabolophyllum","Gastrolobium","Fabaceae","Fabales","Equisetopsida","Charophyta","Plantae","Bodallin Poison","exactMatch",
"Paragalaxias mesotes","Paragalaxias mesotes","Arthurs Paragalaxias","Galaxiidae","Endangered","Endangered","Endangered","","https://biodiversity.org.au/afd/taxa/730ed01d-22d8-4568-9a27-4f410bddc423","Paragalaxias mesotes","Paragalaxias","Galaxiidae","Salmoniformes","Actinopterygii","Chordata","Animalia","Arthurs Paragalaxias","exactMatch",
"Gingidia rupicola","Gingidia rupicola","Mountain Angelica, Broad-leafed Carrot","Apiaceae","Endangered","Endangered","Endangered","","https://id.biodiversity.org.au/node/apni/6904884","Gingidia rupicola","Gingidia","Apiaceae","Apiales","Equisetopsida","Charophyta","Plantae","Broadleafed Carrot","exactMatch",
"Acacia lauta","Acacia lauta","Tara Wattle","Fabaceae","Vulnerable","Vulnerable","Vulnerable","","https://id.biodiversity.org.au/node/apni/2886854","Acacia lauta","Acacia","Fabaceae","Fabales","Equisetopsida","Charophyta","Plantae","Tara Wattle","exactMatch",
"Prasophyllum pruinosum","Prasophyllum pruinosum","Plum Leek-orchid","Orchidaceae","Endangered","Endangered","Endangered","","https://id.biodiversity.org.au/taxon/apni/51795251","Prasophyllum pruinosum","Prasophyllum","Orchidaceae","Asparagales","Equisetopsida","Charophyta","Plantae","Plum Leek-orchid","exactMatch",
"Neisosperma kilneri","Neisosperma kilneri","-","Apocynaceae","Vulnerable","Vulnerable","Vulnerable","","https://id.biodiversity.org.au/node/apni/2916163","Neisosperma kilneri","Neisosperma","Apocynaceae","Gentianales","Equisetopsida","Charophyta","Plantae",,"exactMatch",
"Eucalyptus scopulorum","Eucalyptus scopulorum","-","Myrtaceae","Critically Endangered","Critically Endangered","Critically Endangered","","https://id.biodiversity.org.au/node/apni/2918527","Eucalyptus scopulorum","Eucalyptus","Myrtaceae","Myrtales","Equisetopsida","Charophyta","Plantae",,"exactMatch",
"Thalassarche eremita","Thalassarche eremita","Chatham Albatross","Diomedeidae","Endangered","Endangered","Endangered","","ALA_DR30474_518","Thalassarche eremita","Thalassarche","Diomedeidae","Procellariiformes","Aves","Chordata","Animalia","Chatham Albatross","exactMatch",
"Spyridium obcordatum","Spyridium obcordatum","Creeping Dusty Miller","Rhamnaceae","Vulnerable","Vulnerable","Vulnerable","","https://id.biodiversity.org.au/node/apni/2887808","Spyridium obcordatum","Spyridium","Rhamnaceae","Rosales","Equisetopsida","Charophyta","Plantae","Creeping Dusty Miller","exactMatch",
"Euphorbia obliqua","Euphorbia obliqua","a herb","Euphorbiaceae","Vulnerable","Vulnerable","Vulnerable","","https://id.biodiversity.org.au/node/apni/7206610","Euphorbia obliqua","Euphorbia","Euphorbiaceae","Malpighiales","Equisetopsida","Charophyta","Plantae","A Herb","exactMatch",
"Verticordia hughanii","Verticordia hughanii","Hughan's Featherflower","Myrtaceae","Endangered","Endangered","Endangered","","https://id.biodiversity.org.au/node/apni/2910452","Verticordia hughanii","Verticordia","Myrtaceae","Myrtales","Equisetopsida","Charophyta","Plantae","Hughan's Featherflower","exactMatch",
"Notomys fuscus","Notomys fuscus","Dusky Hopping-mouse, Wilkiniti","Muridae","Vulnerable","Vulnerable","Vulnerable","","https://biodiversity.org.au/afd/taxa/c0e8f4ca-3c7e-4b71-9d8f-992e3e3b07b9","Notomys fuscus","Notomys","Muridae","Rodentia","Mammalia","Chordata","Animalia","Dusky Hopping-mouse","exactMatch",
"Litoria verreauxii alpina","Litoria verreauxii alpina","Alpine Tree Frog, Verreaux's Alpine Tree Frog","Pelodryadidae","Vulnerable","Vulnerable","Vulnerable","","https://biodiversity.org.au/afd/taxa/a4725730-265f-4182-854c-cbfded23d3fe","Litoria verreauxii alpina","Litoria","Pelodryadidae","Anura","Amphibia","Chordata","Animalia","Alpine Tree Frog","exactMatch",
"Prostanthera tallowa","Prostanthera tallowa","-","Lamiaceae","Endangered","Endangered","Endangered","","https://id.biodiversity.org.au/taxon/apni/51438299","Prostanthera tallowa","Prostanthera","Lamiaceae","Lamiales","Equisetopsida","Charophyta","Plantae",,"exactMatch",
"Rhizanthella johnstonii","Rhizanthella johnstonii","South Coast Underground Orchid","Orchidaceae","Critically Endangered","Critically Endangered","Critically Endangered","","https://id.biodiversity.org.au/taxon/apni/51442000","Rhizanthella johnstonii","Rhizanthella","Orchidaceae","Asparagales","Equisetopsida","Charophyta","Plantae","South Coast Underground Orchid","exactMatch",
"Sannantha whitei","Sannantha whitei","-","Myrtaceae","Critically Endangered","Critically Endangered","Critically Endangered","","https://id.biodiversity.org.au/taxon/apni/51290322","Sannantha whitei","Sannantha","Myrtaceae","Myrtales","Equisetopsida","Charophyta","Plantae",,"exactMatch",
"Parvulastra vivipara","Parvulastra vivipara","Tasmanian Live-bearing Seastar","Asterinidae","Vulnerable","Vulnerable","Vulnerable","","https://biodiversity.org.au/afd/taxa/0778c950-bab7-4e06-b45d-47990d1485f6","Parvulastra vivipara","Parvulastra","Asterinidae","Valvatida","Asteroidea","Echinodermata","Animalia","Tasmanian Livebearing Seastar","exactMatch",
"Caladenia concolor","Caladenia concolor","Crimson Spider-orchid, Maroon Spider-orchid","Orchidaceae","Vulnerable","Vulnerable","Vulnerable","","https://id.biodiversity.org.au/taxon/apni/51398911","Caladenia concolor","Caladenia","Orchidaceae","Asparagales","Equisetopsida","Charophyta","Plantae","Crimson Spider Orchid","exactMatch",
"Kelleria bogongensis","Kelleria bogongensis","Kelleria","Thymelaeaceae","Vulnerable","Vulnerable","Vulnerable","","https://id.biodiversity.org.au/taxon/apni/51294495","Kelleria bogongensis","Kelleria","Thymelaeaceae","Malvales","Equisetopsida","Charophyta","Plantae","Snow Daphne","exactMatch",
"Macrozamia pauli-guilielmi","Macrozamia pauli-guilielmi","Pineapple Zamia","Zamiaceae","Endangered","Endangered","Endangered","","https://id.biodiversity.org.au/taxon/apni/51448903","Macrozamia pauli-guilielmi","Macrozamia","Zamiaceae","Cycadales","Equisetopsida","Charophyta","Plantae","Pineapple Zamia","exactMatch",
"Asterolasia elegans","Asterolasia elegans","-","Rutaceae","Endangered","Endangered","Endangered","","https://id.biodiversity.org.au/node/apni/2886925","Asterolasia elegans","Asterolasia","Rutaceae","Sapindales","Equisetopsida","Charophyta","Plantae",,"exactMatch",
"Taudactylus pleione","Taudactylus pleione","Kroombit Tinker Frog, Pleione's Torrent Frog","Myobatrachidae","Critically Endangered","Critically Endangered","Critically Endangered","","https://biodiversity.org.au/afd/taxa/01f4cef7-4dd4-40ab-b0e4-c8234b2164d2","Taudactylus pleione","Taudactylus","Myobatrachidae","Anura","Amphibia","Chordata","Animalia","Kroombit Tinker Frog","exactMatch",
"Epacris sparsa","Epacris sparsa","-","Ericaceae","Endangered","Endangered","Endangered","","https://id.biodiversity.org.au/node/apni/2916105","Epacris sparsa","Epacris","Ericaceae","Ericales","Equisetopsida","Charophyta","Plantae","Sparse Heath","exactMatch",
"Corunastylis firthii","Corunastylis firthii","Firth's Midge-orchid","Orchidaceae","Critically Endangered","Critically Endangered","Critically Endangered","","https://id.biodiversity.org.au/taxon/apni/51441215","Corunastylis firthii","Corunastylis","Orchidaceae","Asparagales","Equisetopsida","Charophyta","Plantae","Firth's Midgeorchid","exactMatch",
"Nannoperca australis Murray-Darling Basin lineage","Nannoperca australis Murray-Darling Basin lineage","Southern Pygmy Perch (Murray-Darling Basin lineage)","Percichthyidae","Vulnerable","Vulnerable","Vulnerable","","ALA_DR30474_1365","Nannoperca australis Murray-Darling Basin lineage","Nannoperca","Percichthyidae","Perciformes","Actinopterygii","Chordata","Animalia","Southern Pygmy Perch (murraydarling Basin Lineage)","exactMatch",
"Veronica parnkalliana","Veronica parnkalliana","Port Lincoln Speedwell","Plantaginaceae","Endangered","Endangered","Endangered","","https://id.biodiversity.org.au/node/apni/2887402","Veronica parnkalliana","Veronica","Plantaginaceae","Lamiales","Equisetopsida","Charophyta","Plantae","Port Lincoln Speedwell","exactMatch",
"Mesembriomys gouldii melvillensis","Mesembriomys gouldii melvillensis","Black-footed Tree-rat (Melville Island)","Muridae","Vulnerable","Vulnerable","Vulnerable","","https://biodiversity.org.au/afd/taxa/cc99bd2c-1fb0-42a0-9ceb-86b8b9e437b2","Mesembriomys gouldii melvillensis","Mesembriomys","Muridae","Rodentia","Mammalia","Chordata","Animalia","Blackfooted Treerat (melville Island)","exactMatch",
"Olearia microdisca","Olearia microdisca","Small-flowered Daisy-bush","Asteraceae","Endangered","Endangered","Endangered","","https://id.biodiversity.org.au/node/apni/2888562","Olearia microdisca","Olearia","Asteraceae","Asterales","Equisetopsida","Charophyta","Plantae","Small-flower Daisy-bush","exactMatch",
"Grevillea celata","Grevillea celata","Colquhoun Grevillea, Nowa Nowa Grevillea","Proteaceae","Vulnerable","Vulnerable","Vulnerable","","https://id.biodiversity.org.au/node/apni/2918215","Grevillea celata","Grevillea","Proteaceae","Proteales","Equisetopsida","Charophyta","Plantae","Colquhoun Grevillea","exactMatch",
"Grevillea iaspicula","Grevillea iaspicula","Wee Jasper Grevillea","Proteaceae","Endangered","Endangered","Endangered","","https://id.biodiversity.org.au/node/apni/2897239","Grevillea iaspicula","Grevillea","Proteaceae","Proteales","Equisetopsida","Charophyta","Plantae","Wee Jasper Grevillea","exactMatch",
"Caladenia dienema","Caladenia dienema","Windswept Spider-orchid","Orchidaceae","Endangered","Endangered","Endangered","","https://id.biodiversity.org.au/taxon/apni/51398944","Caladenia dienema","Caladenia","Orchidaceae","Asparagales","Equisetopsida","Charophyta","Plantae","Windswept Spiderorchid","exactMatch",
"Acacia aprica","Acacia aprica","Blunt Wattle","Fabaceae","Endangered","Endangered","Endangered","","https://id.biodiversity.org.au/node/apni/2903843","Acacia aprica","Acacia","Fabaceae","Fabales","Equisetopsida","Charophyta","Plantae","Blunt Wattle","exactMatch",
"Tetratheca aphylla","Tetratheca aphylla","Bungalbin Tetratheca","Elaeocarpaceae","Vulnerable","Vulnerable","Vulnerable","","https://id.biodiversity.org.au/node/apni/2915715","Tetratheca aphylla","Tetratheca","Elaeocarpaceae","Oxalidales","Equisetopsida","Charophyta","Plantae","Bungalbin Tetratheca","exactMatch",
"Syzygium moorei","Syzygium moorei","Rose Apple, Coolamon, Robby, Durobby, Watermelon Tree, Coolamon Rose Apple","Myrtaceae","Vulnerable","Vulnerable","Vulnerable","","https://id.biodiversity.org.au/node/apni/2894303","Syzygium moorei","Syzygium","Myrtaceae","Myrtales","Equisetopsida","Charophyta","Plantae","Durobby","exactMatch",
"Caladenia brumalis","Caladenia brumalis","Winter Spider-orchid","Orchidaceae","Vulnerable","Vulnerable","Vulnerable","","https://id.biodiversity.org.au/taxon/apni/51398844","Caladenia brumalis","Caladenia","Orchidaceae","Asparagales","Equisetopsida","Charophyta","Plantae","Winter Spiderorchid","exactMatch",
"Eucalyptus coronata","Eucalyptus coronata","Crowned Mallee","Myrtaceae","Vulnerable","Vulnerable","Vulnerable","","https://id.biodiversity.org.au/node/apni/2894498","Eucalyptus coronata","Eucalyptus","Myrtaceae","Myrtales","Equisetopsida","Charophyta","Plantae","Crowned Mallee","exactMatch",
"Drosera schizandra","Drosera schizandra","-","Droseraceae","Vulnerable","Vulnerable","Vulnerable","","https://id.biodiversity.org.au/node/apni/2915846","Drosera schizandra","Drosera","Droseraceae","Caryophyllales","Equisetopsida","Charophyta","Plantae","Notched Sundew","exactMatch",
"Eucalyptus cadens","Eucalyptus cadens","Warby Range Swamp Gum","Myrtaceae","Vulnerable","Vulnerable","Vulnerable","","https://id.biodiversity.org.au/node/apni/2914627","Eucalyptus cadens","Eucalyptus","Myrtaceae","Myrtales","Equisetopsida","Charophyta","Plantae","Warby Range Swamp-gum","exactMatch",
"Pseudemoia rawlinsoni","Pseudemoia rawlinsoni","Glossy Grass Skink, Swampland Cool-skink, Rawlinson's Window-eyed Skink","Scincidae","Vulnerable","Vulnerable","Vulnerable","","https://biodiversity.org.au/afd/taxa/4a3105b5-ef0a-4e05-aeed-73683ad12b03","Pseudemoia rawlinsoni","Pseudemoia","Scincidae","Squamata","Reptilia","Chordata","Animalia","Glossy Grass Skink","exactMatch",
"Caladenia winfieldii","Caladenia winfieldii","Majestic Spider-orchid","Orchidaceae","Endangered","Endangered","Endangered","","https://id.biodiversity.org.au/taxon/apni/51399464","Caladenia winfieldii","Caladenia","Orchidaceae","Asparagales","Equisetopsida","Charophyta","Plantae","Majestic Spider Orchid","exactMatch",
"Androcalva perkinsiana","Androcalva perkinsiana","Headland Commersonia","Malvaceae","Critically Endangered","Critically Endangered","Critically Endangered","","https://id.biodiversity.org.au/node/apni/2887047","Androcalva perkinsiana","Androcalva","Malvaceae","Malvales","Equisetopsida","Charophyta","Plantae","Headland Commersonia","exactMatch",
"Antipodia chaostola leucophaea","Antipodia chaostola leucophaea","Tasmanian Chaostola Skipper, Heath-sand Skipper","Hesperiidae","Endangered","Endangered","Endangered","","https://biodiversity.org.au/afd/taxa/c4df667d-f909-4d6f-abe0-91270228e721","Antipodia chaostola leucophaea","Antipodia","Hesperiidae","Lepidoptera","Insecta","Arthropoda","Animalia","Heathsand Skipper","exactMatch",
"Nannoperca variegata","Nannoperca variegata","Variegated Pygmy Perch, Ewens Pygmy Perch, Golden Pygmy Perch","Percichthyidae","Vulnerable","Vulnerable","Vulnerable","","https://biodiversity.org.au/afd/taxa/784547a8-bb1f-430d-946d-8e65cb5818c3","Nannoperca variegata","Nannoperca","Percichthyidae","Perciformes","Actinopterygii","Chordata","Animalia","Ewens Pygmy Perch","exactMatch",
"Ballantinia antipoda","Ballantinia antipoda","Southern Shepherd's Purse","Brassicaceae","Endangered","Endangered","Endangered","","https://id.biodiversity.org.au/taxon/apni/51439191","Ballantinia antipoda","Ballantinia","Brassicaceae","Brassicales","Equisetopsida","Charophyta","Plantae","Southern Shepherd's Purse","exactMatch",
"Saltuarius moritzi","Saltuarius moritzi","New England Leaf-tailed Gecko, Moritz's Leaf-tailed Gecko","Carphodactylidae","Endangered","Endangered","Endangered","","https://biodiversity.org.au/afd/taxa/b2e980a7-3afe-46a6-9843-b515a767c58d","Saltuarius moritzi","Saltuarius","Carphodactylidae","Squamata","Reptilia","Chordata","Animalia","Moritz's Leaf-tailed Gecko","exactMatch",
"Pterostylis arenicola","Pterostylis arenicola","Sandhill Greenhood Orchid","Orchidaceae","Vulnerable","Vulnerable","Vulnerable","","https://id.biodiversity.org.au/taxon/apni/51412024","Pterostylis arenicola","Pterostylis","Orchidaceae","Asparagales","Equisetopsida","Charophyta","Plantae","Sandhill Greenhood","exactMatch",
"Eucalyptus beardiana","Eucalyptus beardiana","Beard's Mallee","Myrtaceae","Vulnerable","Vulnerable","Vulnerable","","https://id.biodiversity.org.au/node/apni/2905945","Eucalyptus beardiana","Eucalyptus","Myrtaceae","Myrtales","Equisetopsida","Charophyta","Plantae","Beard's Mallee","exactMatch",
"Zieria obcordata","Zieria obcordata","Granite Zieria","Rutaceae","Endangered","Endangered","Endangered","","https://id.biodiversity.org.au/node/apni/2903104","Zieria obcordata","Zieria","Rutaceae","Sapindales","Equisetopsida","Charophyta","Plantae","Granite Zieria","exactMatch",
"Trachymene scapigera","Trachymene scapigera","Mountain Trachymene","Apiaceae","Endangered","Endangered","Endangered","","https://id.biodiversity.org.au/node/apni/2903508","Trachymene scapigera","Trachymene","Araliaceae","Apiales","Equisetopsida","Charophyta","Plantae","Mountain Trachymene","exactMatch",
"Acacia unguicula","Acacia unguicula","a shrub","Fabaceae","Critically Endangered","Critically Endangered","Critically Endangered","","https://id.biodiversity.org.au/node/apni/2906165","Acacia unguicula","Acacia","Fabaceae","Fabales","Equisetopsida","Charophyta","Plantae","Acacia","exactMatch",
"Diomedea antipodensis","Diomedea antipodensis","Antipodean Albatross","Diomedeidae","Vulnerable","Vulnerable","Vulnerable","","https://biodiversity.org.au/afd/taxa/5c566548-e698-44bf-996f-8d9be78c02d8","Diomedea antipodensis","Diomedea","Diomedeidae","Procellariiformes","Aves","Chordata","Animalia","Antipodean Albatross","exactMatch",
"Lysiosepalum abollatum","Lysiosepalum abollatum","Woolly Lysiosepalum","Sterculiaceae","Critically Endangered","Critically Endangered","Critically Endangered","","https://id.biodiversity.org.au/node/apni/2896821","Lysiosepalum abollatum","Lysiosepalum","Malvaceae","Malvales","Equisetopsida","Charophyta","Plantae","Woolly Lysiosepalum","exactMatch",
"Sphaerolobium acanthos","Sphaerolobium acanthos","Grampians Globe-pea","Fabaceae","Critically Endangered","Critically Endangered","Critically Endangered","","https://id.biodiversity.org.au/node/apni/2897255","Sphaerolobium acanthos","Sphaerolobium","Fabaceae","Fabales","Equisetopsida","Charophyta","Plantae","Grampians Globe-pea","exactMatch",
"Scaevola macrophylla","Scaevola macrophylla","Large-flowered Scaevola","Goodeniaceae","Critically Endangered","Critically Endangered","Critically Endangered","","https://id.biodiversity.org.au/node/apni/2897201","Scaevola macrophylla","Scaevola","Goodeniaceae","Asterales","Equisetopsida","Charophyta","Plantae","Largeflowered Scaevola","exactMatch",
"Prasophyllum diversiflorum","Prasophyllum diversiflorum","Gorae Leek-orchid","Orchidaceae","Endangered","Endangered","Endangered","","https://id.biodiversity.org.au/taxon/apni/51795071","Prasophyllum diversiflorum","Prasophyllum","Orchidaceae","Asparagales","Equisetopsida","Charophyta","Plantae","Gorae Leek-orchid","exactMatch",
"Spirogardnera rubescens","Spirogardnera rubescens","Spiral Bush","Santalaceae","Endangered","Endangered","Endangered","","https://id.biodiversity.org.au/taxon/apni/51447196","Spirogardnera rubescens","Spirogardnera","Santalaceae","Santalales","Equisetopsida","Charophyta","Plantae","Spiral Bush","exactMatch",
"Caladenia harringtoniae","Caladenia harringtoniae","Harrington's Spider-orchid, Pink Spider-orchid","Orchidaceae","Vulnerable","Vulnerable","Vulnerable","","https://id.biodiversity.org.au/taxon/apni/51399061","Caladenia harringtoniae","Caladenia","Orchidaceae","Asparagales","Equisetopsida","Charophyta","Plantae","Pink Spider Orchid","exactMatch",
"Lepidosperma rostratum","Lepidosperma rostratum","Beaked Lepidosperma","Cyperaceae","Endangered","Endangered","Endangered","","https://id.biodiversity.org.au/node/apni/2915434","Lepidosperma rostratum","Lepidosperma","Cyperaceae","Poales","Equisetopsida","Charophyta","Plantae","Beaked Lepidosperma","exactMatch",
"Amytornis textilis myall","Amytornis textilis myall","Western Grasswren (Gawler Ranges)","Maluridae","Vulnerable","Vulnerable","Vulnerable","","https://biodiversity.org.au/afd/taxa/3d6cb061-86d7-4d30-a5cf-69584279dd08","Amytornis (Amytornis) textilis myall","Amytornis","Maluridae","Passeriformes","Aves","Chordata","Animalia","Eyre Peninsula Western Grasswren","exactMatch",
"Grevillea kennedyana","Grevillea kennedyana","Flame Spider-flower","Proteaceae","Vulnerable","Vulnerable","Vulnerable","","https://id.biodiversity.org.au/node/apni/2902885","Grevillea kennedyana","Grevillea","Proteaceae","Proteales","Equisetopsida","Charophyta","Plantae","Flame Spider Flower","exactMatch",
"Euphrasia ruptura","Euphrasia ruptura","subshrub","Scrophulariaceae","Extinct","Extinct","Extinct","","https://id.biodiversity.org.au/node/apni/2895347","Euphrasia ruptura","Euphrasia","Scrophulariaceae","Lamiales","Equisetopsida","Charophyta","Plantae","Subshrub","exactMatch",
"Chlamydogobius micropterus","Chlamydogobius micropterus","Elizabeth Springs Goby","Gobiidae","Endangered","Endangered","Endangered","","https://biodiversity.org.au/afd/taxa/ccae67ed-5ce5-4767-8b3e-c0243d615c92","Chlamydogobius micropterus","Chlamydogobius","Gobiidae","Perciformes","Actinopterygii","Chordata","Animalia","Elizabeth Springs Goby","exactMatch",
"Grevillea masonii","Grevillea masonii","-","Proteaceae","Endangered","Endangered","Endangered","","https://id.biodiversity.org.au/node/apni/2913810","Grevillea masonii","Grevillea","Proteaceae","Proteales","Equisetopsida","Charophyta","Plantae","Mason's Grevillea","exactMatch",
"Synaphea sp. Serpentine (G.R.Brand 103)","Synaphea sp. Serpentine (G.R.Brand 103)","-","Proteaceae","Critically Endangered","Critically Endangered","Critically Endangered","","https://id.biodiversity.org.au/taxon/apni/51445576","Synaphea sp. Serpentine (G.R.Brand 103)","Synaphea","Proteaceae","Proteales","Equisetopsida","Charophyta","Plantae",,"exactMatch",
"Crinia sloanei","Crinia sloanei","Sloane's Froglet","Myobatrachidae","Endangered","Endangered","Endangered","","https://biodiversity.org.au/afd/taxa/924da89f-f735-47f1-ab31-c84591c04710","Crinia sloanei","Crinia","Myobatrachidae","Anura","Amphibia","Chordata","Animalia","Sloane's Froglet","exactMatch",
"Homoranthus prolixus","Homoranthus prolixus","-","Myrtaceae","Vulnerable","Vulnerable","Vulnerable","","https://id.biodiversity.org.au/node/apni/2919689","Homoranthus prolixus","Homoranthus","Myrtaceae","Myrtales","Equisetopsida","Charophyta","Plantae","Granite Homoranthus","exactMatch",
"Maccullochella macquariensis","Maccullochella macquariensis","Trout Cod","Percichthyidae","Endangered","Endangered","Endangered","","https://biodiversity.org.au/afd/taxa/751ae66c-938c-405f-bb65-c96792db5821","Maccullochella macquariensis","Maccullochella","Percichthyidae","Perciformes","Actinopterygii","Chordata","Animalia","Trout Cod","exactMatch",
"Frankenia plicata","Frankenia plicata","-","Frankeniaceae","Endangered","Endangered","Endangered","","https://id.biodiversity.org.au/node/apni/2906916","Frankenia plicata","Frankenia","Frankeniaceae","Caryophyllales","Equisetopsida","Charophyta","Plantae",,"exactMatch",
"Dipodium campanulatum","Dipodium campanulatum","Bell Flower Hyacinth Orchid","Orchidaceae","Endangered","Endangered","Endangered","","https://id.biodiversity.org.au/taxon/apni/51403385","Dipodium campanulatum","Dipodium","Orchidaceae","Asparagales","Equisetopsida","Charophyta","Plantae","Bell-flower Hyacinth-orchid","exactMatch",
"Acacia praemorsa","Acacia praemorsa","Senna Wattle","Fabaceae","Vulnerable","Vulnerable","Vulnerable","","https://id.biodiversity.org.au/node/apni/2902564","Acacia praemorsa","Acacia","Fabaceae","Fabales","Equisetopsida","Charophyta","Plantae","Senna Wattle","exactMatch",
"Bruguiera x hainesii","Bruguiera x hainesii","Haines's Orange Mangrove","Rhizophoraceae","Critically Endangered","Critically Endangered","Critically Endangered","","https://id.biodiversity.org.au/taxon/apni/51293863","Bruguiera x hainesii","Bruguiera","Rhizophoraceae","Malpighiales","Equisetopsida","Charophyta","Plantae","Haines's Orange Mangrove","exactMatch",
"Darwinia wittwerorum","Darwinia wittwerorum","Wittwer's Mountain Bell","Myrtaceae","Endangered","Endangered","Endangered","","https://id.biodiversity.org.au/node/apni/2904703","Darwinia wittwerorum","Darwinia","Myrtaceae","Myrtales","Equisetopsida","Charophyta","Plantae","Wittwer's Mountain Bell","exactMatch",
"Diuris flavescens","Diuris flavescens","Pale Yellow Doubletail, Wingham Doubletail","Orchidaceae","Critically Endangered","Critically Endangered","Critically Endangered","","https://id.biodiversity.org.au/taxon/apni/51404227","Diuris flavescens","Diuris","Orchidaceae","Asparagales","Equisetopsida","Charophyta","Plantae","Pale Yellow Doubletail","exactMatch",
"Davidsonia johnsonii","Davidsonia johnsonii","Smooth Davidsonia, Smooth Davidson's Plum, Small-leaved Davidson's Plum","Cunoniaceae","Endangered","Endangered","Endangered","","https://id.biodiversity.org.au/taxon/apni/51434155","Davidsonia johnsonii","Davidsonia","Cunoniaceae","Oxalidales","Equisetopsida","Charophyta","Plantae","Smooth Davidson's Plum","exactMatch",
"Stonesiella selaginoides","Stonesiella selaginoides","Clubmoss Bush-pea","Fabaceae","Endangered","Endangered","Endangered","","https://id.biodiversity.org.au/node/apni/2903108","Stonesiella selaginoides","Stonesiella","Fabaceae","Fabales","Equisetopsida","Charophyta","Plantae","Clubmoss Bushpea","exactMatch",
"Wollemia nobilis","Wollemia nobilis","Wollemi Pine","Araucariaceae","Critically Endangered","Critically Endangered","Critically Endangered","","https://id.biodiversity.org.au/node/apni/2899238","Wollemia nobilis","Wollemia","Araucariaceae","Pinales","Equisetopsida","Charophyta","Plantae","Wollemi Pine","exactMatch",
"Samadera sp. Moonee Creek (J.King s.n. Nov. 1949)","Samadera sp. Moonee Creek (J.King s.n. Nov. 1949)","-","Simaroubaceae","Endangered","Endangered","Endangered","","https://id.biodiversity.org.au/node/apni/2907911","Samadera sp. Moonee Creek (J.King s.n. Nov. 1949)","Samadera","Simaroubaceae","Sapindales","Equisetopsida","Charophyta","Plantae",,"exactMatch",
"Darwinia apiculata","Darwinia apiculata","Scarp Darwinia","Proteaceae","Endangered","Endangered","Endangered","","https://id.biodiversity.org.au/node/apni/2897222","Darwinia apiculata","Darwinia","Myrtaceae","Myrtales","Equisetopsida","Charophyta","Plantae","Scarp Darwinia","exactMatch",
"Sophora fraseri","Sophora fraseri","-","Fabaceae","Vulnerable","Vulnerable","Vulnerable","","https://id.biodiversity.org.au/node/apni/2909150","Sophora fraseri","Sophora","Fabaceae","Fabales","Equisetopsida","Charophyta","Plantae","Brush Sophora","exactMatch",
"Acronychia littoralis","Acronychia littoralis","Scented Acronychia","Rutaceae","Endangered","Endangered","Endangered","","https://id.biodiversity.org.au/node/apni/2907701","Acronychia littoralis","Acronychia","Rutaceae","Sapindales","Equisetopsida","Charophyta","Plantae","Scented Acronychia","exactMatch",
"Diomedea sanfordi","Diomedea sanfordi","Northern Royal Albatross","Diomedeidae","Endangered","Endangered","Endangered","","https://biodiversity.org.au/afd/taxa/fef65ae9-949c-44ea-8533-1745bf097a74","Diomedea sanfordi","Diomedea","Diomedeidae","Procellariiformes","Aves","Chordata","Animalia","Northern Royal Albatross","exactMatch",
"Mathewsoconcha grayi ms","Mathewsoconcha grayi ms","Gray's Helicarionid Land Snail","Helicarionidae","Critically Endangered","Critically Endangered","Critically Endangered","","https://biodiversity.org.au/afd/taxa/e23a7db1-279e-46ac-8976-2a30e9c0f5ca","Advena grayi","Advena","Microcystidae","Stylommatophora","Gastropoda","Mollusca","Animalia",,"exactMatch",
"Petaurus gracilis","Petaurus gracilis","Mahogany Glider","Petauridae","Endangered","Endangered","Endangered","","https://biodiversity.org.au/afd/taxa/7ea6b547-e9fb-4e69-8827-323f40a9175e","Petaurus gracilis","Petaurus","Petauridae","Diprotodontia","Mammalia","Chordata","Animalia","Mahogany Glider","exactMatch",
"Tetratheca deltoidea","Tetratheca deltoidea","Granite Tetratheca","Elaeocarpaceae","Endangered","Endangered","Endangered","","https://id.biodiversity.org.au/node/apni/2901540","Tetratheca deltoidea","Tetratheca","Elaeocarpaceae","Oxalidales","Equisetopsida","Charophyta","Plantae","Granite Tetratheca","exactMatch",
"Pteris kingiana","Pteris kingiana","King's Brakefern","Pteridaceae","Endangered","Endangered","Endangered","","https://id.biodiversity.org.au/node/apni/2907660","Pteris kingiana","Pteris","Pteridaceae",,"Equisetopsida","Charophyta","Plantae","King's Brakefern","exactMatch",
"Prasophyllum incorrectum","Prasophyllum incorrectum","Golfers Leek-orchid","Orchidaceae","Critically Endangered","Critically Endangered","Critically Endangered","","https://id.biodiversity.org.au/taxon/apni/51795135","Prasophyllum incorrectum","Prasophyllum","Orchidaceae","Asparagales","Equisetopsida","Charophyta","Plantae","Golfers Leekorchid","exactMatch",
"Banksia fuscobractea","Banksia fuscobractea","Dark-bract Banksia","Proteaceae","Critically Endangered","Critically Endangered","Critically Endangered","","https://id.biodiversity.org.au/node/apni/2903345","Banksia fuscobractea","Banksia","Proteaceae","Proteales","Equisetopsida","Charophyta","Plantae","Darkbract Banksia","exactMatch",
"Myrsine richmondensis","Myrsine richmondensis","Purple-leaf Muttonwood, Lismore Muttonwood","Primulaceae","Endangered","Endangered","Endangered","","https://id.biodiversity.org.au/node/apni/2893832","Myrsine richmondensis","Myrsine","Primulaceae","Ericales","Equisetopsida","Charophyta","Plantae","Ripple-leaf Muttonwood","exactMatch",
"Turdus poliocephalus vinitinctus","Turdus poliocephalus vinitinctus","Lord Howe Thrush, Vinous-tinted Thrush","Muscicapidae","Extinct","Extinct","Extinct","","https://biodiversity.org.au/afd/taxa/e865f4f9-dba4-4105-9222-dccde3901ccd","Turdus poliocephalus vinitinctus","Turdus","Turdidae","Passeriformes","Aves","Chordata","Animalia","Lord Howe Thrush","exactMatch",
"Rutidosis heterogama","Rutidosis heterogama","Heath Wrinklewort","Asteraceae","Vulnerable","Vulnerable","Vulnerable","","https://id.biodiversity.org.au/node/apni/2894461","Rutidosis heterogama","Rutidosis","Asteraceae","Asterales","Equisetopsida","Charophyta","Plantae","Heath Wrinklewort","exactMatch",
"Conospermum galeatum","Conospermum galeatum","-","Proteaceae","Critically Endangered","Critically Endangered","Critically Endangered","","https://id.biodiversity.org.au/node/apni/2893083","Conospermum galeatum","Conospermum","Proteaceae","Proteales","Equisetopsida","Charophyta","Plantae",,"exactMatch",
"Mystivagor mastersi","Mystivagor mastersi","Masters' Charopid Land Snail","Charopidae","Critically Endangered","Critically Endangered","Critically Endangered","","https://biodiversity.org.au/afd/taxa/60c7cfbe-44a8-498b-be62-18500c31f383","Mystivagor mastersi","Mystivagor","Charopidae","Stylommatophora","Gastropoda","Mollusca","Animalia","Slug-like Pinwheel Snail","exactMatch",
"Stenanthemum pimeleoides","Stenanthemum pimeleoides","Spreading Stenanthemum, Propellor Plant","Rhamnaceae","Vulnerable","Vulnerable","Vulnerable","","https://id.biodiversity.org.au/node/apni/2907235","Stenanthemum pimeleoides","Stenanthemum","Rhamnaceae","Rosales","Equisetopsida","Charophyta","Plantae","Propellor Plant","exactMatch",
"Bosistoa transversa","Bosistoa transversa","Three-leaved Bosistoa, Yellow Satinheart","Rutaceae","Vulnerable","Vulnerable","Vulnerable","","https://id.biodiversity.org.au/node/apni/2905714","Bosistoa transversa","Bosistoa","Rutaceae","Sapindales","Equisetopsida","Charophyta","Plantae","Threeleaved Yellow Satinheart","exactMatch",
"Caladenia lodgeana","Caladenia lodgeana","Lodge's Spider-orchid","Orchidaceae","Critically Endangered","Critically Endangered","Critically Endangered","","https://id.biodiversity.org.au/taxon/apni/51399138","Caladenia lodgeana","Caladenia","Orchidaceae","Asparagales","Equisetopsida","Charophyta","Plantae","Lodge's Spider Orchid","exactMatch",
"Boronia galbraithiae","Boronia galbraithiae","Aniseed Boronia, Galbraith's Boronia","Rutaceae","Vulnerable","Vulnerable","Vulnerable","","https://id.biodiversity.org.au/node/apni/2916498","Boronia galbraithiae","Boronia","Rutaceae","Sapindales","Equisetopsida","Charophyta","Plantae","Aniseed Galbraith's Boronia","exactMatch",
"Pityrodia scabra subsp. scabra","Pityrodia scabra subsp. scabra","-","Lamiaceae","Endangered","Endangered","Endangered","","https://id.biodiversity.org.au/taxon/apni/51438281","Pityrodia scabra subsp. scabra","Pityrodia","Lamiaceae","Lamiales","Equisetopsida","Charophyta","Plantae",,"exactMatch",
"Ordtrachia septentrionalis","Ordtrachia septentrionalis","Rosewood Keeled Snail","Camaenidae","Critically Endangered","Critically Endangered","Critically Endangered","","https://biodiversity.org.au/afd/taxa/68ac5938-4e81-4cc7-865f-d46b7c177450","Ordtrachia septentrionalis","Ordtrachia","Camaenidae","Stylommatophora","Gastropoda","Mollusca","Animalia","Rosewood Keeled Snail","exactMatch",
"Caladenia luteola","Caladenia luteola","Lemon Spider Orchid","Orchidaceae","Critically Endangered","Critically Endangered","Critically Endangered","","https://id.biodiversity.org.au/taxon/apni/51399179","Caladenia luteola","Caladenia","Orchidaceae","Asparagales","Equisetopsida","Charophyta","Plantae","Lemon Spider Orchid","exactMatch",
"Euastacus jagara","Euastacus jagara","Jagara Hairy Crayfish","Parastacidae","Critically Endangered","Critically Endangered","Critically Endangered","","https://biodiversity.org.au/afd/taxa/30eb983b-9b23-498d-b4c1-d8b8c7353d6f","Euastacus jagara","Euastacus","Parastacidae","Decapoda","Malacostraca","Arthropoda","Animalia","Jagara Hairy Crayfish","exactMatch",
"Hibbertia priceana","Hibbertia priceana","-","Dilleniaceae","Critically Endangered","Critically Endangered","Critically Endangered","","https://id.biodiversity.org.au/node/apni/2920315","Hibbertia priceana","Hibbertia","Dilleniaceae",,"Equisetopsida","Charophyta","Plantae",,"exactMatch",
"Climacteris picumnus victoriae","Climacteris picumnus victoriae","Brown Treecreeper (south-eastern)","Climacteridae","Vulnerable","Vulnerable","Vulnerable","","https://biodiversity.org.au/afd/taxa/fe69a214-d43c-468f-bb83-06402ac95e35","Climacteris (Climacteris) picumnus victoriae","Climacteris","Climacteridae","Passeriformes","Aves","Chordata","Animalia","South-eastern Brown Treecreeper","exactMatch",
"Caladenia conferta","Caladenia conferta","Coast Spider-orchid","Orchidaceae","Endangered","Endangered","Endangered","","https://id.biodiversity.org.au/taxon/apni/51398913","Caladenia conferta","Caladenia","Orchidaceae","Asparagales","Equisetopsida","Charophyta","Plantae","Coast Spiderorchid","exactMatch",
"Dodonaea subglandulifera","Dodonaea subglandulifera","Peep Hill Hop-bush","Sapindaceae","Endangered","Endangered","Endangered","","https://id.biodiversity.org.au/node/apni/2895785","Dodonaea subglandulifera","Dodonaea","Sapindaceae","Sapindales","Equisetopsida","Charophyta","Plantae","Peep Hill Hopbush","exactMatch",
"Correa baeuerlenii","Correa baeuerlenii","Chef's Cap","Rutaceae","Vulnerable","Vulnerable","Vulnerable","","https://id.biodiversity.org.au/node/apni/2897646","Correa baeuerlenii","Correa","Rutaceae","Sapindales","Equisetopsida","Charophyta","Plantae","Chef's Cap","exactMatch",
"Dodonaea procumbens","Dodonaea procumbens","Trailing Hop-bush","Sapindaceae","Vulnerable","Vulnerable","Vulnerable","","https://id.biodiversity.org.au/node/apni/2903899","Dodonaea procumbens","Dodonaea","Sapindaceae","Sapindales","Equisetopsida","Charophyta","Plantae","Trailing Hopbush","exactMatch",
"Hibbertia crispula","Hibbertia crispula","Ooldea Guinea-flower","Dilleniaceae","Vulnerable","Vulnerable","Vulnerable","","https://id.biodiversity.org.au/node/apni/2888746","Hibbertia crispula","Hibbertia","Dilleniaceae",,"Equisetopsida","Charophyta","Plantae","Ooldea Guinea-flower","exactMatch",
"Boronia hippopala","Boronia hippopala","Velvet Boronia","Rutaceae","Vulnerable","Vulnerable","Vulnerable","","https://id.biodiversity.org.au/node/apni/2886285","Boronia hippopala","Boronia","Rutaceae","Sapindales","Equisetopsida","Charophyta","Plantae","Velvet Boronia","exactMatch",
"Xanthostemon oppositifolius","Xanthostemon oppositifolius","Penda, Southern Penda, Luya's Hardwood","Myrtaceae","Vulnerable","Vulnerable","Vulnerable","","https://id.biodiversity.org.au/node/apni/2918636","Xanthostemon oppositifolius","Xanthostemon","Myrtaceae","Myrtales","Equisetopsida","Charophyta","Plantae","Southern Penda","exactMatch",
"Litoria castanea","Litoria castanea","Yellow-spotted Tree Frog, Yellow-spotted Bell Frog","Pelodryadidae","Critically Endangered","Critically Endangered","Critically Endangered","","https://biodiversity.org.au/afd/taxa/47d90301-50df-4d0f-8bc4-e369c08275d6","Litoria castanea","Litoria","Pelodryadidae","Anura","Amphibia","Chordata","Animalia","Yellow-spotted Tree Frog","exactMatch",
"Acacia recurvata","Acacia recurvata","Recurved Wattle","Fabaceae","Endangered","Endangered","Endangered","","https://id.biodiversity.org.au/node/apni/2901180","Acacia recurvata","Acacia","Fabaceae","Fabales","Equisetopsida","Charophyta","Plantae","Recurved Wattle","exactMatch",
"Sminthopsis psammophila","Sminthopsis psammophila","Sandhill Dunnart","Dasyuridae","Endangered","Endangered","Endangered","","https://biodiversity.org.au/afd/taxa/634cc836-dc6b-4ba0-843a-661910974ddb","Sminthopsis psammophila","Sminthopsis","Dasyuridae","Dasyuromorphia","Mammalia","Chordata","Animalia","Sandhill Dunnart","exactMatch",
"Amytornis modestus obscurior","Amytornis modestus obscurior","Grey Range Thick-billed Grasswren, Thick-billed Grasswren (north-west NSW)","Maluridae","Critically Endangered","Critically Endangered","Critically Endangered","","https://biodiversity.org.au/afd/taxa/050e7124-9060-46e5-859f-519e4d47730e","Amytornis (Amytornis) modestus obscurior","Amytornis","Maluridae","Passeriformes","Aves","Chordata","Animalia","Grey Range Thick-billed Grasswren","exactMatch",
"Tecticornia bulbosa","Tecticornia bulbosa","Large-articled Samphire","Chenopodiaceae","Vulnerable","Vulnerable","Vulnerable","","https://id.biodiversity.org.au/node/apni/2896564","Tecticornia bulbosa","Tecticornia","Chenopodiaceae","Caryophyllales","Equisetopsida","Charophyta","Plantae","Large-articled Samphire","exactMatch",
"Diplazium pallidum","Diplazium pallidum","-","Athyriaceae","Endangered","Endangered","Endangered","","https://id.biodiversity.org.au/node/apni/2887112","Diplazium pallidum","Diplazium","Woodsiaceae","Polypodiales","Equisetopsida","Charophyta","Plantae",,"exactMatch",
"Notamacropus parma","Notamacropus parma","Parma Wallaby","Macropodidae","Vulnerable","Vulnerable","Vulnerable","","https://biodiversity.org.au/afd/taxa/93d8dfb7-fc66-4d39-b46a-1b4a531ab6cb","Notamacropus parma","Notamacropus","Macropodidae","Diprotodontia","Mammalia","Chordata","Animalia","Parma Wallaby","exactMatch",
"Senecio evansianus","Senecio evansianus","a daisy","Asteraceae","Endangered","Endangered","Endangered","","https://id.biodiversity.org.au/node/apni/2916211","Senecio evansianus","Senecio","Asteraceae","Asterales","Equisetopsida","Charophyta","Plantae","A Daisy","exactMatch",
"Epthianura crocea macgregori","Epthianura crocea macgregori","Capricorn Yellow Chat, Yellow Chat (Dawson)","Meliphagidae","Critically Endangered","Critically Endangered","Critically Endangered","","https://biodiversity.org.au/afd/taxa/3b102dda-5119-4719-88f9-278dc9e661ea","Epthianura (Aurepthianura) crocea macgregori","Epthianura","Meliphagidae","Passeriformes","Aves","Chordata","Animalia","Capricorn Yellow Chat","exactMatch",
"Aipysurus apraefrontalis","Aipysurus apraefrontalis","Short-nosed Sea Snake, Short-nosed Seasnake","Elapidae","Critically Endangered","Critically Endangered","Critically Endangered","","https://biodiversity.org.au/afd/taxa/4aad68ad-4e06-4fa2-b76f-425a7f655963","Aipysurus apraefrontalis","Aipysurus","Elapidae","Squamata","Reptilia","Chordata","Animalia","Short-nosed Sea Snake","exactMatch",
"Phebalium lowanense","Phebalium lowanense","Lowan Phebalium","Rutaceae","Vulnerable","Vulnerable","Vulnerable","","https://id.biodiversity.org.au/node/apni/2918593","Phebalium lowanense","Phebalium","Rutaceae","Sapindales","Equisetopsida","Charophyta","Plantae","Lowan Phebalium","exactMatch",
"Pimelea venosa","Pimelea venosa","Bolivia Hill Rice-flower","Thymelaeaceae","Endangered","Endangered","Endangered","","https://id.biodiversity.org.au/node/apni/2891541","Pimelea venosa","Pimelea","Thymelaeaceae","Malvales","Equisetopsida","Charophyta","Plantae","Bolivia Hill Rice-flower","exactMatch",
"Hicksbeachia pinnatifolia","Hicksbeachia pinnatifolia","Monkey Nut, Bopple Nut, Red Bopple, Red Bopple Nut, Red Nut, Beef Nut, Red Apple Nut, Red Boppel Nut, Ivory Silky Oak","Proteaceae","Vulnerable","Vulnerable","Vulnerable","","https://id.biodiversity.org.au/node/apni/2891728","Hicksbeachia pinnatifolia","Hicksbeachia","Proteaceae","Proteales","Equisetopsida","Charophyta","Plantae","Red Bopple Nut","exactMatch",
"Conostylis micrantha","Conostylis micrantha","Small-flowered Conostylis","Haemodoraceae","Endangered","Endangered","Endangered","","https://id.biodiversity.org.au/node/apni/6290560","Conostylis micrantha","Conostylis","Haemodoraceae","Commelinales","Equisetopsida","Charophyta","Plantae","Small-flowered Conostylis","exactMatch",
"Eucalyptus argophloia","Eucalyptus argophloia","Queensland White Gum, Queensland Western White Gum, Lapunyah, Scrub Gum, White Gum","Myrtaceae","Vulnerable","Vulnerable","Vulnerable","","https://id.biodiversity.org.au/taxon/apni/51781876","Eucalyptus argophloia","Eucalyptus","Myrtaceae","Myrtales","Equisetopsida","Charophyta","Plantae","Queensland Western White Gum","exactMatch",
"Cordyline obtecta","Cordyline obtecta","Ti","Agavaceae","Vulnerable","Vulnerable","Vulnerable","","https://id.biodiversity.org.au/taxon/apni/51461235","Cordyline obtecta","Cordyline","Asparagaceae","Asparagales","Equisetopsida","Charophyta","Plantae","Ti","exactMatch",
"Androcalva adenothalia","Androcalva adenothalia","-","Malvaceae","Critically Endangered","Critically Endangered","Critically Endangered","","https://id.biodiversity.org.au/node/apni/2886618","Androcalva adenothalia","Androcalva","Malvaceae","Malvales","Equisetopsida","Charophyta","Plantae",,"exactMatch",
"Grevillea dryandroides subsp. dryandroides","Grevillea dryandroides subsp. dryandroides","Phalanx Grevillea","Proteaceae","Endangered","Endangered","Endangered","","https://id.biodiversity.org.au/node/apni/2886743","Grevillea dryandroides subsp. dryandroides","Grevillea","Proteaceae","Proteales","Equisetopsida","Charophyta","Plantae","Phalanx Grevillea","exactMatch",
"Bossiaea peninsularis","Bossiaea peninsularis","Sword Bossiaea","Fabaceae","Endangered","Endangered","Endangered","","https://id.biodiversity.org.au/node/apni/2913039","Bossiaea peninsularis","Bossiaea","Fabaceae","Fabales","Equisetopsida","Charophyta","Plantae","Sword Bossiaea","exactMatch",
"Jacksonia velveta","Jacksonia velveta","Collie Jacksonia","Fabaceae","Endangered","Endangered","Endangered","","https://id.biodiversity.org.au/node/apni/2912168","Jacksonia velveta","Jacksonia","Fabaceae","Fabales","Equisetopsida","Charophyta","Plantae","Collie Jacksonia","exactMatch",
"Ornduffia calthifolia","Ornduffia calthifolia","Mountain Villarsia","Menyanthaceae","Endangered","Endangered","Endangered","","https://id.biodiversity.org.au/taxon/apni/51288676","Ornduffia calthifolia","Ornduffia","Menyanthaceae","Asterales","Equisetopsida","Charophyta","Plantae","Mountain Villarsia","exactMatch",
"Cyphanthera scabrella","Cyphanthera scabrella","-","Solanaceae","Endangered","Endangered","Endangered","","https://id.biodiversity.org.au/node/apni/2895337","Cyphanthera scabrella","Cyphanthera","Solanaceae","Solanales","Equisetopsida","Charophyta","Plantae",,"exactMatch",
"Pseudocheirus occidentalis","Pseudocheirus occidentalis","Western Ringtail Possum, Ngwayir, Womp, Woder, Ngoor, Ngoolangit","Pseudocheiridae","Critically Endangered","Critically Endangered","Critically Endangered","","https://biodiversity.org.au/afd/taxa/df5c846f-14a9-4f0a-93f4-92710cdb4cd7","Pseudocheirus occidentalis","Pseudocheirus","Pseudocheiridae","Diprotodontia","Mammalia","Chordata","Animalia","Western Ringtail Possum","exactMatch",
"Calytrix gurulmundensis","Calytrix gurulmundensis","-","Myrtaceae","Vulnerable","Vulnerable","Vulnerable","","https://id.biodiversity.org.au/taxon/apni/51289326","Calytrix gurulmundensis","Calytrix","Myrtaceae","Myrtales","Equisetopsida","Charophyta","Plantae",,"exactMatch",
"Typhonium praetermissum","Typhonium praetermissum","-","Araceae","Endangered","Endangered","Endangered","","https://id.biodiversity.org.au/node/apni/2896823","Typhonium praetermissum","Typhonium","Araceae","Alismatales","Equisetopsida","Charophyta","Plantae","Typhonium","exactMatch",
"Zieria formosa","Zieria formosa","Shapely Zieria","Rutaceae","Endangered","Endangered","Endangered","","https://id.biodiversity.org.au/node/apni/2911487","Zieria formosa","Zieria","Rutaceae","Sapindales","Equisetopsida","Charophyta","Plantae","Shapely Zieria","exactMatch",
"Keyacris scurra","Keyacris scurra","Key's Matchstick Grasshopper","Morabidae","Endangered","Endangered","Endangered","","https://biodiversity.org.au/afd/taxa/003a110b-42c6-4d82-8172-e5531e03248a","Keyacris scurra","Keyacris","Morabidae","Orthoptera","Insecta","Arthropoda","Animalia","Key's Matchstick Grasshopper","exactMatch",
"Zieria parrisiae","Zieria parrisiae","Parris's Zieria","Rutaceae","Critically Endangered","Critically Endangered","Critically Endangered","","https://id.biodiversity.org.au/node/apni/2919089","Zieria parrisiae","Zieria","Rutaceae","Sapindales","Equisetopsida","Charophyta","Plantae","Parris' Zieria","exactMatch",
"Acacia caerulescens","Acacia caerulescens","Limestone Blue Wattle, Buchan Blue, Buchan Blue Wattle","Fabaceae","Vulnerable","Vulnerable","Vulnerable","","https://id.biodiversity.org.au/node/apni/2893725","Acacia caerulescens","Acacia","Fabaceae","Fabales","Equisetopsida","Charophyta","Plantae","Limestone Blue Wattle","exactMatch",
"Ogyris subterrestris petrina","Ogyris subterrestris petrina","Arid Bronze Azure","Lycaenidae","Critically Endangered","Critically Endangered","Critically Endangered","","https://biodiversity.org.au/afd/taxa/61d239cd-2b92-496e-8b95-049f56d93fc7","Ogyris petrina","Ogyris","Lycaenidae","Lepidoptera","Insecta","Arthropoda","Animalia","Arid Bronze Azure","exactMatch",
"Diuris eborensis","Diuris eborensis","-","Orchidaceae","Endangered","Endangered","Endangered","","https://id.biodiversity.org.au/taxon/apni/51404215","Diuris eborensis","Diuris","Orchidaceae","Asparagales","Equisetopsida","Charophyta","Plantae","Ebor Goat Orchid","exactMatch",
"Lechenaultia laricina","Lechenaultia laricina","Scarlet Leschenaultia","Goodeniaceae","Endangered","Endangered","Endangered","","https://id.biodiversity.org.au/node/apni/2886194","Lechenaultia laricina","Lechenaultia","Goodeniaceae","Asterales","Equisetopsida","Charophyta","Plantae","Scarlet Leschenaultia","exactMatch",
"Prasophyllum amoenum","Prasophyllum amoenum","Dainty Leek-orchid","Orchidaceae","Endangered","Endangered","Endangered","","https://id.biodiversity.org.au/taxon/apni/51794966","Prasophyllum amoenum","Prasophyllum","Orchidaceae","Asparagales","Equisetopsida","Charophyta","Plantae","Dainty Leekorchid","exactMatch",
"Psophodes nigrogularis nigrogularis","Psophodes nigrogularis nigrogularis","Western Heath Whipbird","Psophodidae","Endangered","Endangered","Endangered","","https://biodiversity.org.au/afd/taxa/408f674e-5ac8-48dd-b365-a87363c486cc","Psophodes (Phodopses) nigrogularis nigrogularis","Psophodes","Psophodidae","Passeriformes","Aves","Chordata","Animalia","Western Heath Whipbird","exactMatch",
"Bertya mollissima","Bertya mollissima","-","Euphorbiaceae","Endangered","Endangered","Endangered","","https://id.biodiversity.org.au/node/apni/2901521","Bertya mollissima","Bertya","Euphorbiaceae","Malpighiales","Equisetopsida","Charophyta","Plantae",,"exactMatch",
"Petrogale coenensis","Petrogale coenensis","Cape York Rock-wallaby","Macropodidae","Endangered","Endangered","Endangered","","https://biodiversity.org.au/afd/taxa/c94dc6ef-b452-4b39-acb7-7b914b9ebedd","Petrogale coenensis","Petrogale","Macropodidae","Diprotodontia","Mammalia","Chordata","Animalia","Cape York Rock-wallaby","exactMatch",
"Sternula nereis nereis","Sternula nereis nereis","Australian Fairy Tern","Laridae","Vulnerable","Vulnerable","Vulnerable","","https://biodiversity.org.au/afd/taxa/5603b0c9-01b3-4e76-97ec-ab9761794b42","Sternula nereis nereis","Sternula","Laridae","Charadriiformes","Aves","Chordata","Animalia","Australian Fairy Tern","exactMatch",
"Philotheca freyciana","Philotheca freyciana","Freycinet Waxflower","Rutaceae","Endangered","Endangered","Endangered","","https://id.biodiversity.org.au/node/apni/2918209","Philotheca freyciana","Philotheca","Rutaceae","Sapindales","Equisetopsida","Charophyta","Plantae","Freycinet Waxflower","exactMatch",
"Grevillea rivularis","Grevillea rivularis","Carrington Falls Grevillea","Proteaceae","Critically Endangered","Critically Endangered","Critically Endangered","","https://id.biodiversity.org.au/node/apni/2919589","Grevillea rivularis","Grevillea","Proteaceae","Proteales","Equisetopsida","Charophyta","Plantae","Carrington Falls Grevillea","exactMatch",
"Grammosolen odgersii subsp. occidentalis","Grammosolen odgersii subsp. occidentalis","Western Woolly Cyphanthera, Western Cyphanthera","Solanaceae","Endangered","Endangered","Endangered","","https://id.biodiversity.org.au/node/apni/2897044","Cyphanthera odgersii subsp. occidentalis","Cyphanthera","Solanaceae","Solanales","Equisetopsida","Charophyta","Plantae",,"exactMatch",
"Prasophyllum perangustum","Prasophyllum perangustum","Knocklofty Leek-orchid","Orchidaceae","Critically Endangered","Critically Endangered","Critically Endangered","","https://id.biodiversity.org.au/taxon/apni/51795232","Prasophyllum perangustum","Prasophyllum","Orchidaceae","Asparagales","Equisetopsida","Charophyta","Plantae","Knocklofty Leekorchid","exactMatch",
"Acacia purpureopetala","Acacia purpureopetala","Purple-flowered Wattle","Fabaceae","Critically Endangered","Critically Endangered","Critically Endangered","","https://id.biodiversity.org.au/node/apni/2892961","Acacia purpureopetala","Acacia","Fabaceae","Fabales","Equisetopsida","Charophyta","Plantae","Purpleflowered Wattle","exactMatch",
"Plinthanthesis rodwayi","Plinthanthesis rodwayi","Budawangs Wallaby-grass","Poaceae","Critically Endangered","Critically Endangered","Critically Endangered","","https://id.biodiversity.org.au/node/apni/2889553","Plinthanthesis rodwayi","Plinthanthesis","Poaceae","Poales","Equisetopsida","Charophyta","Plantae","Budawangs Wallaby Grass","exactMatch",
"Onychogalea lunata","Onychogalea lunata","Crescent Nailtail Wallaby, Tjawalpa, Wurrung","Macropodidae","Extinct","Extinct","Extinct","","https://biodiversity.org.au/afd/taxa/747f32f1-637d-439d-8586-ef0bb6fbb73b","Onychogalea lunata","Onychogalea","Macropodidae","Diprotodontia","Mammalia","Chordata","Animalia","Crescent Nailtail Wallaby","exactMatch",
"Galaxias aequipinnis","Galaxias aequipinnis","East Gippsland Galaxias","Galaxiidae","Critically Endangered","Critically Endangered","Critically Endangered","","https://biodiversity.org.au/afd/taxa/ec23a8e8-87e4-498b-bacb-5884fcb68bf7","Galaxias aequipinnis","Galaxias","Galaxiidae","Salmoniformes","Actinopterygii","Chordata","Animalia","East Gippsland Galaxias","exactMatch",
"Grevillea sp. Gillingarra (R.J.Cranfield 4087)","Grevillea sp. Gillingarra (R.J.Cranfield 4087)","-","Proteaceae","Critically Endangered","Critically Endangered","Critically Endangered","","https://id.biodiversity.org.au/taxon/apni/51445436","Grevillea sp. Gillingarra (R.J.Cranfield 4087)","Grevillea","Proteaceae","Proteales","Equisetopsida","Charophyta","Plantae",,"exactMatch",
"Grevillea caleyi","Grevillea caleyi","Caley's Grevillea","Proteaceae","Critically Endangered","Critically Endangered","Critically Endangered","","https://id.biodiversity.org.au/node/apni/2912335","Grevillea caleyi","Grevillea","Proteaceae","Proteales","Equisetopsida","Charophyta","Plantae","Caley's Grevillea","exactMatch",
"Zieria obovata","Zieria obovata","-","Rutaceae","Vulnerable","Vulnerable","Vulnerable","","https://id.biodiversity.org.au/node/apni/2917229","Zieria obovata","Zieria","Rutaceae","Sapindales","Equisetopsida","Charophyta","Plantae",,"exactMatch",
"Persoonia pauciflora","Persoonia pauciflora","North Rothbury Persoonia","Proteaceae","Critically Endangered","Critically Endangered","Critically Endangered","","https://id.biodiversity.org.au/node/apni/2899054","Persoonia pauciflora","Persoonia","Proteaceae","Proteales","Equisetopsida","Charophyta","Plantae","North Rothbury Persoonia","exactMatch",
"Hibbertia sp. Toolbrunup (J.R.Wheeler 2504)","Hibbertia sp. Toolbrunup (J.R.Wheeler 2504)","-","Dilleniaceae","Critically Endangered","Critically Endangered","Critically Endangered","","https://id.biodiversity.org.au/taxon/apni/51763746","Hibbertia barrettiae","Hibbertia","Dilleniaceae",,"Equisetopsida","Charophyta","Plantae",,"exactMatch",
"Baeckea kandos","Baeckea kandos","a shrub","Myrtaceae","Endangered","Endangered","Endangered","","https://id.biodiversity.org.au/node/apni/2886411","Baeckea kandos","Baeckea","Myrtaceae","Myrtales","Equisetopsida","Charophyta","Plantae","Baeckea","exactMatch",
"Eucalyptus robertsonii subsp. hemisphaerica","Eucalyptus robertsonii subsp. hemisphaerica","Robertson's Peppermint","Myrtaceae","Vulnerable","Vulnerable","Vulnerable","","https://id.biodiversity.org.au/node/apni/2914783","Eucalyptus radiata subsp. robertsonii","Eucalyptus","Myrtaceae","Myrtales","Equisetopsida","Charophyta","Plantae","Monaro Peppermint","exactMatch",
"Grevillea montis-cole subsp. brevistyla","Grevillea montis-cole subsp. brevistyla","Langi Ghiran Grevillea","Proteaceae","Vulnerable","Vulnerable","Vulnerable","","https://id.biodiversity.org.au/node/apni/2900689","Grevillea montis-cole subsp. brevistyla","Grevillea","Proteaceae","Proteales","Equisetopsida","Charophyta","Plantae","Langi Ghiran Grevillea","exactMatch",
"Spicospina flammocaerulea","Spicospina flammocaerulea","Sunset Frog","Myobatrachidae","Vulnerable","Vulnerable","Vulnerable","","https://biodiversity.org.au/afd/taxa/98e0160e-0414-40c4-b4fc-f0bb7543859a","Spicospina flammocaerulea","Spicospina","Myobatrachidae","Anura","Amphibia","Chordata","Animalia","Sunset Frog","exactMatch",
"Sclerolaena walkeri","Sclerolaena walkeri","-","Chenopodiaceae","Vulnerable","Vulnerable","Vulnerable","","https://id.biodiversity.org.au/node/apni/2888962","Sclerolaena walkeri","Sclerolaena","Chenopodiaceae","Caryophyllales","Equisetopsida","Charophyta","Plantae",,"exactMatch",
"Leporillus apicalis","Leporillus apicalis","Lesser Stick-nest Rat,Tjooyalpi, White-tailed Stick-nest Rat","Muridae","Extinct","Extinct","Extinct","","https://biodiversity.org.au/afd/taxa/9daf14f2-931d-44a6-8537-5127c56ab950","Leporillus apicalis","Leporillus","Muridae","Rodentia","Mammalia","Chordata","Animalia","Lesser Stick-nest Rat","exactMatch",
"Ninox novaeseelandiae albaria","Ninox novaeseelandiae albaria","Lord Howe Southern Boobook, Lord Howe Boobook Owl","Strigidae","Extinct","Extinct","Extinct","","https://biodiversity.org.au/afd/taxa/530e0ecb-3344-459e-937e-00989c6e7320","Ninox (Ninox) novaeseelandiae albaria","Ninox","Strigidae","Strigiformes","Aves","Chordata","Animalia","Lord Howe Morepork","exactMatch",
"Persoonia nutans","Persoonia nutans","Nodding Geebung","Proteaceae","Endangered","Endangered","Endangered","","https://id.biodiversity.org.au/node/apni/2909660","Persoonia nutans","Persoonia","Proteaceae","Proteales","Equisetopsida","Charophyta","Plantae","Nodding Geebung","exactMatch",
"Limosa limosa","Limosa limosa","Black-tailed Godwit","Scolopacidae","Endangered","Endangered","Endangered","","https://biodiversity.org.au/afd/taxa/70b173fb-a9cc-4b73-a9ee-598d1b5289a6","Limosa limosa","Limosa","Scolopacidae","Charadriiformes","Aves","Chordata","Animalia","Black-tailed Godwit","exactMatch",
"Maccullochella mariensis","Maccullochella mariensis","Mary River Cod","Percichthyidae","Endangered","Endangered","Endangered","","https://biodiversity.org.au/afd/taxa/068def1b-0d1a-407d-9131-54f6fb5d68c9","Maccullochella mariensis","Maccullochella","Percichthyidae","Perciformes","Actinopterygii","Chordata","Animalia","East Coast Cod","exactMatch",
"Pultenaea pauciflora","Pultenaea pauciflora","Narrogin Pea","Fabaceae","Vulnerable","Vulnerable","Vulnerable","","https://id.biodiversity.org.au/node/apni/2892313","Pultenaea pauciflora","Pultenaea","Fabaceae","Fabales","Equisetopsida","Charophyta","Plantae","Narrogin Pea","exactMatch",
"Eucalyptus johnsoniana","Eucalyptus johnsoniana","Johnson's Mallee","Myrtaceae","Vulnerable","Vulnerable","Vulnerable","","https://id.biodiversity.org.au/node/apni/2887734","Eucalyptus johnsoniana","Eucalyptus","Myrtaceae","Myrtales","Equisetopsida","Charophyta","Plantae","Johnson's Mallee","exactMatch",
"Strepera fuliginosa colei","Strepera fuliginosa colei","Black Currawong (King Island)","Artamidae","Vulnerable","Vulnerable","Vulnerable","","https://biodiversity.org.au/afd/taxa/84ea0e40-1fd9-48a6-8f41-e0d5a0dbee14","Strepera (Strepera) fuliginosa colei","Strepera","Artamidae","Passeriformes","Aves","Chordata","Animalia","King Island Black Currawong","exactMatch",
"Zieria lasiocaulis","Zieria lasiocaulis","Willi Willi Zieria","Rutaceae","Endangered","Endangered","Endangered","","https://id.biodiversity.org.au/node/apni/2891614","Zieria lasiocaulis","Zieria","Rutaceae","Sapindales","Equisetopsida","Charophyta","Plantae","Willi Willi Zieria","exactMatch",
"Meryta angustifolia","Meryta angustifolia","Narrow-leaved Meryta","Araliaceae","Vulnerable","Vulnerable","Vulnerable","","https://id.biodiversity.org.au/node/apni/2889842","Meryta angustifolia","Meryta","Araliaceae","Apiales","Equisetopsida","Charophyta","Plantae","Narrowleaved Meryta","exactMatch",
"Leionema lachnaeoides","Leionema lachnaeoides","-","Rutaceae","Endangered","Endangered","Endangered","","https://id.biodiversity.org.au/node/apni/2915524","Leionema lachnaeoides","Leionema","Rutaceae","Sapindales","Equisetopsida","Charophyta","Plantae",,"exactMatch",
"Epacris apsleyensis","Epacris apsleyensis","Apsley Heath","Epacridaceae","Endangered","Endangered","Endangered","","https://id.biodiversity.org.au/node/apni/2900785","Epacris apsleyensis","Epacris","Ericaceae","Ericales","Equisetopsida","Charophyta","Plantae","Apsley Heath","exactMatch",
"Darwinia nubigena","Darwinia nubigena","Success Bell, Red Mountain Bell","Myrtaceae","Vulnerable","Vulnerable","Vulnerable","","https://id.biodiversity.org.au/node/apni/2901514","Darwinia nubigena","Darwinia","Myrtaceae","Myrtales","Equisetopsida","Charophyta","Plantae","Red Mountain Bell","exactMatch",
"Caladenia lindleyana","Caladenia lindleyana","Lindley's Spider-orchid","Orchidaceae","Critically Endangered","Critically Endangered","Critically Endangered","","https://id.biodiversity.org.au/taxon/apni/51399131","Caladenia lindleyana","Caladenia","Orchidaceae","Asparagales","Equisetopsida","Charophyta","Plantae","Lindley's Spiderorchid","exactMatch",
"Acacia depressa","Acacia depressa","Echidna Wattle","Fabaceae","Vulnerable","Vulnerable","Vulnerable","","https://id.biodiversity.org.au/node/apni/2892108","Acacia depressa","Acacia","Fabaceae","Fabales","Equisetopsida","Charophyta","Plantae","Echidna Wattle","exactMatch",
"Asperula asthenes","Asperula asthenes","Trailing Woodruff","Rubiaceae","Vulnerable","Vulnerable","Vulnerable","","https://id.biodiversity.org.au/node/apni/2918466","Asperula asthenes","Asperula","Rubiaceae","Gentianales","Equisetopsida","Charophyta","Plantae","Trailing Woodruff","exactMatch",
"Eucalyptus rhodantha","Eucalyptus rhodantha","Rose Mallee","Myrtaceae","Vulnerable","Vulnerable","Vulnerable","","https://id.biodiversity.org.au/node/apni/7901599","Eucalyptus rhodantha","Eucalyptus","Myrtaceae","Myrtales","Equisetopsida","Charophyta","Plantae","Rose Mallee","exactMatch",
"Andersonia axilliflora","Andersonia axilliflora","Giant Andersonia","Ericaceae","Critically Endangered","Critically Endangered","Critically Endangered","","https://id.biodiversity.org.au/node/apni/2886487","Andersonia axilliflora","Andersonia","Ericaceae","Ericales","Equisetopsida","Charophyta","Plantae","Giant Andersonia","exactMatch",
"Bettongia pusilla","Bettongia pusilla","Nullarbor Dwarf Bettong","Potoroidae","Extinct","Extinct","Extinct","","https://biodiversity.org.au/afd/taxa/cd13ba31-a4c2-4678-b815-6a56b4a12d31","Bettongia pusilla","Bettongia","Potoroidae","Diprotodontia","Mammalia","Chordata","Animalia","Nullarbor Dwarf Bettong","exactMatch",
"Delma torquata","Delma torquata","Adorned Delma, Collared Delma","Pygopodidae","Vulnerable","Vulnerable","Vulnerable","","https://biodiversity.org.au/afd/taxa/121dedde-b1cc-47a3-bf8e-9323a7296b2e","Delma torquata","Delma","Pygopodidae","Squamata","Reptilia","Chordata","Animalia","Adorned Delma","exactMatch",
"Eucalyptus merrickiae","Eucalyptus merrickiae","Goblet Mallee","Myrtaceae","Vulnerable","Vulnerable","Vulnerable","","https://id.biodiversity.org.au/node/apni/2919681","Eucalyptus merrickiae","Eucalyptus","Myrtaceae","Myrtales","Equisetopsida","Charophyta","Plantae","Goblet Mallee","exactMatch",
"Hirundapus caudacutus","Hirundapus caudacutus","White-throated Needletail","Apodidae","Vulnerable","Vulnerable","Vulnerable","","https://biodiversity.org.au/afd/taxa/6485cd0c-f104-4950-8cdf-be4d09fc6bbc","Hirundapus caudacutus","Hirundapus","Apodidae","Apodiformes","Aves","Chordata","Animalia","White-throated Needletail","exactMatch",
"Banksia penicillata","Banksia penicillata","a banksia","Proteaceae","Endangered","Endangered","Endangered","","https://id.biodiversity.org.au/node/apni/9597772","Banksia penicillata","Banksia","Proteaceae","Proteales","Equisetopsida","Charophyta","Plantae",,"exactMatch",
"Senecio hooglandii","Senecio hooglandii","a daisy","Asteraceae","Vulnerable","Vulnerable","Vulnerable","","https://id.biodiversity.org.au/node/apni/2891645","Senecio hooglandii","Senecio","Asteraceae","Asterales","Equisetopsida","Charophyta","Plantae","A Daisy","exactMatch",
"Rhizanthella gardneri","Rhizanthella gardneri","Western Underground Orchid, Underground Orchid","Orchidaceae","Critically Endangered","Critically Endangered","Critically Endangered","","https://id.biodiversity.org.au/taxon/apni/51412988","Rhizanthella gardneri","Rhizanthella","Orchidaceae","Asparagales","Equisetopsida","Charophyta","Plantae","Underground Orchid","exactMatch",
"Hypolepis dicksonioides","Hypolepis dicksonioides","Downy Ground-fern, Brake Fern, Ground Fern","Dennstaedtiaceae","Vulnerable","Vulnerable","Vulnerable","","https://id.biodiversity.org.au/node/apni/2919416","Hypolepis dicksonioides","Hypolepis","Dennstaedtiaceae","Polypodiales","Equisetopsida","Charophyta","Plantae","Downy Ground-fern","exactMatch",
"Nyctophilus corbeni","Nyctophilus corbeni","Corben's Long-eared Bat, South-eastern Long-eared Bat","Vespertilionidae","Vulnerable","Vulnerable","Vulnerable","","https://biodiversity.org.au/afd/taxa/635ae1f9-e4fc-4258-87ad-ea62c89ba129","Nyctophilus corbeni","Nyctophilus","Vespertilionidae","Chiroptera","Mammalia","Chordata","Animalia","Corben's Long-eared Bat","exactMatch",
"Hakea archaeoides","Hakea archaeoides","-","Proteaceae","Vulnerable","Vulnerable","Vulnerable","","https://id.biodiversity.org.au/node/apni/2920623","Hakea archaeoides","Hakea","Proteaceae","Proteales","Equisetopsida","Charophyta","Plantae","Big Nellie Hakea","exactMatch",
"Hibbertia cistiflora subsp. quadristaminea","Hibbertia cistiflora subsp. quadristaminea","-","Dilleniaceae","Endangered","Endangered","Endangered","","https://id.biodiversity.org.au/node/apni/2917599","Hibbertia cistiflora subsp. quadristaminea","Hibbertia","Dilleniaceae",,"Equisetopsida","Charophyta","Plantae",,"exactMatch",
"Notomys longicaudatus","Notomys longicaudatus","Long-tailed Hopping-mouse, Koolawa, Talamba","Muridae","Extinct","Extinct","Extinct","","https://biodiversity.org.au/afd/taxa/66b0dc84-12dd-4aca-a7b8-82d1ae89bc18","Notomys longicaudatus","Notomys","Muridae","Rodentia","Mammalia","Chordata","Animalia","Long-tailed Hopping-mouse","exactMatch",
"Myuchelys purvisi","Myuchelys purvisi","Purvis' Turtle","Chelidae","Endangered","Endangered","Endangered","","https://biodiversity.org.au/afd/taxa/b0d2c067-3834-4a40-b8a1-a3bab445f409","Myuchelys purvisi","Myuchelys","Chelidae","Testudines","Reptilia","Chordata","Animalia","Manning River Helmeted Turtle","exactMatch",
"Turnix varius scintillans","Turnix varius scintillans","Painted Button-quail (Houtman Abrolhos)","Turnicidae","Endangered","Endangered","Endangered","","https://biodiversity.org.au/afd/taxa/a5f510c9-b2ef-4670-a863-c58fa6273cd4","Turnix (Austroturnix) varius scintillans","Turnix","Turnicidae","Turniciformes","Aves","Chordata","Animalia","Houtman Abrolhos Painted Button-quail","exactMatch",
"Acacia dangarensis","Acacia dangarensis","-","Fabaceae","Critically Endangered","Critically Endangered","Critically Endangered","","https://id.biodiversity.org.au/node/apni/2915433","Acacia dangarensis","Acacia","Fabaceae","Fabales","Equisetopsida","Charophyta","Plantae",,"exactMatch",
"Grevillea murex","Grevillea murex","-","Proteaceae","Endangered","Endangered","Endangered","","https://id.biodiversity.org.au/node/apni/2890581","Grevillea murex","Grevillea","Proteaceae","Proteales","Equisetopsida","Charophyta","Plantae",,"exactMatch",
"Lissotes latidens","Lissotes latidens","Broad-toothed Stag Beetle, Wielangta Stag Beetle","Lucanidae","Endangered","Endangered","Endangered","","https://biodiversity.org.au/afd/taxa/d1d048ce-b9b5-492c-8043-4d3525d590f2","Lissotes latidens","Lissotes","Lucanidae","Coleoptera","Insecta","Arthropoda","Animalia","Wielangta Stag Beetle","exactMatch",
"Homoranthus decumbens","Homoranthus decumbens","a shrub","Myrtaceae","Endangered","Endangered","Endangered","","https://id.biodiversity.org.au/node/apni/2916017","Homoranthus decumbens","Homoranthus","Myrtaceae","Myrtales","Equisetopsida","Charophyta","Plantae","A Shrub","exactMatch",
"Philoria richmondensis","Philoria richmondensis","Richmond Range Sphagnum Frog","Limnodynastidae","Endangered","Endangered","Endangered","","https://biodiversity.org.au/afd/taxa/7690bb13-a2fb-47c5-93ea-6661128fb149","Philoria richmondensis","Philoria","Limnodynastidae","Anura","Amphibia","Chordata","Animalia","Richmond Mountain Frog","exactMatch",
"Pachyptila turtur subantarctica","Pachyptila turtur subantarctica","Fairy Prion (southern)","Procellariidae","Vulnerable","Vulnerable","Vulnerable","","https://biodiversity.org.au/afd/taxa/2760b380-f1c1-4508-a18e-bafb59e56c25","Pachyptila turtur subantarctica","Pachyptila","Procellariidae","Procellariiformes","Aves","Chordata","Animalia",,"exactMatch",
"Philoria sphagnicola","Philoria sphagnicola","Sphagnum Frog","Limnodynastidae","Vulnerable","Vulnerable","Vulnerable","","https://biodiversity.org.au/afd/taxa/5a3de787-3376-4218-9fc4-9711cff0b53d","Philoria sphagnicolus","Philoria","Limnodynastidae","Anura","Amphibia","Chordata","Animalia","Sphagnum Frog","exactMatch",
"Petrogale lateralis centralis","Petrogale lateralis centralis","Warru, Central Australian Rock-wallaby","Macropodidae","Vulnerable","Vulnerable","Vulnerable","","https://biodiversity.org.au/afd/taxa/907bd7e6-8c6b-4827-a113-541414d441fd","Petrogale lateralis centralis","Petrogale","Macropodidae","Diprotodontia","Mammalia","Chordata","Animalia","Warru","exactMatch",
"Cophixalus aenigma","Cophixalus aenigma","Tapping Nursery-frog","Microhylidae","Endangered","Endangered","Endangered","","https://biodiversity.org.au/afd/taxa/fe24603a-e20f-43c7-9809-702b4c5c6c50","Cophixalus aenigma","Cophixalus","Microhylidae","Anura","Amphibia","Chordata","Animalia","Tapping Nursery Frog","exactMatch",
"Thalassarche bulleri platei","Thalassarche bulleri platei","Northern Buller's Albatross, Pacific Albatross","Diomedeidae","Vulnerable","Vulnerable","Vulnerable","","https://biodiversity.org.au/afd/taxa/c6d51093-2855-44d1-a72b-b612305c7bd3","Thalassarche bulleri platei","Thalassarche","Diomedeidae","Procellariiformes","Aves","Chordata","Animalia","Northern Buller's Albatross","exactMatch",
"Clematis fawcettii","Clematis fawcettii","Stream Clematis","Ranunculaceae","Vulnerable","Vulnerable","Vulnerable","","https://id.biodiversity.org.au/node/apni/2889478","Clematis fawcettii","Clematis","Ranunculaceae","Ranunculales","Equisetopsida","Charophyta","Plantae","Stream Clematis","exactMatch",
"Hibbertia wheelerae","Hibbertia wheelerae","Wheeler's Buttercup","Dilleniaceae","Critically Endangered","Critically Endangered","Critically Endangered","","https://id.biodiversity.org.au/taxon/apni/51763800","Hibbertia wheelerae","Hibbertia","Dilleniaceae",,"Equisetopsida","Charophyta","Plantae",,"exactMatch",
"Tetratheca nephelioides","Tetratheca nephelioides","-","Elaeocarpaceae","Critically Endangered","Critically Endangered","Critically Endangered","","https://id.biodiversity.org.au/node/apni/2890511","Tetratheca nephelioides","Tetratheca","Elaeocarpaceae","Oxalidales","Equisetopsida","Charophyta","Plantae",,"exactMatch",
"Swainsona recta","Swainsona recta","Small Purple-pea, Mountain Swainson-pea, Small Purple Pea","Fabaceae","Endangered","Endangered","Endangered","","https://id.biodiversity.org.au/node/apni/2916272","Swainsona recta","Swainsona","Fabaceae","Fabales","Equisetopsida","Charophyta","Plantae","Small Purple-pea","exactMatch",
"Euastacus bispinosus","Euastacus bispinosus","Glenelg Spiny Freshwater Crayfish, Pricklyback","Parastacidae","Endangered","Endangered","Endangered","","https://biodiversity.org.au/afd/taxa/3f801124-1c3c-4557-a727-c7dabcd89b2b","Euastacus bispinosus","Euastacus","Parastacidae","Decapoda","Malacostraca","Arthropoda","Animalia","Glenelg Spiny Freshwater Crayfish","exactMatch",
"Caladenia anthracina","Caladenia anthracina","Black-tipped Spider-orchid","Orchidaceae","Critically Endangered","Critically Endangered","Critically Endangered","","https://id.biodiversity.org.au/taxon/apni/51398777","Caladenia anthracina","Caladenia","Orchidaceae","Asparagales","Equisetopsida","Charophyta","Plantae","Blacktipped Spiderorchid","exactMatch",
"Emydura subglobosa subglobosa","Emydura subglobosa subglobosa","Jardine River Turtle, Red-flushed River Turtle","Chelidae","Critically Endangered","Critically Endangered","Critically Endangered","","https://biodiversity.org.au/afd/taxa/c73bee3e-40b5-4a4c-9049-2900805aeb61","Emydura subglobosa subglobosa","Emydura","Chelidae","Testudines","Reptilia","Chordata","Animalia","New Guinea Painted Turtle","exactMatch",
"Litoria piperata","Litoria piperata","Peppered Tree Frog","Pelodryadidae","Vulnerable","Vulnerable","Vulnerable","","https://biodiversity.org.au/afd/taxa/28f73d5e-f172-44ce-ab4a-bbe9ce75ce14","Litoria piperata","Litoria","Pelodryadidae","Anura","Amphibia","Chordata","Animalia","Peppered Tree Frog","exactMatch",
"Trichanthodium baracchianum","Trichanthodium baracchianum","Dwarf Yellow-heads","Asteraceae","Vulnerable","Vulnerable","Vulnerable","","https://id.biodiversity.org.au/taxon/apni/51269047","Trichanthodium baracchianum","Trichanthodium","Asteraceae","Asterales","Equisetopsida","Charophyta","Plantae","Dwarf Yellow-heads","exactMatch",
"Cynanchum elegans","Cynanchum elegans","White-flowered Wax Plant","Apocynaceae","Endangered","Endangered","Endangered","","https://id.biodiversity.org.au/node/apni/2920293","Cynanchum elegans","Cynanchum","Apocynaceae","Gentianales","Equisetopsida","Charophyta","Plantae","Whiteflowered Wax Plant","exactMatch",
"Chalinolobus dwyeri","Chalinolobus dwyeri","Large-eared Pied Bat, Large Pied Bat","Vespertilionidae","Endangered","Endangered","Endangered","","https://biodiversity.org.au/afd/taxa/73e872a7-45d2-4909-a2a2-8b20a82efb8a","Chalinolobus dwyeri","Chalinolobus","Vespertilionidae","Chiroptera","Mammalia","Chordata","Animalia","Large-eared Pied Bat","exactMatch",
"Grevillea calliantha","Grevillea calliantha","Foote's Grevillea, Cataby Grevillea, Black Magic Grevillea","Proteaceae","Endangered","Endangered","Endangered","","https://id.biodiversity.org.au/node/apni/2903139","Grevillea calliantha","Grevillea","Proteaceae","Proteales","Equisetopsida","Charophyta","Plantae","Black Magic Grevillea","exactMatch",
"Caladenia pumila","Caladenia pumila","Dwarf Spider-orchid","Orchidaceae","Critically Endangered","Critically Endangered","Critically Endangered","","https://id.biodiversity.org.au/taxon/apni/51399293","Caladenia pumila","Caladenia","Orchidaceae","Asparagales","Equisetopsida","Charophyta","Plantae","Dwarf Spiderorchid","exactMatch",
"Galaxiella munda","Galaxiella munda","Western Dwarf Galaxias, Western Mud Minnow","Galaxiidae","Vulnerable","Vulnerable","Vulnerable","","https://biodiversity.org.au/afd/taxa/607ec6ae-18b6-43e8-9e02-23f946aabdf7","Galaxiella munda","Galaxiella","Galaxiidae","Salmoniformes","Actinopterygii","Chordata","Animalia","Western Dwarf Galaxias","exactMatch",
"Medicosma obovata","Medicosma obovata","-","Rutaceae","Vulnerable","Vulnerable","Vulnerable","","https://id.biodiversity.org.au/node/apni/2917046","Medicosma obovata","Medicosma","Rutaceae","Sapindales","Equisetopsida","Charophyta","Plantae",,"exactMatch",
"Prasophyllum milfordense","Prasophyllum milfordense","Milford Leek-orchid","Orchidaceae","Critically Endangered","Critically Endangered","Critically Endangered","","https://id.biodiversity.org.au/taxon/apni/51795171","Prasophyllum milfordense","Prasophyllum","Orchidaceae","Asparagales","Equisetopsida","Charophyta","Plantae","Milford Leekorchid","exactMatch",
"Eucalyptus benthamii","Eucalyptus benthamii","Camden White Gum, Nepean River Gum","Myrtaceae","Critically Endangered","Critically Endangered","Critically Endangered","","https://id.biodiversity.org.au/node/apni/2899512","Eucalyptus benthamii","Eucalyptus","Myrtaceae","Myrtales","Equisetopsida","Charophyta","Plantae","Camden White Gum","exactMatch",
"Grevillea burrowa","Grevillea burrowa","Burrowa Grevillea","Proteaceae","Critically Endangered","Critically Endangered","Critically Endangered","","https://id.biodiversity.org.au/taxon/apni/51293373","Grevillea burrowa","Grevillea","Proteaceae","Proteales","Equisetopsida","Charophyta","Plantae","Burrowa Grevillea","exactMatch",
"Hoplostethus atlanticus","Hoplostethus atlanticus","Orange Roughy, Deep-sea Perch, Red Roughy","Trachichthyidae","Conservation Dependent","Conservation Dependent","Conservation Dependent","","https://biodiversity.org.au/afd/taxa/340484bd-33f6-4b46-a63c-751f0b159ed1","Hoplostethus atlanticus","Hoplostethus","Trachichthyidae","Beryciformes","Actinopterygii","Chordata","Animalia","Orange Roughy","exactMatch",
"Calotis glandulosa","Calotis glandulosa","Mauve Burr-daisy","Asteraceae","Vulnerable","Vulnerable","Vulnerable","","https://id.biodiversity.org.au/node/apni/2888020","Calotis glandulosa","Calotis","Asteraceae","Asterales","Equisetopsida","Charophyta","Plantae","Mauve Burrdaisy","exactMatch",
"Euphrasia collina subsp. muelleri","Euphrasia collina subsp. muelleri","Purple Eyebright, Mueller's Eyebright","Scrophulariaceae","Endangered","Endangered","Endangered","","https://id.biodiversity.org.au/node/apni/2893240","Euphrasia collina subsp. muelleri","Euphrasia","Scrophulariaceae","Lamiales","Equisetopsida","Charophyta","Plantae","Mueller's Eyebright","exactMatch",
"Spyridium cinereum","Spyridium cinereum","Tiny Spyridium","Rhamnaceae","Endangered","Endangered","Endangered","","https://id.biodiversity.org.au/node/apni/2899227","Spyridium cinereum","Spyridium","Rhamnaceae","Rosales","Equisetopsida","Charophyta","Plantae","Tiny Spyridium","exactMatch",
"Acacia terminalis subsp. terminalis MS","Acacia terminalis subsp. terminalis MS","Sunshine Wattle (Sydney region)","Fabaceae","Endangered","Endangered","Endangered","","https://id.biodiversity.org.au/name/apni/51352389","Acacia terminalis subsp. Eastern Sydney (G.P.Phillips 126)","Acacia","Fabaceae","Fabales","Equisetopsida","Charophyta","Plantae","Sunshine Wattle","exactMatch",
"Pimelea bracteata","Pimelea bracteata","-","Thymelaeaceae","Critically Endangered","Critically Endangered","Critically Endangered","","https://id.biodiversity.org.au/node/apni/2901250","Pimelea bracteata","Pimelea","Thymelaeaceae","Malvales","Equisetopsida","Charophyta","Plantae",,"exactMatch",
"Tribonanthes purpurea","Tribonanthes purpurea","Granite Pink","Haemodoraceae","Vulnerable","Vulnerable","Vulnerable","","https://id.biodiversity.org.au/node/apni/2919761","Tribonanthes purpurea","Tribonanthes","Haemodoraceae","Commelinales","Equisetopsida","Charophyta","Plantae","Granite Pink","exactMatch",
"Calidris acuminata","Calidris acuminata","Sharp-tailed Sandpiper","Scolopacidae","Vulnerable","Vulnerable","Vulnerable","","https://biodiversity.org.au/afd/taxa/f452242f-5a35-4d5d-a141-7e2dfb9f176b","Calidris (Erolia) acuminata","Calidris","Scolopacidae","Charadriiformes","Aves","Chordata","Animalia","Sharp-tailed Sandpiper","exactMatch",
"Leporillus conditor","Leporillus conditor","Wopilkara, Greater Stick-nest Rat","Muridae","Vulnerable","Vulnerable","Vulnerable","","https://biodiversity.org.au/afd/taxa/cce5d053-414a-40e0-87bd-ab8012287068","Leporillus conditor","Leporillus","Muridae","Rodentia","Mammalia","Chordata","Animalia","Greater Stick-nest Rat","exactMatch",
"Acacia carneorum","Acacia carneorum","Needle Wattle, Dead Finish, Purple-wood Wattle","Fabaceae","Vulnerable","Vulnerable","Vulnerable","","https://id.biodiversity.org.au/node/apni/2911484","Acacia carneorum","Acacia","Fabaceae","Fabales","Equisetopsida","Charophyta","Plantae","Needle Wattle","exactMatch",
"Acacia araneosa","Acacia araneosa","Spidery Wattle, Balcanoona Wattle","Fabaceae","Vulnerable","Vulnerable","Vulnerable","","https://id.biodiversity.org.au/node/apni/2919802","Acacia araneosa","Acacia","Fabaceae","Fabales","Equisetopsida","Charophyta","Plantae","Spidery Wattle","exactMatch",
"Aipysurus fuscus","Aipysurus fuscus","Dusky Sea Snake","Elapidae","Endangered","Endangered","Endangered","","https://biodiversity.org.au/afd/taxa/fdc417b8-2252-42f3-bd44-116e7154beae","Aipysurus fuscus","Aipysurus","Elapidae","Squamata","Reptilia","Chordata","Animalia","Dusky Sea Snake","exactMatch",
"Eleocharis obicis","Eleocharis obicis","a spike rush","Cyperaceae","Vulnerable","Vulnerable","Vulnerable","","https://id.biodiversity.org.au/node/apni/2918402","Eleocharis obicis","Eleocharis","Cyperaceae","Poales","Equisetopsida","Charophyta","Plantae","Striate Spike-sedge","exactMatch",
"Acanthiza lineata whitei","Acanthiza lineata whitei","Kangaroo Island Striated Thornbill","Acanthizidae","Vulnerable","Vulnerable","Vulnerable","","https://biodiversity.org.au/afd/taxa/06316e09-60d8-4ad5-bea3-e822d3fe52de","Acanthiza (Subacanthiza) lineata alberti","Acanthiza","Acanthizidae","Passeriformes","Aves","Chordata","Animalia","Southern Queensland Striated Thornbill","exactMatch",
"Litoria littlejohni","Litoria littlejohni","Northern Heath Frog, Littlejohn's Tree Frog","Pelodryadidae","Endangered","Endangered","Endangered","","https://biodiversity.org.au/afd/taxa/facc5b4d-a7da-4c52-ade9-a6d864f23b3a","Litoria littlejohni","Litoria","Pelodryadidae","Anura","Amphibia","Chordata","Animalia","Littlejohn's Tree Frog","exactMatch",
"Craterocephalus fluviatilis","Craterocephalus fluviatilis","Murray Hardyhead","Atherinidae","Endangered","Endangered","Endangered","","https://biodiversity.org.au/afd/taxa/50568ccf-e05e-4d55-885d-5fcf41bb17ef","Craterocephalus fluviatilis","Craterocephalus","Atherinidae","Atheriniformes","Actinopterygii","Chordata","Animalia","Murray Hardyhead","exactMatch",
"Grevillea infundibularis","Grevillea infundibularis","Fan-leaf Grevillea","Proteaceae","Endangered","Endangered","Endangered","","https://id.biodiversity.org.au/node/apni/2917495","Grevillea infundibularis","Grevillea","Proteaceae","Proteales","Equisetopsida","Charophyta","Plantae","Fan-leaf Grevillea","exactMatch",
"Turnix olivii","Turnix olivii","Buff-breasted Button-quail","Turnicidae","Critically Endangered","Critically Endangered","Critically Endangered","","https://biodiversity.org.au/afd/taxa/e26aef43-95fe-434b-8984-8866d6671d95","Turnix (Austroturnix) olivii","Turnix","Turnicidae","Turniciformes","Aves","Chordata","Animalia","Buff-breasted Button-quail","exactMatch",
"Drakaea concolor","Drakaea concolor","Kneeling Hammer-orchid","Orchidaceae","Vulnerable","Vulnerable","Vulnerable","","https://id.biodiversity.org.au/taxon/apni/51404649","Drakaea concolor","Drakaea","Orchidaceae","Asparagales","Equisetopsida","Charophyta","Plantae","Kneeling Hammer Orchid","exactMatch",
"Drakaea isolata","Drakaea isolata","Lonely Hammer-orchid","Orchidaceae","Endangered","Endangered","Endangered","","https://id.biodiversity.org.au/taxon/apni/51404659","Drakaea isolata","Drakaea","Orchidaceae","Asparagales","Equisetopsida","Charophyta","Plantae","Lonely Hammer Orchid","exactMatch",
"Acacia meiantha","Acacia meiantha","-","Fabaceae","Endangered","Endangered","Endangered","","https://id.biodiversity.org.au/node/apni/2888344","Acacia meiantha","Acacia","Fabaceae","Fabales","Equisetopsida","Charophyta","Plantae",,"exactMatch",
"Lagorchestes hirsutus bernieri","Lagorchestes hirsutus bernieri","Rufous Hare-wallaby (Bernier Island)","Macropodidae","Vulnerable","Vulnerable","Vulnerable","","https://biodiversity.org.au/afd/taxa/0b112a11-cfec-4599-8c5a-056e19631bf7","Lagorchestes hirsutus bernieri","Lagorchestes","Macropodidae","Diprotodontia","Mammalia","Chordata","Animalia","Rufous Hare-wallaby (bernier And Dorre Islands)","exactMatch",
"Acacia wilsonii","Acacia wilsonii","Wilson's Wattle","Fabaceae","Endangered","Endangered","Endangered","","https://id.biodiversity.org.au/node/apni/2901162","Acacia wilsonii","Acacia","Fabaceae","Fabales","Equisetopsida","Charophyta","Plantae","Wilson's Wattle","exactMatch",
"Charadrius leschenaultii","Charadrius leschenaultii","Greater Sand Plover, Large Sand Plover","Charadriidae","Vulnerable","Vulnerable","Vulnerable","","https://biodiversity.org.au/afd/taxa/9aeef589-2845-4876-a57b-b62fcbc49275","Charadrius (Charadrius) leschenaultii","Charadrius","Charadriidae","Charadriiformes","Aves","Chordata","Animalia","Greater Sand Plover","exactMatch",
"Grevillea thelemanniana","Grevillea thelemanniana","Spider Net Grevillea","Proteaceae","Critically Endangered","Critically Endangered","Critically Endangered","","https://id.biodiversity.org.au/taxon/apni/51445443","Grevillea thelemanniana","Grevillea","Proteaceae","Proteales","Equisetopsida","Charophyta","Plantae","Spider Net Grevillea","exactMatch",
"Isoodon auratus barrowensis","Isoodon auratus barrowensis","Golden Bandicoot (Barrow Island)","Peramelidae","Vulnerable","Vulnerable","Vulnerable","","https://biodiversity.org.au/afd/taxa/329f51e9-69c7-47e5-94af-38c99fc32d40","Isoodon auratus barrowensis","Isoodon","Peramelidae","Peramelemorphia","Mammalia","Chordata","Animalia","Barrow Island Golden Bandicoot","exactMatch",
"Daviesia speciosa","Daviesia speciosa","Beautiful Daviesia","Fabaceae","Endangered","Endangered","Endangered","","https://id.biodiversity.org.au/node/apni/2897366","Daviesia speciosa","Daviesia","Fabaceae","Fabales","Equisetopsida","Charophyta","Plantae","Beautiful Daviesia","exactMatch",
"Limosa lapponica menzbieri","Limosa lapponica menzbieri","Northern Siberian Bar-tailed Godwit, Russkoye Bar-tailed Godwit","Scolopacidae","Endangered","Endangered","Endangered","","https://biodiversity.org.au/afd/taxa/585f6243-c390-4f82-a844-f020c7b02675","Limosa lapponica menzbieri","Limosa","Scolopacidae","Charadriiformes","Aves","Chordata","Animalia","Yakutian Bar-tailed Godwit","exactMatch",
"Capparis thozetiana","Capparis thozetiana","-","Capparaceae","Vulnerable","Vulnerable","Vulnerable","","https://id.biodiversity.org.au/taxon/apni/51432929","Capparis thozetiana","Capparis","Capparaceae","Brassicales","Equisetopsida","Charophyta","Plantae",,"exactMatch",
"Eucalyptus crucis subsp. praecipua","Eucalyptus crucis subsp. praecipua","Paynes Find Mallee","Myrtaceae","Endangered","Endangered","Endangered","","https://id.biodiversity.org.au/taxon/apni/51289876","Eucalyptus crucis subsp. praecipua","Eucalyptus","Myrtaceae","Myrtales","Equisetopsida","Charophyta","Plantae","Paynes Find Mallee","exactMatch",
"Gudeoconcha sophiae magnifica","Gudeoconcha sophiae magnifica","Magnificent Helicarionid Land Snail","Helicarionidae","Critically Endangered","Critically Endangered","Critically Endangered","","https://biodiversity.org.au/afd/taxa/9e6b4a35-ccee-4617-b5b1-769f94f4ba17","Gudeoconcha sophiae magnifica","Gudeoconcha","Helicarionidae","Stylommatophora","Gastropoda","Mollusca","Animalia","Magnificent Helicarionid Land Snail","exactMatch",
"Zieria murphyi","Zieria murphyi","Velvet Zieria","Rutaceae","Vulnerable","Vulnerable","Vulnerable","","https://id.biodiversity.org.au/node/apni/2914587","Zieria murphyi","Zieria","Rutaceae","Sapindales","Equisetopsida","Charophyta","Plantae","Velvet Zieria","exactMatch",
"Grevillea acropogon","Grevillea acropogon","-","Proteaceae","Endangered","Endangered","Endangered","","https://id.biodiversity.org.au/node/apni/2898961","Grevillea acropogon","Grevillea","Proteaceae","Proteales","Equisetopsida","Charophyta","Plantae",,"exactMatch",
"Senecio australis","Senecio australis","a daisy","Asteraceae","Vulnerable","Vulnerable","Vulnerable","","https://id.biodiversity.org.au/node/apni/2889554","Senecio australis","Senecio","Asteraceae","Asterales","Equisetopsida","Charophyta","Plantae","A Daisy","exactMatch",
"Diploglottis campbellii","Diploglottis campbellii","Small-leaved Tamarind","Sapindaceae","Endangered","Endangered","Endangered","","https://id.biodiversity.org.au/node/apni/2906814","Diploglottis campbellii","Diploglottis","Sapindaceae","Sapindales","Equisetopsida","Charophyta","Plantae","Small-leaved Tamarind","exactMatch",
"Geniostoma huttonii","Geniostoma huttonii","-","Loganiaceae","Endangered","Endangered","Endangered","","https://id.biodiversity.org.au/node/apni/2909577","Geniostoma huttonii","Geniostoma","Loganiaceae","Gentianales","Equisetopsida","Charophyta","Plantae","Hutton's Geniostoma","exactMatch",
"Rheobatrachus vitellinus","Rheobatrachus vitellinus","Northern Gastric-brooding Frog, Eungella Gastric-brooding Frog","Myobatrachidae","Extinct","Extinct","Extinct","","https://biodiversity.org.au/afd/taxa/42ffd1cc-f651-4139-9d56-ce662cfa1cbc","Rheobatrachus vitellinus","Rheobatrachus","Myobatrachidae","Anura","Amphibia","Chordata","Animalia","Stream Frog","exactMatch",
"Paragoodia crenulata","Paragoodia crenulata","-","Fabaceae","Critically Endangered","Critically Endangered","Critically Endangered","","https://id.biodiversity.org.au/node/apni/2917804","Paragoodia crenulata","Paragoodia","Fabaceae","Fabales","Equisetopsida","Charophyta","Plantae",,"exactMatch",
"Nematolepis squamea subsp. coriacea","Nematolepis squamea subsp. coriacea","Harsh Nematolepis","Rutaceae","Vulnerable","Vulnerable","Vulnerable","","https://id.biodiversity.org.au/node/apni/2901355","Nematolepis squamea subsp. coriacea","Nematolepis","Rutaceae","Sapindales","Equisetopsida","Charophyta","Plantae","Harsh Nematolepis","exactMatch",
"Spyridium lawrencei","Spyridium lawrencei","Small-leaf Spyridium","Rhamnaceae","Endangered","Endangered","Endangered","","https://id.biodiversity.org.au/node/apni/2905781","Spyridium lawrencei","Spyridium","Rhamnaceae","Rosales","Equisetopsida","Charophyta","Plantae","Smallleaf Spyridium","exactMatch",
"Galaxias tantangara","Galaxias tantangara","Stocky Galaxias","Galaxiidae","Critically Endangered","Critically Endangered","Critically Endangered","","https://biodiversity.org.au/afd/taxa/13a9b415-8fcb-4000-93d4-d2247439e1e9","Galaxias tantangara","Galaxias","Galaxiidae","Salmoniformes","Actinopterygii","Chordata","Animalia","Stocky Galaxias","exactMatch",
"Acanthophis hawkei","Acanthophis hawkei","Plains Death Adder","Elapidae","Vulnerable","Vulnerable","Vulnerable","","https://biodiversity.org.au/afd/taxa/5cfb45ca-ee57-483e-a417-08114e87217c","Acanthophis hawkei","Acanthophis","Elapidae","Squamata","Reptilia","Chordata","Animalia","Barkly Tableland Death Adder","exactMatch",
"Plectranthus habrophyllus","Plectranthus habrophyllus","-","Lamiaceae","Endangered","Endangered","Endangered","","https://id.biodiversity.org.au/taxon/apni/51774939","Coleus habrophyllus","Coleus","Lamiaceae","Lamiales","Equisetopsida","Charophyta","Plantae",,"exactMatch",
"Lerista vittata","Lerista vittata","Mount Cooper Striped Skink, Mount Cooper Striped Lerista","Scincidae","Vulnerable","Vulnerable","Vulnerable","","https://biodiversity.org.au/afd/taxa/9a4b76d9-d6b1-44dd-8923-09285a11d72a","Lerista vittata","Lerista","Scincidae","Squamata","Reptilia","Chordata","Animalia","Side-striped Fine-lined Slider","exactMatch",
"Euastacus fleckeri","Euastacus fleckeri","Flecker's Crayfish, Red and Blue Spiny Crayfish","Parastacidae","Endangered","Endangered","Endangered","","https://biodiversity.org.au/afd/taxa/70e48a70-9b58-4a40-9126-bfa0848b2e4d","Euastacus fleckeri","Euastacus","Parastacidae","Decapoda","Malacostraca","Arthropoda","Animalia","Red And Blue Spiny Crayfish, Flecker's Crayfish","exactMatch",
"Turdus poliocephalus erythropleurus","Turdus poliocephalus erythropleurus","Christmas Island Thrush","Muscicapidae","Endangered","Endangered","Endangered","","https://biodiversity.org.au/afd/taxa/a8f33be5-028d-456b-90a7-d0224b0ad6d9","Turdus poliocephalus erythropleurus","Turdus","Turdidae","Passeriformes","Aves","Chordata","Animalia","Christmas Island Thrush","exactMatch",
"Boronia hemichiton","Boronia hemichiton","Mt Arthur Boronia","Rutaceae","Vulnerable","Vulnerable","Vulnerable","","https://id.biodiversity.org.au/node/apni/2903230","Boronia hemichiton","Boronia","Rutaceae","Sapindales","Equisetopsida","Charophyta","Plantae","Mt Arthur Boronia","exactMatch",
"Litoria lorica","Litoria lorica","Armoured Mist Frog","Pelodryadidae","Critically Endangered","Critically Endangered","Critically Endangered","","https://biodiversity.org.au/afd/taxa/f8953f6f-48f4-4daa-8679-45780339de24","Litoria lorica","Litoria","Pelodryadidae","Anura","Amphibia","Chordata","Animalia","Armoured Frog","exactMatch",
"Bellatorias obiri","Bellatorias obiri","Arnhem Land Egernia","Scincidae","Endangered","Endangered","Endangered","","https://biodiversity.org.au/afd/taxa/a7d6f4db-19a4-4cec-82b5-3fdfd2eaf31b","Bellatorias obiri","Bellatorias","Scincidae","Squamata","Reptilia","Chordata","Animalia","Malkadjba","exactMatch",
"Phyllurus pinnaclensis","Phyllurus pinnaclensis","Pinnacles Leaf-tailed Gecko","Carphodactylidae","Critically Endangered","Critically Endangered","Critically Endangered","","https://biodiversity.org.au/afd/taxa/9d7100b2-fba4-4d8b-963e-2d577266336f","Phyllurus pinnaclensis","Phyllurus","Carphodactylidae","Squamata","Reptilia","Chordata","Animalia","Pinnacles Leaf-tailed Gecko","exactMatch",
"Sminthopsis fuliginosa aitkeni","Sminthopsis fuliginosa aitkeni","Kangaroo Island Dunnart","Dasyuridae","Endangered","Endangered","Endangered","","https://biodiversity.org.au/afd/taxa/10fe0c0c-8472-47f9-bc57-fe66017f573a","Sminthopsis fuliginosa aitkeni","Sminthopsis","Dasyuridae","Dasyuromorphia","Mammalia","Chordata","Animalia","Kangaroo Island Dunnart","exactMatch",
"Argynnis hyperbius inconstans","Argynnis hyperbius inconstans","Australian Fritillary","Nymphalidae","Critically Endangered","Critically Endangered","Critically Endangered","","https://biodiversity.org.au/afd/taxa/85a604f5-2c9c-42e4-9aad-2b8405b9a172","Argynnis hyperbius inconstans","Argynnis","Nymphalidae","Lepidoptera","Insecta","Arthropoda","Animalia","Australian Fritillary","exactMatch",
"Petrogale xanthopus celeris","Petrogale xanthopus celeris","Yellow-footed Rock-wallaby (central-western Queensland)","Macropodidae","Vulnerable","Vulnerable","Vulnerable","","https://biodiversity.org.au/afd/taxa/0a1c6c0a-4964-4dd7-8e5c-5a419dc1f4e4","Petrogale xanthopus celeris","Petrogale","Macropodidae","Diprotodontia","Mammalia","Chordata","Animalia","Yellow-footed Rock-wallaby","exactMatch",
"Calyptorhynchus baudinii","Calyptorhynchus baudinii","Baudin's Cockatoo, Long-billed Black-Cockatoo","Cacatuidae","Endangered","Endangered","Endangered","","https://biodiversity.org.au/afd/taxa/cff21565-2bc4-4a67-8c0c-600ae7c10fd8","Zanda baudinii","Zanda","Cacatuidae","Psittaciformes","Aves","Chordata","Animalia","Long-billed Black-cockatoo","exactMatch",
"Elaeocarpus miegei","Elaeocarpus miegei","-","Elaeocarpaceae","Endangered","Endangered","Endangered","","https://id.biodiversity.org.au/node/apni/2890315","Elaeocarpus miegei","Elaeocarpus","Elaeocarpaceae","Oxalidales","Equisetopsida","Charophyta","Plantae","Elaeocarpus","exactMatch",
"Eucalyptus morrisbyi","Eucalyptus morrisbyi","Morrisby's Gum, Morrisbys Gum","Myrtaceae","Critically Endangered","Critically Endangered","Critically Endangered","","https://id.biodiversity.org.au/node/apni/2889115","Eucalyptus morrisbyi","Eucalyptus","Myrtaceae","Myrtales","Equisetopsida","Charophyta","Plantae","Morrisbys Gum","exactMatch",
"Asterolasia buxifolia","Asterolasia buxifolia","-","Rutaceae","Critically Endangered","Critically Endangered","Critically Endangered","","https://id.biodiversity.org.au/node/apni/2920723","Asterolasia buxifolia","Asterolasia","Rutaceae","Sapindales","Equisetopsida","Charophyta","Plantae",,"exactMatch",
"Cycas cairnsiana","Cycas cairnsiana","a cycad","Cycadaceae","Vulnerable","Vulnerable","Vulnerable","","https://id.biodiversity.org.au/node/apni/2908796","Cycas cairnsiana","Cycas","Cycadaceae","Cycadales","Equisetopsida","Charophyta","Plantae","Zamia Palm","exactMatch",
"Euastacus robertsi","Euastacus robertsi","Robert's Crayfish, Robert's Spiny Crayfish","Parastacidae","Endangered","Endangered","Endangered","","https://biodiversity.org.au/afd/taxa/c0508fdb-e903-40a1-9d16-5329fca956ad","Euastacus robertsi","Euastacus","Parastacidae","Decapoda","Malacostraca","Arthropoda","Animalia",,"exactMatch",
"Engaewa reducta","Engaewa reducta","Dunsborough Burrowing Crayfish","Parastacidae","Critically Endangered","Critically Endangered","Critically Endangered","","https://biodiversity.org.au/afd/taxa/df231331-b41e-4d34-8313-8e5875620b8c","Engaewa reducta","Engaewa","Parastacidae","Decapoda","Malacostraca","Arthropoda","Animalia","Dunsborough Burrowing Crayfish","exactMatch",
"Coopernookia scabridiuscula","Coopernookia scabridiuscula","-","Goodeniaceae","Vulnerable","Vulnerable","Vulnerable","","https://id.biodiversity.org.au/node/apni/2888955","Coopernookia scabridiuscula","Coopernookia","Goodeniaceae","Asterales","Equisetopsida","Charophyta","Plantae","Coopernookia","exactMatch",
"Acacia phasmoides","Acacia phasmoides","Phantom Wattle","Fabaceae","Vulnerable","Vulnerable","Vulnerable","","https://id.biodiversity.org.au/node/apni/2904946","Acacia phasmoides","Acacia","Fabaceae","Fabales","Equisetopsida","Charophyta","Plantae","Phantom Wattle","exactMatch",
"Corunastylis insignis","Corunastylis insignis","Wyong Midge Orchid 1, Variable Midge Orchid 1","Orchidaceae","Critically Endangered","Critically Endangered","Critically Endangered","","https://id.biodiversity.org.au/taxon/apni/51441228","Corunastylis insignis","Corunastylis","Orchidaceae","Asparagales","Equisetopsida","Charophyta","Plantae","Wyong Midge Orchid 1","exactMatch",
"Pterostylis bryophila","Pterostylis bryophila","Hindmarsh Valley Greenhood","Orchidaceae","Critically Endangered","Critically Endangered","Critically Endangered","","https://id.biodiversity.org.au/taxon/apni/51412050","Pterostylis bryophila","Pterostylis","Orchidaceae","Asparagales","Equisetopsida","Charophyta","Plantae","Hindmarsh Greenhood","exactMatch",
"Uperoleia martini","Uperoleia martini","Martin's Toadlet","Myobatrachidae","Endangered","Endangered","Endangered","","https://biodiversity.org.au/afd/taxa/31816b09-0345-4cac-bd79-0706236891a7","Uperoleia martini","Uperoleia","Myobatrachidae","Anura","Amphibia","Chordata","Animalia","Martin's Toadlet","exactMatch",
"Endiandra hayesii","Endiandra hayesii","Rusty Rose Walnut, Velvet Laurel","Lauraceae","Vulnerable","Vulnerable","Vulnerable","","https://id.biodiversity.org.au/node/apni/2891825","Endiandra hayesii","Endiandra","Lauraceae","Laurales","Equisetopsida","Charophyta","Plantae","Rusty Rose Walnut","exactMatch",
"Huperzia serrata","Huperzia serrata","Water Tassel-fern","Lycopodiaceae","Extinct","Extinct","Extinct","","https://id.biodiversity.org.au/taxon/apni/51776295","Huperzia serrata","Huperzia","Lycopodiaceae","Lycopodiales","Equisetopsida","Charophyta","Plantae","Water Tasselfern","exactMatch",
"Genoplesium plumosum","Genoplesium plumosum","Plumed Midge-orchid, Tallong Midge Orchid","Orchidaceae","Endangered","Endangered","Endangered","","https://id.biodiversity.org.au/taxon/apni/51441301","Corunastylis plumosa","Corunastylis","Orchidaceae","Asparagales","Equisetopsida","Charophyta","Plantae","Tallong Midge Orchid","exactMatch",
"Notomys amplus","Notomys amplus","Short-tailed Hopping-mouse, Yoontoo","Muridae","Extinct","Extinct","Extinct","","https://biodiversity.org.au/afd/taxa/2da4cbaa-005f-4346-8e11-6a1e5ddd0444","Notomys amplus","Notomys","Muridae","Rodentia","Mammalia","Chordata","Animalia","Short-tailed Hopping-mouse","exactMatch",
"Diuris purdiei","Diuris purdiei","Purdie's Donkey-orchid","Orchidaceae","Endangered","Endangered","Endangered","","https://id.biodiversity.org.au/taxon/apni/51404321","Diuris purdiei","Diuris","Orchidaceae","Asparagales","Equisetopsida","Charophyta","Plantae","Purdie's Donkey Orchid","exactMatch",
"Atalaya collina","Atalaya collina","Yarwun Whitewood","Sapindaceae","Endangered","Endangered","Endangered","","https://id.biodiversity.org.au/node/apni/2898560","Atalaya collina","Atalaya","Sapindaceae","Sapindales","Equisetopsida","Charophyta","Plantae","Yarwun Whitewood","exactMatch",
"Eucalyptus alligatrix subsp. miscella","Eucalyptus alligatrix subsp. miscella","a stringybark","Myrtaceae","Vulnerable","Vulnerable","Vulnerable","","https://id.biodiversity.org.au/node/apni/2918243","Eucalyptus alligatrix subsp. miscella","Eucalyptus","Myrtaceae","Myrtales","Equisetopsida","Charophyta","Plantae","A Stringybark","exactMatch",
"Pomaderris parrisiae","Pomaderris parrisiae","Parris' Pomaderris","Rhamnaceae","Vulnerable","Vulnerable","Vulnerable","","https://id.biodiversity.org.au/node/apni/2919482","Pomaderris parrisiae","Pomaderris","Rhamnaceae","Rosales","Equisetopsida","Charophyta","Plantae","Parris' Pomaderris","exactMatch",
"Caladenia caudata","Caladenia caudata","Tailed Spider-orchid","Orchidaceae","Vulnerable","Vulnerable","Vulnerable","","https://id.biodiversity.org.au/taxon/apni/51398883","Caladenia caudata","Caladenia","Orchidaceae","Asparagales","Equisetopsida","Charophyta","Plantae","Tailed Spiderorchid","exactMatch",
"Leptospermum petraeum","Leptospermum petraeum","-","Myrtaceae","Critically Endangered","Critically Endangered","Critically Endangered","","https://id.biodiversity.org.au/node/apni/2911479","Leptospermum petraeum","Leptospermum","Myrtaceae","Myrtales","Equisetopsida","Charophyta","Plantae",,"exactMatch",
"Calophyllum bicolor","Calophyllum bicolor","-","Clusiaceae","Vulnerable","Vulnerable","Vulnerable","","https://id.biodiversity.org.au/node/apni/2901730","Calophyllum bicolor","Calophyllum","Clusiaceae","Malpighiales","Equisetopsida","Charophyta","Plantae",,"exactMatch",
"Ninox novaeseelandiae undulata","Ninox novaeseelandiae undulata","Norfolk Island Boobook, Norfolk Island Morepork, Southern Boobook (Norfolk Island)","Strigidae","Endangered","Endangered","Endangered","","https://biodiversity.org.au/afd/taxa/bf8cbb68-a1ef-44c8-b086-274619303470","Ninox (Ninox) novaeseelandiae undulata","Ninox","Strigidae","Strigiformes","Aves","Chordata","Animalia","Norfolk Island Morepork","exactMatch",
"Grevillea obtusiflora","Grevillea obtusiflora","Grey Grevillea","Proteaceae","Endangered","Endangered","Endangered","","https://id.biodiversity.org.au/node/apni/2895996","Grevillea obtusiflora","Grevillea","Proteaceae","Proteales","Equisetopsida","Charophyta","Plantae","Grey Grevillea","exactMatch",
"Caladenia bryceana subsp. cracens","Caladenia bryceana subsp. cracens","Northern Dwarf Spider-orchid","Orchidaceae","Vulnerable","Vulnerable","Vulnerable","","https://id.biodiversity.org.au/taxon/apni/51398850","Caladenia bryceana subsp. cracens","Caladenia","Orchidaceae","Asparagales","Equisetopsida","Charophyta","Plantae","Northern Dwarf Spider Orchid","exactMatch",
"Pteropus natalis","Pteropus natalis","Christmas Island Flying-fox, Christmas Island Fruit-bat","Pteropodidae","Critically Endangered","Critically Endangered","Critically Endangered","","https://biodiversity.org.au/afd/taxa/0f718997-2828-4e04-9bb5-d34e16deb827","Pteropus natalis","Pteropus","Pteropodidae","Chiroptera","Mammalia","Chordata","Animalia","Christmas Island Flying Fox","exactMatch",
"Stipiturus malachurus parimeda","Stipiturus malachurus parimeda","Southern Emu-wren (Eyre Peninsula), Eyre Peninsula Southern Emu-wren","Maluridae","Endangered","Endangered","Endangered","","https://biodiversity.org.au/afd/taxa/27484bb7-8d51-4387-8a2f-885e917fe440","Stipiturus malachurus parimeda","Stipiturus","Maluridae","Passeriformes","Aves","Chordata","Animalia","Eyre Peninsula Southern Emu-wren","exactMatch",
"Galaxias pedderensis","Galaxias pedderensis","Pedder Galaxias","Galaxiidae","Extinct in the wild","Extinct in the Wild","Extinct in the Wild","","https://biodiversity.org.au/afd/taxa/f57c715a-65ce-42ab-b2dd-3372632b7af0","Galaxias pedderensis","Galaxias","Galaxiidae","Salmoniformes","Actinopterygii","Chordata","Animalia","Pedder Galaxias","exactMatch",
"Eucalyptus dalveenica","Eucalyptus dalveenica","Dalveen Blue Box","Myrtaceae","Critically Endangered","Critically Endangered","Critically Endangered","","https://id.biodiversity.org.au/taxon/apni/51781999","Eucalyptus dalveenica","Eucalyptus","Myrtaceae","Myrtales","Equisetopsida","Charophyta","Plantae",,"exactMatch",
"Darwinia masonii","Darwinia masonii","Mason's Darwinia","Myrtaceae","Vulnerable","Vulnerable","Vulnerable","","https://id.biodiversity.org.au/node/apni/2888499","Darwinia masonii","Darwinia","Myrtaceae","Myrtales","Equisetopsida","Charophyta","Plantae","Mason's Darwinia","exactMatch",
"Taraxacum cygnorum","Taraxacum cygnorum","Coast Dandelion, Native Dandelion","Asteraceae","Vulnerable","Vulnerable","Vulnerable","","https://id.biodiversity.org.au/node/apni/2911871","Taraxacum cygnorum","Taraxacum","Asteraceae","Asterales","Equisetopsida","Charophyta","Plantae","Dandelion","exactMatch",
"Ungeria floribunda","Ungeria floribunda","Bastard Oak","Sterculiaceae","Vulnerable","Vulnerable","Vulnerable","","https://id.biodiversity.org.au/node/apni/2902694","Ungeria floribunda","Ungeria","Malvaceae","Malvales","Equisetopsida","Charophyta","Plantae","Bastard Oak","exactMatch",
"Zieria verrucosa","Zieria verrucosa","-","Rutaceae","Vulnerable","Vulnerable","Vulnerable","","https://id.biodiversity.org.au/taxon/apni/51367860","Zieria verrucosa","Zieria","Rutaceae","Sapindales","Equisetopsida","Charophyta","Plantae",,"exactMatch",
"Crocidura trichura","Crocidura trichura","Christmas Island Shrew","Soricidae","Critically Endangered","Critically Endangered","Critically Endangered","","https://biodiversity.org.au/afd/taxa/62435ea0-629e-428d-af1f-bb8aa0fb4129","Crocidura trichura","Crocidura","Soricidae","Insectivora","Mammalia","Chordata","Animalia","Christmas Island Shrew","exactMatch",
"Caladenia argocalla","Caladenia argocalla","White-beauty Spider-orchid","Orchidaceae","Endangered","Endangered","Endangered","","https://id.biodiversity.org.au/taxon/apni/51398789","Caladenia argocalla","Caladenia","Orchidaceae","Asparagales","Equisetopsida","Charophyta","Plantae","Whitebeauty Spiderorchid","exactMatch",
"Caladenia robinsonii","Caladenia robinsonii","Frankston Spider-orchid","Orchidaceae","Endangered","Endangered","Endangered","","https://id.biodiversity.org.au/taxon/apni/51399330","Caladenia robinsonii","Caladenia","Orchidaceae","Asparagales","Equisetopsida","Charophyta","Plantae","Frankston Spiderorchid","exactMatch",
"Verticordia albida","Verticordia albida","White Featherflower","Myrtaceae","Endangered","Endangered","Endangered","","https://id.biodiversity.org.au/node/apni/2907377","Verticordia albida","Verticordia","Myrtaceae","Myrtales","Equisetopsida","Charophyta","Plantae","White Featherflower","exactMatch",
"Pterostylis metcalfei","Pterostylis metcalfei","Metcalfe's Greenhood","Orchidaceae","Endangered","Endangered","Endangered","","https://id.biodiversity.org.au/taxon/apni/51412218","Pterostylis metcalfei","Pterostylis","Orchidaceae","Asparagales","Equisetopsida","Charophyta","Plantae","Metcalfe's Greenhood","exactMatch",
"Daviesia glossosema","Daviesia glossosema","Maroon-flowered Daviesia","Fabaceae","Critically Endangered","Critically Endangered","Critically Endangered","","https://id.biodiversity.org.au/node/apni/2902104","Daviesia glossosema","Daviesia","Fabaceae","Fabales","Equisetopsida","Charophyta","Plantae","Maroonflowered Daviesia","exactMatch",
"Hoplogonus vanderschoori","Hoplogonus vanderschoori","Vanderschoor's Stag Beetle","Lucanidae","Vulnerable","Vulnerable","Vulnerable","","https://biodiversity.org.au/afd/taxa/36875ca5-fd19-4631-9ecf-0c93d1440a7a","Hoplogonus vanderschoori","Hoplogonus","Lucanidae","Coleoptera","Insecta","Arthropoda","Animalia","Vanderschoor's Stag Beetle","exactMatch",
"Rutidosis leiolepis","Rutidosis leiolepis","Monaro Golden Daisy","Asteraceae","Vulnerable","Vulnerable","Vulnerable","","https://id.biodiversity.org.au/node/apni/2914793","Rutidosis leiolepis","Rutidosis","Asteraceae","Asterales","Equisetopsida","Charophyta","Plantae","Monaro Golden Daisy","exactMatch",
"Petroica multicolor","Petroica multicolor","Norfolk Island Robin, Pacific Robin","Petroicidae","Vulnerable","Vulnerable","Vulnerable","","https://biodiversity.org.au/afd/taxa/f46b25c5-cf0f-43f9-8e82-ab2d00da914a","Petroica (Petroica) multicolor","Petroica","Petroicidae","Passeriformes","Aves","Chordata","Animalia","Pacific Robin","exactMatch",
"Acacia deuteroneura","Acacia deuteroneura","-","Fabaceae","Vulnerable","Vulnerable","Vulnerable","","https://id.biodiversity.org.au/node/apni/2898721","Acacia deuteroneura","Acacia","Fabaceae","Fabales","Equisetopsida","Charophyta","Plantae",,"exactMatch",
"Sternula albifrons","Sternula albifrons","Little Tern","Laridae","Vulnerable","Vulnerable","Vulnerable","","https://biodiversity.org.au/afd/taxa/35359d1d-71ec-4f5c-a11e-50dbe43d9a52","Sternula albifrons","Sternula","Laridae","Charadriiformes","Aves","Chordata","Animalia","Little Tern","exactMatch",
"Zieria ingramii","Zieria ingramii","Ingram's Zieria, Keith's Zieria","Rutaceae","Endangered","Endangered","Endangered","","https://id.biodiversity.org.au/node/apni/2898210","Zieria ingramii","Zieria","Rutaceae","Sapindales","Equisetopsida","Charophyta","Plantae","Keith's Zieria","exactMatch",
"Hypochrysops piceatus","Hypochrysops piceatus","Bulloak Jewel Butterfly","Lycaenidae","Critically Endangered","Critically Endangered","Critically Endangered","","https://biodiversity.org.au/afd/taxa/1fe2ae3f-6c6a-4036-b7a5-221fa0198e91","Hypochrysops piceatus","Hypochrysops","Lycaenidae","Lepidoptera","Insecta","Arthropoda","Animalia","Bulloak Jewel","exactMatch",
"Melaleuca sp. Wanneroo (G.J.Keighery 16705)","Melaleuca sp. Wanneroo (G.J.Keighery 16705)","-","Myrtaceae","Endangered","Endangered","Endangered","","https://id.biodiversity.org.au/node/apni/2903320","Melaleuca sp. Wanneroo (G.J.Keighery 16705)","Melaleuca","Myrtaceae","Myrtales","Equisetopsida","Charophyta","Plantae",,"exactMatch",
"Cophixalus mcdonaldi","Cophixalus mcdonaldi","McDonald's Frog, Mt Elliot Nursery-frog","Microhylidae","Critically Endangered","Critically Endangered","Critically Endangered","","https://biodiversity.org.au/afd/taxa/9d1d0dbb-2334-4533-b1b0-430a010dd625","Cophixalus mcdonaldi","Cophixalus","Microhylidae","Anura","Amphibia","Chordata","Animalia","Mcdonald's Frog","exactMatch",
"Grevillea hodgei","Grevillea hodgei","Coochin Hills Grevillea","Proteaceae","Critically Endangered","Critically Endangered","Critically Endangered","","https://id.biodiversity.org.au/node/apni/2916736","Grevillea hodgei","Grevillea","Proteaceae","Proteales","Equisetopsida","Charophyta","Plantae","Coochin Hills Grevillea","exactMatch",
"Leucopogon sp. Ongerup (A.S.George 16682)","Leucopogon sp. Ongerup (A.S.George 16682)","-","Ericaceae","Vulnerable","Vulnerable","Vulnerable","","https://id.biodiversity.org.au/taxon/apni/51767633","Styphelia disjuncta","Styphelia","Ericaceae","Ericales","Equisetopsida","Charophyta","Plantae",,"exactMatch",
"Eucalyptus mckieana","Eucalyptus mckieana","McKie's Stringybark","Myrtaceae","Vulnerable","Vulnerable","Vulnerable","","https://id.biodiversity.org.au/node/apni/2902415","Eucalyptus mckieana","Eucalyptus","Myrtaceae","Myrtales","Equisetopsida","Charophyta","Plantae","Mckie's Stringybark","exactMatch",
"Galaxiella pusilla","Galaxiella pusilla","Eastern Dwarf Galaxias, Dwarf Galaxias","Galaxiidae","Endangered","Endangered","Endangered","","https://biodiversity.org.au/afd/taxa/142a28c4-46f2-48c3-9f3f-de6f29193196","Galaxiella pusilla","Galaxiella","Galaxiidae","Salmoniformes","Actinopterygii","Chordata","Animalia","Dwarf Galaxias","exactMatch",
"Persoonia laxa","Persoonia laxa","-","Proteaceae","Extinct","Extinct","Extinct","","https://id.biodiversity.org.au/node/apni/2898319","Persoonia laxa","Persoonia","Proteaceae","Proteales","Equisetopsida","Charophyta","Plantae",,"exactMatch",
"Brachyscome muelleri","Brachyscome muelleri","Corunna Daisy","Asteraceae","Endangered","Endangered","Endangered","","https://id.biodiversity.org.au/node/apni/2890062","Brachyscome muelleri","Brachyscome","Asteraceae","Asterales","Equisetopsida","Charophyta","Plantae","Corunna Daisy","exactMatch",
"Cycas platyphylla","Cycas platyphylla","a cycad","Cycadaceae","Vulnerable","Vulnerable","Vulnerable","","https://id.biodiversity.org.au/node/apni/2889516","Cycas platyphylla","Cycas","Cycadaceae","Cycadales","Equisetopsida","Charophyta","Plantae",,"exactMatch",
"Thomasia glabripetala","Thomasia glabripetala","Sandplain Thomasia","Sterculiaceae","Vulnerable","Vulnerable","Vulnerable","","https://id.biodiversity.org.au/node/apni/2919601","Thomasia glabripetala","Thomasia","Malvaceae","Malvales","Equisetopsida","Charophyta","Plantae","Sandplain Thomasia","exactMatch",
"Thalassarche melanophris","Thalassarche melanophris","Black-browed Albatross","Diomedeidae","Vulnerable","Vulnerable","Vulnerable","","https://biodiversity.org.au/afd/taxa/f2daa035-4db2-4685-bec1-6b89c3274404","Thalassarche melanophris","Thalassarche","Diomedeidae","Procellariiformes","Aves","Chordata","Animalia","Black-browed Albatross","exactMatch",
"Petrogale penicillata","Petrogale penicillata","Brush-tailed Rock-wallaby","Macropodidae","Vulnerable","Vulnerable","Vulnerable","","https://biodiversity.org.au/afd/taxa/9605957e-396d-43b5-9025-997e1fee039a","Petrogale penicillata","Petrogale","Macropodidae","Diprotodontia","Mammalia","Chordata","Animalia","Brush-tailed Rock-wallaby","exactMatch",
"Pimelea cremnophila","Pimelea cremnophila","-","Thymelaeaceae","Critically Endangered","Critically Endangered","Critically Endangered","","https://id.biodiversity.org.au/node/apni/2889688","Pimelea cremnophila","Pimelea","Thymelaeaceae","Malvales","Equisetopsida","Charophyta","Plantae","Gorge Rice-flower","exactMatch",
"Pterodroma mollis","Pterodroma mollis","Soft-plumaged Petrel","Procellariidae","Vulnerable","Vulnerable","Vulnerable","","https://biodiversity.org.au/afd/taxa/d4e349ad-073e-4e89-9681-ea89511fa365","Pterodroma mollis","Pterodroma","Procellariidae","Procellariiformes","Aves","Chordata","Animalia","Soft-plumaged Petrel","exactMatch",
"Ctenotus lancelini","Ctenotus lancelini","Lancelin Island Skink","Scincidae","Vulnerable","Vulnerable","Vulnerable","","https://biodiversity.org.au/afd/taxa/f9ec0b95-4a25-45db-a663-c4047c7f28d7","Ctenotus lancelini","Ctenotus","Scincidae","Squamata","Reptilia","Chordata","Animalia","Lancelin Island Ctenotus","exactMatch",
"Psephotus pulcherrimus","Psephotus pulcherrimus","Paradise Parrot","Psittacidae","Extinct","Extinct","Extinct","","https://biodiversity.org.au/afd/taxa/429d4591-b910-46c1-8815-0abf92dc5121","Psephotellus pulcherrimus","Psephotellus","Psittacidae","Psittaciformes","Aves","Chordata","Animalia","Paradise Parrot","exactMatch",
"Eucalyptus parramattensis subsp. decadens","Eucalyptus parramattensis subsp. decadens","Earp's Gum, Earp's Dirty Gum","Myrtaceae","Vulnerable","Vulnerable","Vulnerable","","https://id.biodiversity.org.au/node/apni/2895617","Eucalyptus parramattensis subsp. decadens","Eucalyptus","Myrtaceae","Myrtales","Equisetopsida","Charophyta","Plantae","Earp's Dirty Gum","exactMatch",
"Prostanthera sp. Rowleys Creek (L.M.Copeland 4288)","Prostanthera sp. Rowleys Creek (L.M.Copeland 4288)","-","Lamiaceae","Critically Endangered","Critically Endangered","Critically Endangered","","https://id.biodiversity.org.au/node/apni/2915359","Prostanthera sp. Rowleys Creek (L.M.Copeland 4288)","Prostanthera","Lamiaceae","Lamiales","Equisetopsida","Charophyta","Plantae",,"exactMatch",
"Logania insularis","Logania insularis","Kangaroo Island Logania","Loganiaceae","Vulnerable","Vulnerable","Vulnerable","","https://id.biodiversity.org.au/node/apni/2891122","Logania insularis","Logania","Loganiaceae","Gentianales","Equisetopsida","Charophyta","Plantae","Kangaroo Island Logania","exactMatch",
"Cyrtodactylus sadleiri","Cyrtodactylus sadleiri","Christmas Island Giant Gecko","Gekkonidae","Endangered","Endangered","Endangered","","https://biodiversity.org.au/afd/taxa/55a527a1-ba94-4f00-87f7-0f54b60d4ba5","Cyrtodactylus sadleiri","Cyrtodactylus","Gekkonidae","Squamata","Reptilia","Chordata","Animalia","Christmas Island Giant Gecko","exactMatch",
"Helicteres macrothrix","Helicteres macrothrix","-","Malvaceae","Endangered","Endangered","Endangered","","https://id.biodiversity.org.au/node/apni/2900948","Helicteres macrothrix","Helicteres","Malvaceae","Malvales","Equisetopsida","Charophyta","Plantae","Helicteres","exactMatch",
"Wurmbea calcicola","Wurmbea calcicola","Naturaliste Nancy","Liliaceae","Endangered","Endangered","Endangered","","https://id.biodiversity.org.au/node/apni/2914487","Wurmbea calcicola","Wurmbea","Colchicaceae","Liliales","Equisetopsida","Charophyta","Plantae","Naturaliste Nancy","exactMatch",
"Caladenia procera","Caladenia procera","Carbunup King Spider Orchid","Orchidaceae","Critically Endangered","Critically Endangered","Critically Endangered","","https://id.biodiversity.org.au/taxon/apni/51399287","Caladenia procera","Caladenia","Orchidaceae","Asparagales","Equisetopsida","Charophyta","Plantae","Carbunup King Spider Orchid","exactMatch",
"Hypseleotris gymnocephala","Hypseleotris gymnocephala","Bald Carp Gudgeon","Eleotridae","Critically Endangered","Critically Endangered","Critically Endangered","","https://biodiversity.org.au/afd/taxa/7b021b01-1075-41c7-add0-ce020380b346","Hypseleotris gymnocephala","Hypseleotris","Eleotridae","Perciformes","Actinopterygii","Chordata","Animalia","Bald Carp Gudgeon","exactMatch",
"Pterostylis sp. Hale (R.Bates 21725)","Pterostylis sp. Hale (R.Bates 21725)","Hale Dwarf Greenhood","Orchidaceae","Endangered","Endangered","Endangered","","https://id.biodiversity.org.au/taxon/apni/51412362","Pterostylis sp. Hale (R.Bates 21725)","Pterostylis","Orchidaceae","Asparagales","Equisetopsida","Charophyta","Plantae","Hale Dwarf Greenhood","exactMatch",
"Aprasia aurita","Aprasia aurita","Eared Worm-lizard, Mallee Worm-lizard","Pygopodidae","Endangered","Endangered","Endangered","","https://biodiversity.org.au/afd/taxa/83c20290-732b-4378-beec-0c960c3210ae","Aprasia aurita","Aprasia","Pygopodidae","Squamata","Reptilia","Chordata","Animalia","Eared Worm-lizard","exactMatch",
"Falcunculus frontatus whitei","Falcunculus frontatus whitei","Crested Shrike-tit (northern), Northern Shrike-tit","Pachycephalidae","Vulnerable","Vulnerable","Vulnerable","","https://biodiversity.org.au/afd/taxa/1b4901b0-a4e2-42d0-9a33-e63992d44bf2","Falcunculus frontatus whitei","Falcunculus","Falcunculidae","Passeriformes","Aves","Chordata","Animalia","Northern Shrike-tit","exactMatch",
"Prasophyllum suaveolens","Prasophyllum suaveolens","Fragrant Leek-orchid","Orchidaceae","Endangered","Endangered","Endangered","","https://id.biodiversity.org.au/taxon/apni/51795314","Prasophyllum suaveolens","Prasophyllum","Orchidaceae","Asparagales","Equisetopsida","Charophyta","Plantae","Fragrant Leek-orchid","exactMatch",
"Pterostylis lepida","Pterostylis lepida","Halbury Greenhood","Orchidaceae","Endangered","Endangered","Endangered","","https://id.biodiversity.org.au/taxon/apni/51412182","Pterostylis lepida","Pterostylis","Orchidaceae","Asparagales","Equisetopsida","Charophyta","Plantae","Halbury Rustyhood","exactMatch",
"Dromaius ater","Dromaius ater","King Island Emu","Dromaiidae","Extinct","Extinct","Extinct","","https://biodiversity.org.au/afd/taxa/dadd0369-f5fe-4de0-8d37-6334f51e47f5","Dromaius minor","Dromaius","Casuariidae","Struthioniformes","Aves","Chordata","Animalia","King Island Emu","exactMatch",
"Syzygium velarum","Syzygium velarum","-","Myrtaceae","Vulnerable","Vulnerable","Vulnerable","","https://id.biodiversity.org.au/node/apni/2898315","Syzygium velarum","Syzygium","Myrtaceae","Myrtales","Equisetopsida","Charophyta","Plantae",,"exactMatch",
"Eremophila subteretifolia","Eremophila subteretifolia","Lake King Eremophila","Myoporaceae","Endangered","Endangered","Endangered","","https://id.biodiversity.org.au/node/apni/2902071","Eremophila subteretifolia","Eremophila","Scrophulariaceae","Lamiales","Equisetopsida","Charophyta","Plantae","Lake King Eremophila","exactMatch",
"Lomatia tasmanica","Lomatia tasmanica","King's Lomatia","Proteaceae","Critically Endangered","Critically Endangered","Critically Endangered","","https://id.biodiversity.org.au/node/apni/2903191","Lomatia tasmanica","Lomatia","Proteaceae","Proteales","Equisetopsida","Charophyta","Plantae","King's Lomatia","exactMatch",
"Mathewsoconcha suteri","Mathewsoconcha suteri","Suter's Striped Glass-snail","Helicarionidae","Critically Endangered","Critically Endangered","Critically Endangered","","https://biodiversity.org.au/afd/taxa/49c3bf87-b024-4d8e-aa0d-23d33e51686a","Advena suteri","Advena","Microcystidae","Stylommatophora","Gastropoda","Mollusca","Animalia","Suter's Striped Glass-snail","exactMatch",
"Pultenaea setulosa","Pultenaea setulosa","-","Fabaceae","Vulnerable","Vulnerable","Vulnerable","","https://id.biodiversity.org.au/node/apni/7244876","Pultenaea setulosa","Pultenaea","Fabaceae","Fabales","Equisetopsida","Charophyta","Plantae","Marlborough Bush-pea","exactMatch",
"Pultenaea villifera var. glabrescens","Pultenaea villifera var. glabrescens","Yellow Bush-pea, Splendid Bush-pea","Fabaceae","Vulnerable","Vulnerable","Vulnerable","","https://id.biodiversity.org.au/node/apni/2917405","Pultenaea villifera var. glabrescens","Pultenaea","Fabaceae","Fabales","Equisetopsida","Charophyta","Plantae","Splendid Bush-pea","exactMatch",
"Tympanocryptis osbornei","Tympanocryptis osbornei","Monaro Grassland Earless Dragon","Agamidae","Endangered","Endangered","Endangered","","https://biodiversity.org.au/afd/taxa/a3ab603e-bb65-4cf3-bf43-ecc478a9683c","Tympanocryptis osbornei","Tympanocryptis","Agamidae","Squamata","Reptilia","Chordata","Animalia","Monaro Grassland Earless Dragon","exactMatch",
"Astrotricha sp. Wingan Inlet (J.A.Jeanes 2268)","Astrotricha sp. Wingan Inlet (J.A.Jeanes 2268)","Wingan Star-hair","Araliaceae","Endangered","Endangered","Endangered","","https://id.biodiversity.org.au/node/apni/2918080","Astrotricha sp. Wingan Inlet (J.A.Jeanes 2268)","Astrotricha","Araliaceae","Apiales","Equisetopsida","Charophyta","Plantae",,"exactMatch",
"Zieria odorifera subsp. warrabahensis","Zieria odorifera subsp. warrabahensis","-","Rutaceae","Critically Endangered","Critically Endangered","Critically Endangered","","https://id.biodiversity.org.au/node/apni/2914041","Zieria odorifera subsp. warrabahensis","Zieria","Rutaceae","Sapindales","Equisetopsida","Charophyta","Plantae",,"exactMatch",
"Lagorchestes asomatus","Lagorchestes asomatus","Kuluwarri, Central Hare-wallaby","Macropodidae","Extinct","Extinct","Extinct","","https://biodiversity.org.au/afd/taxa/8e3f2223-9df5-4696-85fd-3279379819bc","Lagorchestes asomatus","Lagorchestes","Macropodidae","Diprotodontia","Mammalia","Chordata","Animalia","Central Hare-wallaby","exactMatch",
"Prostanthera gilesii","Prostanthera gilesii","-","Lamiaceae","Critically Endangered","Critically Endangered","Critically Endangered","","https://id.biodiversity.org.au/taxon/apni/51288027","Prostanthera gilesii","Prostanthera","Lamiaceae","Lamiales","Equisetopsida","Charophyta","Plantae",,"exactMatch",
"Lechenaultia chlorantha","Lechenaultia chlorantha","Kalbarri Leschenaultia","Goodeniaceae","Vulnerable","Vulnerable","Vulnerable","","https://id.biodiversity.org.au/node/apni/2891566","Lechenaultia chlorantha","Lechenaultia","Goodeniaceae","Asterales","Equisetopsida","Charophyta","Plantae","Kalbarri Leschenaultia","exactMatch",
"Petrogale lateralis hacketti","Petrogale lateralis hacketti","Recherche Rock-wallaby","Macropodidae","Vulnerable","Vulnerable","Vulnerable","","https://biodiversity.org.au/afd/taxa/e4e65a5b-bcdf-4e8c-9fe2-34d4d7efad85","Petrogale lateralis hacketti","Petrogale","Macropodidae","Diprotodontia","Mammalia","Chordata","Animalia","Recherche Black-footed Rock-wallaby","exactMatch",
"Lepidodactylus listeri","Lepidodactylus listeri","Christmas Island Gecko, Lister's Gecko","Gekkonidae","Critically Endangered","Critically Endangered","Critically Endangered","","https://biodiversity.org.au/afd/taxa/c6c14e66-6e81-4bca-9314-2f192742468a","Lepidodactylus listeri","Lepidodactylus","Gekkonidae","Squamata","Reptilia","Chordata","Animalia","Christmas Island Gecko","exactMatch",
"Prostanthera palustris","Prostanthera palustris","Swamp Mint-bush","Lamiaceae","Critically Endangered","Critically Endangered","Critically Endangered","","https://id.biodiversity.org.au/node/apni/2918112","Prostanthera palustris","Prostanthera","Lamiaceae","Lamiales","Equisetopsida","Charophyta","Plantae","Swamp Mint-bush","exactMatch",
"Banksia catoglypta","Banksia catoglypta","-","Proteaceae","Vulnerable","Vulnerable","Vulnerable","","https://id.biodiversity.org.au/node/apni/2886553","Banksia catoglypta","Banksia","Proteaceae","Proteales","Equisetopsida","Charophyta","Plantae",,"exactMatch",
"Hymenophyllum whitei","Hymenophyllum whitei","a filmy fern","Hymenophyllaceae","Extinct","Extinct","Extinct","","https://id.biodiversity.org.au/taxon/apni/51773857","Hymenophyllum whitei","Hymenophyllum","Hymenophyllaceae","Hymenophyllales","Equisetopsida","Charophyta","Plantae","A Filmy Fern","exactMatch",
"Conostylis misera","Conostylis misera","Grass Conostylis","Haemodoraceae","Endangered","Endangered","Endangered","","https://id.biodiversity.org.au/node/apni/2908803","Conostylis misera","Conostylis","Haemodoraceae","Commelinales","Equisetopsida","Charophyta","Plantae","Grass Conostylis","exactMatch",
"Neoastelia spectabilis","Neoastelia spectabilis","-","Liliaceae","Vulnerable","Vulnerable","Vulnerable","","https://id.biodiversity.org.au/node/apni/2909768","Neoastelia spectabilis","Neoastelia","Asteliaceae","Asparagales","Equisetopsida","Charophyta","Plantae","Silver Sword Lily","exactMatch",
"Leionema sympetalum","Leionema sympetalum","Rylstone Bell","Rutaceae","Vulnerable","Vulnerable","Vulnerable","","https://id.biodiversity.org.au/node/apni/2899491","Leionema sympetalum","Leionema","Rutaceae","Sapindales","Equisetopsida","Charophyta","Plantae","Rylstone Bell","exactMatch",
"Gadopsis sp. SWV","Gadopsis sp. SWV","Western Victorian Blackfish","Percichthyidae","Endangered","Endangered","Endangered","","ALA_DR30474_2270","Gadopsis sp. nov. 'Western Victoria'","Gadopsis","Percichthyidae","Perciformes","Actinopterygii","Chordata","Animalia","South-western Victorian Blackfish","exactMatch",
"Davidsonia jerseyana","Davidsonia jerseyana","Davidson's Plum","Cunoniaceae","Endangered","Endangered","Endangered","","https://id.biodiversity.org.au/node/apni/2918807","Davidsonia jerseyana","Davidsonia","Cunoniaceae","Oxalidales","Equisetopsida","Charophyta","Plantae","Davidson's Plum","exactMatch",
"Germainia capitata","Germainia capitata","-","Poaceae","Vulnerable","Vulnerable","Vulnerable","","https://id.biodiversity.org.au/node/apni/2898090","Germainia capitata","Germainia","Poaceae","Poales","Equisetopsida","Charophyta","Plantae",,"exactMatch",
"Allocasuarina emuina","Allocasuarina emuina","Emu Mountain Sheoak, Mt Emu She-oak","Casuarinaceae","Endangered","Endangered","Endangered","","https://id.biodiversity.org.au/taxon/apni/51752667","Allocasuarina thalassoscopica","Allocasuarina","Casuarinaceae","Fagales","Equisetopsida","Charophyta","Plantae","Mt. Coolum She-oak","exactMatch",
"Brachionichthys hirsutus","Brachionichthys hirsutus","Spotted Handfish","Brachionichthyidae","Critically Endangered","Critically Endangered","Critically Endangered","","https://biodiversity.org.au/afd/taxa/fa0c82af-92b0-4988-82f5-c0a261ac6fb5","Brachionichthys hirsutus","Brachionichthys","Brachionichthyidae","Lophiiformes","Actinopterygii","Chordata","Animalia","Spotted Handfish","exactMatch",
"Falco hypoleucos","Falco hypoleucos","Grey Falcon","Falconidae","Vulnerable","Vulnerable","Vulnerable","","https://biodiversity.org.au/afd/taxa/4c73a934-63ae-417d-af40-56a82ae68371","Falco (Hierofalco) hypoleucos","Falco","Falconidae","Falconiformes","Aves","Chordata","Animalia","Grey Falcon","exactMatch",
"Dromaius baudinianus","Dromaius baudinianus","Kangaroo Island Emu","Dromaiidae","Extinct","Extinct","Extinct","","https://biodiversity.org.au/afd/taxa/cd5c5983-b843-4ebf-b332-484c8866f694","Dromaius baudinianus","Dromaius","Casuariidae","Struthioniformes","Aves","Chordata","Animalia","Kangaroo Island Emu","exactMatch",
"Galaxias sp. nov. 'Hunter'","Galaxias sp. nov. 'Hunter'","Hunter Galaxias, Hunter Upland Galaxias","Galaxiidae","Critically Endangered","Critically Endangered","Critically Endangered","","ALA_DR30474_460","Galaxias sp. nov. 'Hunter'","Galaxias","Galaxiidae","Salmoniformes","Actinopterygii","Chordata","Animalia",,"exactMatch",
"Grevillea althoferorum","Grevillea althoferorum","-","Proteaceae","Endangered","Endangered","Endangered","","https://id.biodiversity.org.au/node/apni/2917534","Grevillea althoferorum","Grevillea","Proteaceae","Proteales","Equisetopsida","Charophyta","Plantae",,"exactMatch",
"Pseudomys fieldi","Pseudomys fieldi","Shark Bay Mouse, Djoongari, Alice Springs Mouse","Muridae","Vulnerable","Vulnerable","Vulnerable","","https://biodiversity.org.au/afd/taxa/b9b253e9-a56c-4a72-8ce3-15de06ef8417","Pseudomys gouldii","Pseudomys","Muridae","Rodentia","Mammalia","Chordata","Animalia","Shark Bay Mouse (djoongari)","exactMatch",
"Centrophorus uyato","Centrophorus uyato","Little Gulper Shark","Centrophoridae","Conservation Dependent","Conservation Dependent","Conservation Dependent","","https://biodiversity.org.au/afd/taxa/15f8fca2-0bbd-4d4c-939f-3ca8f0cfaaa7","Centrophorus uyato","Centrophorus","Centrophoridae","Squaliformes","Chondrichthyes","Chordata","Animalia","Endeavour Dogfishes","exactMatch",
"Leionema ralstonii","Leionema ralstonii","-","Rutaceae","Vulnerable","Vulnerable","Vulnerable","","https://id.biodiversity.org.au/node/apni/2917586","Leionema ralstonii","Leionema","Rutaceae","Sapindales","Equisetopsida","Charophyta","Plantae","Ralston's Leionema","exactMatch",
"Melithreptus brevirostris magnirostris","Melithreptus brevirostris magnirostris","Kangaroo Island Brown-headed Honeyeater","Meliphagidae","Endangered","Endangered","Endangered","","https://biodiversity.org.au/afd/taxa/4674bbb7-2b1d-4223-96de-4a933c242092","Melithreptus (Eidopsarus) brevirostris magnirostris","Melithreptus","Meliphagidae","Passeriformes","Aves","Chordata","Animalia","Kangaroo Island Brown-headed Honeyeater","exactMatch",
"Callitris oblonga subsp. oblonga","Callitris oblonga subsp. oblonga","South Esk Pine","Cupressaceae","Endangered","Endangered","Endangered","","https://id.biodiversity.org.au/node/apni/2893544","Callitris oblonga subsp. oblonga","Callitris","Cupressaceae","Pinales","Equisetopsida","Charophyta","Plantae","Tasmanian Cypress Pine","exactMatch",
"Darwinia whicherensis","Darwinia whicherensis","Abba Bell","Myrtaceae","Endangered","Endangered","Endangered","","https://id.biodiversity.org.au/node/apni/2886683","Darwinia whicherensis","Darwinia","Myrtaceae","Myrtales","Equisetopsida","Charophyta","Plantae","Abba Bell","exactMatch",
"Prasophyllum colemaniae","Prasophyllum colemaniae","Lilac Leek-orchid","Orchidaceae","Vulnerable","Vulnerable","Vulnerable","","https://id.biodiversity.org.au/taxon/apni/51795044","Prasophyllum colemaniarum","Prasophyllum","Orchidaceae","Asparagales","Equisetopsida","Charophyta","Plantae","Lilac Leek-orchid","exactMatch",
"Diomedea exulans","Diomedea exulans","Wandering Albatross","Diomedeidae","Vulnerable","Vulnerable","Vulnerable","","https://biodiversity.org.au/afd/taxa/702eb2fa-4723-4d0f-bca2-4e0d0770a6fb","Diomedea exulans","Diomedea","Diomedeidae","Procellariiformes","Aves","Chordata","Animalia","Wandering Albatross","exactMatch",
"Acacia sciophanes","Acacia sciophanes","Wundowlin Wattle, Ghost Wattle","Fabaceae","Endangered","Endangered","Endangered","","https://id.biodiversity.org.au/node/apni/2888112","Acacia sciophanes","Acacia","Fabaceae","Fabales","Equisetopsida","Charophyta","Plantae","Ghost Wattle","exactMatch",
"Prasophyllum atratum","Prasophyllum atratum","Three Hummock Leek-orchid","Orchidaceae","Critically Endangered","Critically Endangered","Critically Endangered","","https://id.biodiversity.org.au/taxon/apni/51794985","Prasophyllum atratum","Prasophyllum","Orchidaceae","Asparagales","Equisetopsida","Charophyta","Plantae","Three Hummock Leekorchid","exactMatch",
"Phebalium glandulosum subsp. eglandulosum","Phebalium glandulosum subsp. eglandulosum","Rusty Desert Phebalium","Rutaceae","Vulnerable","Vulnerable","Vulnerable","","https://id.biodiversity.org.au/taxon/apni/51429059","Phebalium glandulosum subsp. eglandulosum","Phebalium","Rutaceae","Sapindales","Equisetopsida","Charophyta","Plantae","Rusty Desert Phebalium","exactMatch",
"Arthraxon hispidus","Arthraxon hispidus","Hairy-joint Grass","Poaceae","Vulnerable","Vulnerable","Vulnerable","","https://id.biodiversity.org.au/taxon/apni/51442507","Arthraxon hispidus","Arthraxon","Poaceae","Poales","Equisetopsida","Charophyta","Plantae","Hairyjoint Grass","exactMatch",
"Homoranthus lunatus","Homoranthus lunatus","-","Myrtaceae","Vulnerable","Vulnerable","Vulnerable","","https://id.biodiversity.org.au/node/apni/2919062","Homoranthus lunatus","Homoranthus","Myrtaceae","Myrtales","Equisetopsida","Charophyta","Plantae","Crescent-leaved Homoranthus","exactMatch",
"Jacksonia quairading","Jacksonia quairading","Quairading Jacksonia, Quairading Stinkwood","Fabaceae","Endangered","Endangered","Endangered","","https://id.biodiversity.org.au/node/apni/2905631","Jacksonia quairading","Jacksonia","Fabaceae","Fabales","Equisetopsida","Charophyta","Plantae","Quairading Stinkwood","exactMatch",
"Andersonia pinaster","Andersonia pinaster","Two Peoples Bay Andersonia","Epacridaceae","Vulnerable","Vulnerable","Vulnerable","","https://id.biodiversity.org.au/node/apni/2913692","Andersonia pinaster","Andersonia","Ericaceae","Ericales","Equisetopsida","Charophyta","Plantae","Two Peoples Bay Andersonia","exactMatch",
"Coopernookia georgei","Coopernookia georgei","Mauve Coopernookia","Goodeniaceae","Endangered","Endangered","Endangered","","https://id.biodiversity.org.au/node/apni/2907729","Coopernookia georgei","Coopernookia","Goodeniaceae","Asterales","Equisetopsida","Charophyta","Plantae","Mauve Coopernookia","exactMatch",
"Phoebetria fusca","Phoebetria fusca","Sooty Albatross","Diomedeidae","Vulnerable","Vulnerable","Vulnerable","","https://biodiversity.org.au/afd/taxa/45bd036a-9d52-48a0-bbb0-c76b206d2682","Phoebetria fusca","Phoebetria","Diomedeidae","Procellariiformes","Aves","Chordata","Animalia","Sooty Albatross","exactMatch",
"Paspalum batianoffii","Paspalum batianoffii","-","Poaceae","Extinct","Extinct","Extinct","","https://id.biodiversity.org.au/taxon/apni/51291416","Paspalum batianoffii","Paspalum","Poaceae","Poales","Equisetopsida","Charophyta","Plantae",,"exactMatch",
"Leptospermum jingera","Leptospermum jingera","Stringybark Tea-tree","Myrtaceae","Critically Endangered","Critically Endangered","Critically Endangered","","https://id.biodiversity.org.au/node/apni/2914755","Leptospermum jingera","Leptospermum","Myrtaceae","Myrtales","Equisetopsida","Charophyta","Plantae","Stringybark Tea-tree","exactMatch",
"Denhamia parvifolia","Denhamia parvifolia","Small-leaved Denhamia","Celastraceae","Vulnerable","Vulnerable","Vulnerable","","https://id.biodiversity.org.au/node/apni/2910123","Denhamia parvifolia","Denhamia","Celastraceae","Celastrales","Equisetopsida","Charophyta","Plantae","Smallleaved Denhamia","exactMatch",
"Rhipidura fuliginosa cervina","Rhipidura fuliginosa cervina","Lord Howe Grey Fantail, Grey Fantail (Lord Howe Island)","Muscicapidae","Extinct","Extinct","Extinct","","https://biodiversity.org.au/afd/taxa/3f762b77-7558-46c9-8b92-8901a1385b3d","Rhipidura (Rhipidura) fuliginosa cervina","Rhipidura","Rhipiduridae","Passeriformes","Aves","Chordata","Animalia","Lord Howe Fantail","exactMatch",
"Myriophyllum lapidicola","Myriophyllum lapidicola","Chiddarcooping Myriophyllum","Haloragaceae","Endangered","Endangered","Endangered","","https://id.biodiversity.org.au/node/apni/2895903","Myriophyllum lapidicola","Myriophyllum","Haloragaceae","Saxifragales","Equisetopsida","Charophyta","Plantae","Chiddarcooping Myriophyllum","exactMatch",
"Nangura spinosa","Nangura spinosa","Nangur Spiny Skink","Scincidae","Critically Endangered","Critically Endangered","Critically Endangered","","https://biodiversity.org.au/afd/taxa/f08089ba-e70e-4c94-8118-d627c65ca1ac","Nangura spinosa","Nangura","Scincidae","Squamata","Reptilia","Chordata","Animalia","Nangur Spiny Skink","exactMatch",
"Olearia rugosa subsp. distalilobata","Olearia rugosa subsp. distalilobata","-","Asteraceae","Endangered","Endangered","Endangered","","https://id.biodiversity.org.au/node/apni/7015039","Olearia rugosa subsp. distalilobata","Olearia","Asteraceae","Asterales","Equisetopsida","Charophyta","Plantae","Winkled Daisy-bush","exactMatch",
"Acacia awestoniana","Acacia awestoniana","Stirling Range Wattle","Fabaceae","Vulnerable","Vulnerable","Vulnerable","","https://id.biodiversity.org.au/node/apni/2920288","Acacia awestoniana","Acacia","Fabaceae","Fabales","Equisetopsida","Charophyta","Plantae","Stirling Range Wattle","exactMatch",
"Latrobea colophona","Latrobea colophona","-","Fabaceae","Critically Endangered","Critically Endangered","Critically Endangered","","https://id.biodiversity.org.au/node/apni/2895097","Latrobea colophon","Latrobea","Fabaceae","Fabales","Equisetopsida","Charophyta","Plantae",,"exactMatch",
"Eremophila prostrata","Eremophila prostrata","Rainbow Valley Fuchsia Bush","Scrophulariaceae","Vulnerable","Vulnerable","Vulnerable","","https://id.biodiversity.org.au/node/apni/2899428","Eremophila prostrata","Eremophila","Scrophulariaceae","Lamiales","Equisetopsida","Charophyta","Plantae","Rainbow Valley Fuchsia Bush","exactMatch",
"Lalage leucopyga leucopyga","Lalage leucopyga leucopyga","Norfolk Island Long-tailed Triller","Campephagidae","Extinct","Extinct","Extinct","","https://biodiversity.org.au/afd/taxa/438b3ad9-61f6-4a9f-84ea-395f1d13be74","Lalage (Diaphoropterus) leucopyga leucopyga","Lalage","Campephagidae","Passeriformes","Aves","Chordata","Animalia","Norfolk Island Long-tailed Triller","exactMatch",
"Litoria raniformis","Litoria raniformis","Southern Bell Frog, Growling Grass Frog, Green and Golden Frog, Warty Swamp Frog, Golden Bell Frog","Pelodryadidae","Vulnerable","Vulnerable","Vulnerable","","https://biodiversity.org.au/afd/taxa/6b401170-ea17-43e2-8dc3-6b78d4d6de9a","Litoria raniformis","Litoria","Pelodryadidae","Anura","Amphibia","Chordata","Animalia","Southern Bell Frog","exactMatch",
"Senecio georgianus","Senecio georgianus","Grey Groundsel","Asteraceae","Extinct","Extinct","Extinct","","https://id.biodiversity.org.au/node/apni/2915181","Senecio georgianus","Senecio","Asteraceae","Asterales","Equisetopsida","Charophyta","Plantae","Grey Fireweed","exactMatch",
"Hemiphaga novaeseelandiae spadicea","Hemiphaga novaeseelandiae spadicea","New Zealand Pigeon (Norfolk Island race), Norfolk Island New Zealand Pigeon","Columbidae","Extinct","Extinct","Extinct","","https://biodiversity.org.au/afd/taxa/9dc627a5-6d74-43bc-9f67-6967e22181bb","Hemiphaga novaeseelandiae spadicea","Hemiphaga","Columbidae","Columbiformes","Aves","Chordata","Animalia","Norfolk Island New Zealand Pigeon","exactMatch",
"Acacia lobulata","Acacia lobulata","Chiddarcooping Wattle","Fabaceae","Endangered","Endangered","Endangered","","https://id.biodiversity.org.au/node/apni/2888889","Acacia lobulata","Acacia","Fabaceae","Fabales","Equisetopsida","Charophyta","Plantae","Chiddarcooping Wattle","exactMatch",
"Calystegia affinis","Calystegia affinis","-","Convolvulaceae","Critically Endangered","Critically Endangered","Critically Endangered","","https://id.biodiversity.org.au/node/apni/2891292","Calystegia affinis","Calystegia","Convolvulaceae","Solanales","Equisetopsida","Charophyta","Plantae","Lord Howe Island Morning Glory","exactMatch",
"Eucalyptus x balanites","Eucalyptus x balanites","Cadda Road Mallee, Cadda Mallee","Myrtaceae","Endangered","Endangered","Endangered","","https://id.biodiversity.org.au/taxon/apni/51781885","Eucalyptus x balanites","Eucalyptus","Myrtaceae","Myrtales","Equisetopsida","Charophyta","Plantae","Cadda Road Mallee","exactMatch",
"Burramys parvus","Burramys parvus","Mountain Pygmy-possum","Burramyidae","Endangered","Endangered","Endangered","","https://biodiversity.org.au/afd/taxa/027e288a-6cdd-4ff8-9ef5-4d4b5690783d","Burramys parvus","Burramys","Burramyidae","Diprotodontia","Mammalia","Chordata","Animalia","Mountain Pygmy-possum","exactMatch",
"Pterostylis sinuata","Pterostylis sinuata","Northampton Midget Greenhood, Western Swan Greenhood","Orchidaceae","Endangered","Endangered","Endangered","","https://id.biodiversity.org.au/taxon/apni/51412332","Pterostylis sinuata","Pterostylis","Orchidaceae","Asparagales","Equisetopsida","Charophyta","Plantae","Western Swan Greenhood","exactMatch",
"Lepidium peregrinum","Lepidium peregrinum","Wandering Pepper-cress","Brassicaceae","Endangered","Endangered","Endangered","","https://id.biodiversity.org.au/node/apni/2896651","Lepidium peregrinum","Lepidium","Brassicaceae","Brassicales","Equisetopsida","Charophyta","Plantae","Wandering Pepper Cress","exactMatch",
"Banksia anatona","Banksia anatona","Cactus Dryandra","Proteaceae","Critically Endangered","Critically Endangered","Critically Endangered","","https://id.biodiversity.org.au/node/apni/2919302","Banksia anatona","Banksia","Proteaceae","Proteales","Equisetopsida","Charophyta","Plantae","Cactus Dryandra","exactMatch",
"Asterolasia phebalioides","Asterolasia phebalioides","Downy Star-bush","Rutaceae","Vulnerable","Vulnerable","Vulnerable","","https://id.biodiversity.org.au/node/apni/2907793","Asterolasia phebalioides","Asterolasia","Rutaceae","Sapindales","Equisetopsida","Charophyta","Plantae","Downy Starbush","exactMatch",
"Boronia viridiflora","Boronia viridiflora","a shrub","Rutaceae","Vulnerable","Vulnerable","Vulnerable","","https://id.biodiversity.org.au/node/apni/2920323","Boronia viridiflora","Boronia","Rutaceae","Sapindales","Equisetopsida","Charophyta","Plantae",,"exactMatch",
"Brachiopsilus ziebelli","Brachiopsilus ziebelli","Ziebell's Handfish, Waterfall Bay Handfish","Brachionichthyidae","Vulnerable","Vulnerable","Vulnerable","","https://biodiversity.org.au/afd/taxa/272d7820-32ff-42c0-b8c7-e5b502c81dbc","Brachiopsilus ziebelli","Brachiopsilus","Brachionichthyidae","Lophiiformes","Actinopterygii","Chordata","Animalia","Ziebell's Handfish","exactMatch",
"Thymichthys politus","Thymichthys politus","Red Handfish","Brachionichthyidae","Critically Endangered","Critically Endangered","Critically Endangered","","https://biodiversity.org.au/afd/taxa/14e659fa-e5c0-446c-aa07-c748889c8495","Thymichthys politus","Thymichthys","Brachionichthyidae","Lophiiformes","Actinopterygii","Chordata","Animalia","Red Handfish","exactMatch",
"Grevillea batrachioides","Grevillea batrachioides","Mt Lesueur Grevillea","Proteaceae","Endangered","Endangered","Endangered","","https://id.biodiversity.org.au/node/apni/2914157","Grevillea batrachioides","Grevillea","Proteaceae","Proteales","Equisetopsida","Charophyta","Plantae","Mt Lesueur Grevillea","exactMatch",
"Eucalyptus rubida subsp. barbigerorum","Eucalyptus rubida subsp. barbigerorum","Blackbutt Candlebark","Myrtaceae","Vulnerable","Vulnerable","Vulnerable","","https://id.biodiversity.org.au/taxon/apni/51782217","Eucalyptus rubida subsp. barbigerorum","Eucalyptus","Myrtaceae","Myrtales","Equisetopsida","Charophyta","Plantae","Blackbutt Candlebark","exactMatch",
"Hemiandra rutilans","Hemiandra rutilans","Sargents Snakebush, Colourful Snakebush","Lamiaceae","Endangered","Endangered","Endangered","","https://id.biodiversity.org.au/node/apni/2903698","Hemiandra rutilans","Hemiandra","Lamiaceae","Lamiales","Equisetopsida","Charophyta","Plantae","Colourful Snakebush","exactMatch",
"Isoodon auratus auratus","Isoodon auratus auratus","Golden Bandicoot (mainland)","Peramelidae","Vulnerable","Vulnerable","Vulnerable","","https://biodiversity.org.au/afd/taxa/5757843b-b85b-4471-baa4-d7bf29a4414a","Isoodon auratus auratus","Isoodon","Peramelidae","Peramelemorphia","Mammalia","Chordata","Animalia","Golden Bandicoot (mainland)","exactMatch",
"Stylidium galioides","Stylidium galioides","Yellow Mountain Triggerplant","Stylidiaceae","Vulnerable","Vulnerable","Vulnerable","","https://id.biodiversity.org.au/node/apni/2890743","Stylidium galioides","Stylidium","Stylidiaceae","Asterales","Equisetopsida","Charophyta","Plantae","Yellow Mountain Triggerplant","exactMatch",
"Plectranthus omissus","Plectranthus omissus","-","Lamiaceae","Endangered","Endangered","Endangered","","https://id.biodiversity.org.au/taxon/apni/51774983","Coleus omissus","Coleus","Lamiaceae","Lamiales","Equisetopsida","Charophyta","Plantae",,"exactMatch",
"Angophora robur","Angophora robur","Sandstone Rough-barked Apple","Myrtaceae","Vulnerable","Vulnerable","Vulnerable","","https://id.biodiversity.org.au/taxon/apni/51258118","Angophora robur","Angophora","Myrtaceae","Myrtales","Equisetopsida","Charophyta","Plantae","Sandstone Roughbarked Apple","exactMatch",
"Haliotis rubiginosa","Haliotis rubiginosa","Lord Howe Abalone","Haliotidae","Critically Endangered","Critically Endangered","Critically Endangered","","https://biodiversity.org.au/afd/taxa/d9f0cf7e-d2a8-4550-89ba-8d2f5a4c3b3c","Haliotis rubiginosa","Haliotis","Haliotidae",,"Gastropoda","Mollusca","Animalia",,"exactMatch",
"Prostanthera densa","Prostanthera densa","Villous Mintbush","Lamiaceae","Vulnerable","Vulnerable","Vulnerable","","https://id.biodiversity.org.au/node/apni/2904398","Prostanthera densa","Prostanthera","Lamiaceae","Lamiales","Equisetopsida","Charophyta","Plantae","Villous Mint-bush","exactMatch",
"Eremophila denticulata subsp. denticulata","Eremophila denticulata subsp. denticulata","Fitzgerald Eremophila","Myoporaceae","Vulnerable","Vulnerable","Vulnerable","","https://id.biodiversity.org.au/node/apni/2900050","Eremophila denticulata subsp. denticulata","Eremophila","Scrophulariaceae","Lamiales","Equisetopsida","Charophyta","Plantae","Fitzgerald Eremophila","exactMatch",
"Eucalyptus pulverulenta","Eucalyptus pulverulenta","Silver-leaved Mountain Gum, Silver-leaved Gum","Myrtaceae","Vulnerable","Vulnerable","Vulnerable","","https://id.biodiversity.org.au/taxon/apni/51440675","Eucalyptus pulverulenta","Eucalyptus","Myrtaceae","Myrtales","Equisetopsida","Charophyta","Plantae","Silver-leafed Gum","exactMatch",
"Pomaderris subplicata","Pomaderris subplicata","Concave Pomaderris","Rhamnaceae","Vulnerable","Vulnerable","Vulnerable","","https://id.biodiversity.org.au/node/apni/2913702","Pomaderris subplicata","Pomaderris","Rhamnaceae","Rosales","Equisetopsida","Charophyta","Plantae","Concave Pomaderris","exactMatch",
"Drosera oreopodion","Drosera oreopodion","-","Droseraceae","Critically Endangered","Critically Endangered","Critically Endangered","","https://id.biodiversity.org.au/node/apni/2893791","Drosera oreopodion","Drosera","Droseraceae","Caryophyllales","Equisetopsida","Charophyta","Plantae",,"exactMatch",
"Grevillea infecunda","Grevillea infecunda","Anglesea Grevillea","Proteaceae","Vulnerable","Vulnerable","Vulnerable","","https://id.biodiversity.org.au/node/apni/2910316","Grevillea infecunda","Grevillea","Proteaceae","Proteales","Equisetopsida","Charophyta","Plantae","Anglesea Grevillea","exactMatch",
"Cyanoramphus novaezelandiae erythrotis","Cyanoramphus novaezelandiae erythrotis","Macquarie Island Red-fronted Parakeet, Red-crowned Parakeet (Macquarie Island)","Psittacidae","Extinct","Extinct","Extinct","","https://biodiversity.org.au/afd/taxa/0f0a9c3c-9097-4749-9427-ecbf937d1038","Cyanoramphus novaezelandiae erythrotis","Cyanoramphus","Psittacidae","Psittaciformes","Aves","Chordata","Animalia","Macquarie Island Red-fronted Parakeet","exactMatch",
"Strepera graculina crissalis","Strepera graculina crissalis","Lord Howe Island Currawong, Pied Currawong (Lord Howe Island)","Artamidae","Vulnerable","Vulnerable","Vulnerable","","https://biodiversity.org.au/afd/taxa/b9c53be6-af57-4ee8-86f7-7078daac16d1","Strepera (Strepera) graculina crissalis","Strepera","Artamidae","Passeriformes","Aves","Chordata","Animalia","Lord Howe Pied Currawong","exactMatch",
"Rhinonicteris aurantia (Pilbara form)","Rhinonicteris aurantia (Pilbara form)","Pilbara Leaf-nosed Bat","Rhinonycteridae","Vulnerable","Vulnerable","Vulnerable","","https://biodiversity.org.au/afd/taxa/119fa8ed-0b11-49ac-bf42-bde5a7a144e8","Rhinonicteris aurantia","Rhinonicteris","Rhinonycteridae","Chiroptera","Mammalia","Chordata","Animalia","Orange Leaf-nosed Bat","canonicalMatch",
"Hakea fraseri","Hakea fraseri","Gnarled Corkbark, Fraser's Hakea","Proteaceae","Vulnerable","Vulnerable","Vulnerable","","https://id.biodiversity.org.au/node/apni/2887871","Hakea fraseri","Hakea","Proteaceae","Proteales","Equisetopsida","Charophyta","Plantae","Gorge Hakea","exactMatch",
"Synaphea sp. Pinjarra Plain (A.S.George 17182)","Synaphea sp. Pinjarra Plain (A.S.George 17182)","-","Proteaceae","Endangered","Endangered","Endangered","","https://id.biodiversity.org.au/name/apni/51783430","Synaphea sp. Pinjarra Plain (A.S.George 17182)","Synaphea","Proteaceae","Proteales","Equisetopsida","Charophyta","Plantae",,"exactMatch",
"Caladenia campbellii","Caladenia campbellii","Thick-stem Caladenia, Thick-stem Fairy Fingers","Orchidaceae","Critically Endangered","Critically Endangered","Critically Endangered","","https://id.biodiversity.org.au/taxon/apni/51398873","Caladenia campbellii","Caladenia","Orchidaceae","Asparagales","Equisetopsida","Charophyta","Plantae","Thickstem Fairy Fingers","exactMatch",
"Boronia boliviensis","Boronia boliviensis","-","Rutaceae","Critically Endangered","Critically Endangered","Critically Endangered","","https://id.biodiversity.org.au/node/apni/2899640","Boronia boliviensis","Boronia","Rutaceae","Sapindales","Equisetopsida","Charophyta","Plantae","Bolivia Hill Boronia","exactMatch",
"Eucalyptus boliviana","Eucalyptus boliviana","Bolivia Stringybark, Bolivia Hill Stringybark","Myrtaceae","Critically Endangered","Critically Endangered","Critically Endangered","","https://id.biodiversity.org.au/node/apni/2906667","Eucalyptus boliviana","Eucalyptus","Myrtaceae","Myrtales","Equisetopsida","Charophyta","Plantae","Bolivia Stringybark","exactMatch",
"Delma vescolineata","Delma vescolineata","Hunter Valley Delma","Pygopodidae","Endangered","Endangered","Endangered","","https://biodiversity.org.au/afd/taxa/2a4bcc53-5e3e-4583-ab87-1c09baac1933","Delma vescolineata","Delma","Pygopodidae","Squamata","Reptilia","Chordata","Animalia","Hunter Valley Delma","exactMatch",
"Rostratula australis","Rostratula australis","Australian Painted Snipe","Rostratulidae","Endangered","Endangered","Endangered","","https://biodiversity.org.au/afd/taxa/0e647393-fbcb-470a-994f-068aebecfceb","Rostratula australis","Rostratula","Rostratulidae","Charadriiformes","Aves","Chordata","Animalia","Australian Painted Snipe","exactMatch",
"Euastacus sp. 1 coughrani (McCormack & Fetzner)","Euastacus sp. 1 coughrani (McCormack & Fetzner)","Coughran's Crayfish, Arte Spiny Crayfish","Parastacidae","Endangered","Endangered","Endangered","","ALA_DR30474_151","Euastacus coughrani","Euastacus","Parastacidae","Decapoda","Malacostraca","Arthropoda","Animalia",,"exactMatch",
"Tylophora rupicola","Tylophora rupicola","-","Apocynaceae","Endangered","Endangered","Endangered","","https://id.biodiversity.org.au/taxon/apni/51431191","Vincetoxicum rupicola","Vincetoxicum","Apocynaceae","Gentianales","Equisetopsida","Charophyta","Plantae",,"exactMatch",
"Lordhowea pilosicrista","Lordhowea pilosicrista","Tall Yellow-top","Asteraceae","Endangered","Endangered","Endangered","","https://id.biodiversity.org.au/taxon/apni/51744741","Lordhowea pilosicrista","Lordhowea","Asteraceae","Asterales","Equisetopsida","Charophyta","Plantae",,"exactMatch",
"Allocasuarina tortiramula","Allocasuarina tortiramula","Twisted Sheoak","Casuarinaceae","Vulnerable","Vulnerable","Vulnerable","","https://id.biodiversity.org.au/node/apni/2897796","Allocasuarina tortiramula","Allocasuarina","Casuarinaceae","Fagales","Equisetopsida","Charophyta","Plantae","Twisted Sheoak","exactMatch",
"Prototroctes maraena","Prototroctes maraena","Australian Grayling","Retropinnidae","Vulnerable","Vulnerable","Vulnerable","","https://biodiversity.org.au/afd/taxa/8cd45a27-ba23-4dbc-b9be-d10ef2269b27","Prototroctes maraena","Prototroctes","Retropinnidae","Salmoniformes","Actinopterygii","Chordata","Animalia","Australian Grayling","exactMatch",
"Pityrodia sp. Marble Bar (G.Woodman & D.Coultas GWDC Opp 4)","Pityrodia sp. Marble Bar (G.Woodman & D.Coultas GWDC Opp 4)","-","Lamiaceae","Endangered","Endangered","Endangered","","https://id.biodiversity.org.au/taxon/apni/51775092","Quoya zonalis","Quoya","Lamiaceae","Lamiales","Equisetopsida","Charophyta","Plantae","Pilbara Foxglove","exactMatch",
"Cophixalus concinnus","Cophixalus concinnus","Elegant Frog","Microhylidae","Critically Endangered","Critically Endangered","Critically Endangered","","https://biodiversity.org.au/afd/taxa/42d29ac1-30bc-4420-a0f4-b10e888398e5","Cophixalus concinnus","Cophixalus","Microhylidae","Anura","Amphibia","Chordata","Animalia","Beautiful Nursery Frog","exactMatch",
"Pachycephala rufogularis","Pachycephala rufogularis","Red-lored Whistler","Pachycephalidae","Vulnerable","Vulnerable","Vulnerable","","https://biodiversity.org.au/afd/taxa/bc33a603-3b2b-44d3-a5d7-12485e4533c7","Pachycephala (Timixos) rufogularis","Pachycephala","Pachycephalidae","Passeriformes","Aves","Chordata","Animalia","Red-lored Whistler","exactMatch",
"Allocasuarina thalassoscopica","Allocasuarina thalassoscopica","-","Casuarinaceae","Endangered","Endangered","Endangered","","https://id.biodiversity.org.au/taxon/apni/51752667","Allocasuarina thalassoscopica","Allocasuarina","Casuarinaceae","Fagales","Equisetopsida","Charophyta","Plantae","Mt. Coolum She-oak","exactMatch",
"Mirafra javanica melvillensis","Mirafra javanica melvillensis","Horsfield's Bushlark (Tiwi Islands)","Alaudidae","Vulnerable","Vulnerable","Vulnerable","","https://biodiversity.org.au/afd/taxa/9870b898-1858-464f-9a0f-39530a4a42ec","Mirafra (Mirafra) javanica melvillensis","Mirafra","Alaudidae","Passeriformes","Aves","Chordata","Animalia","Tiwi Horsfield's Bushlark","exactMatch",
"Caladenia hoffmanii","Caladenia hoffmanii","Hoffman's Spider-orchid","Orchidaceae","Endangered","Endangered","Endangered","","https://id.biodiversity.org.au/taxon/apni/51399084","Caladenia hoffmanii","Caladenia","Orchidaceae","Asparagales","Equisetopsida","Charophyta","Plantae","Hoffman's Spider Orchid","exactMatch",
"Olax angulata","Olax angulata","Minnie Waters Olax","Olacaceae","Vulnerable","Vulnerable","Vulnerable","","https://id.biodiversity.org.au/node/apni/2911168","Olax angulata","Olax","Olacaceae","Santalales","Equisetopsida","Charophyta","Plantae","Square-stemmed Olax","exactMatch",
"Galaxias sp. nov. 'Morwell'","Galaxias sp. nov. 'Morwell'","Morwell Galaxias","Galaxiidae","Critically Endangered","Critically Endangered","Critically Endangered","","ALA_DR30474_2300","Galaxias sp. nov. 'Morwell'","Galaxias","Galaxiidae","Salmoniformes","Actinopterygii","Chordata","Animalia",,"exactMatch",
"Guichenotia seorsiflora","Guichenotia seorsiflora","-","Malvaceae","Critically Endangered","Critically Endangered","Critically Endangered","","https://id.biodiversity.org.au/node/apni/2916835","Guichenotia seorsiflora","Guichenotia","Malvaceae","Malvales","Equisetopsida","Charophyta","Plantae",,"exactMatch",
"Hakea trineura","Hakea trineura","Three-veined Hakea","Proteaceae","Vulnerable","Vulnerable","Vulnerable","","https://id.biodiversity.org.au/node/apni/2914877","Hakea trineura","Hakea","Proteaceae","Proteales","Equisetopsida","Charophyta","Plantae","Threeveined Hakea","exactMatch",
"Prostanthera stricta","Prostanthera stricta","Mount Vincent Mintbush","Lamiaceae","Vulnerable","Vulnerable","Vulnerable","","https://id.biodiversity.org.au/node/apni/2920105","Prostanthera stricta","Prostanthera","Lamiaceae","Lamiales","Equisetopsida","Charophyta","Plantae","Mount Vincent Mint-bush","exactMatch",
"Calidris tenuirostris","Calidris tenuirostris","Great Knot","Scolopacidae","Vulnerable","Vulnerable","Vulnerable","","https://biodiversity.org.au/afd/taxa/3e9c17c9-270f-4a74-9ed8-7ccabd575be9","Calidris (Calidris) tenuirostris","Calidris","Scolopacidae","Charadriiformes","Aves","Chordata","Animalia","Great Knot","exactMatch",
"Philoria pughi","Philoria pughi","Pugh's Sphagnum Frog","Limnodynastidae","Endangered","Endangered","Endangered","","https://biodiversity.org.au/afd/taxa/02542d2e-ee7e-45ba-b960-0e379d994d4c","Philoria pughi","Philoria","Limnodynastidae","Anura","Amphibia","Chordata","Animalia","Pugh's Frog","exactMatch",
"Cupaniopsis shirleyana","Cupaniopsis shirleyana","Wedge-leaf Tuckeroo","Sapindaceae","Vulnerable","Vulnerable","Vulnerable","","https://id.biodiversity.org.au/node/apni/2896632","Cupaniopsis shirleyana","Cupaniopsis","Sapindaceae","Sapindales","Equisetopsida","Charophyta","Plantae","Wedgeleaf Tuckeroo","exactMatch",
"Darwinia chapmaniana","Darwinia chapmaniana","Chapman's Bell","Myrtaceae","Endangered","Endangered","Endangered","","https://id.biodiversity.org.au/node/apni/2910553","Darwinia chapmaniana","Darwinia","Myrtaceae","Myrtales","Equisetopsida","Charophyta","Plantae","Chapman's Bell","exactMatch",
"Lissolepis coventryi","Lissolepis coventryi","Swamp Skink, Eastern Mourning Skink","Scincidae","Endangered","Endangered","Endangered","","https://biodiversity.org.au/afd/taxa/6f5059d5-4afb-4b6e-abe1-2c719d26916c","Lissolepis coventryi","Lissolepis","Scincidae","Squamata","Reptilia","Chordata","Animalia","Eastern Mourning Skink","exactMatch",
"Cycas ophiolitica","Cycas ophiolitica","-","Cycadaceae","Endangered","Endangered","Endangered","","https://id.biodiversity.org.au/node/apni/2914888","Cycas ophiolitica","Cycas","Cycadaceae","Cycadales","Equisetopsida","Charophyta","Plantae","Marlborough Blue","exactMatch",
"Amytornis striatus striatus","Amytornis striatus striatus","Mukarrthippi Grasswren, Striated Grasswren (sandplain)","Maluridae","Critically Endangered","Critically Endangered","Critically Endangered","","https://biodiversity.org.au/afd/taxa/5ac4e4f2-e862-4e12-a053-bc6d1604c1de","Amytornis (Magnamytis) striatus striatus","Amytornis","Maluridae","Passeriformes","Aves","Chordata","Animalia","Mukarrthippi Grasswren","exactMatch",
"Thelymitra cyanapicata","Thelymitra cyanapicata","Blue Top Sun-orchid, Dark-tipped Sun-orchid","Orchidaceae","Critically Endangered","Critically Endangered","Critically Endangered","","https://id.biodiversity.org.au/taxon/apni/51414268","Thelymitra cyanapicata","Thelymitra","Orchidaceae","Asparagales","Equisetopsida","Charophyta","Plantae","Darktipped Sunorchid","exactMatch",
"Aplonis fusca","Aplonis fusca","Tasman Starling","Sturnidae","Extinct","Extinct","Extinct","","https://biodiversity.org.au/afd/taxa/268dc9ad-899c-4355-9702-a1493d3e0a22","Aplonis (Aplonis) fusca","Aplonis","Sturnidae","Passeriformes","Aves","Chordata","Animalia","Tasman Starling","exactMatch",
"Grevillea corrugata","Grevillea corrugata","a shrub","Proteaceae","Endangered","Endangered","Endangered","","https://id.biodiversity.org.au/node/apni/2887155","Grevillea corrugata","Grevillea","Proteaceae","Proteales","Equisetopsida","Charophyta","Plantae","A Shrub","exactMatch",
"Diospyros mabacea","Diospyros mabacea","Red-fruited Ebony, Silky Persimmon, Ebony","Ebenaceae","Endangered","Endangered","Endangered","","https://id.biodiversity.org.au/node/apni/7174977","Diospyros mabacea","Diospyros","Ebenaceae","Ericales","Equisetopsida","Charophyta","Plantae","Redfruited Ebony","exactMatch",
"Hibbertia humifusa subsp. debilis","Hibbertia humifusa subsp. debilis","Dergholm Guinea-flower","Dilleniaceae","Vulnerable","Vulnerable","Vulnerable","","https://id.biodiversity.org.au/node/apni/2890767","Hibbertia humifusa subsp. debilis","Hibbertia","Dilleniaceae",,"Equisetopsida","Charophyta","Plantae","Dergholm Guinea-flower","exactMatch",
"Hibbertia superans","Hibbertia superans","-","Dilleniaceae","Critically Endangered","Critically Endangered","Critically Endangered","","https://id.biodiversity.org.au/node/apni/2910589","Hibbertia superans","Hibbertia","Dilleniaceae",,"Equisetopsida","Charophyta","Plantae",,"exactMatch",
"Dendrobium nindii","Dendrobium nindii","an orchid","Orchidaceae","Endangered","Endangered","Endangered","","https://id.biodiversity.org.au/taxon/apni/51402888","Dendrobium nindii","Dendrobium","Orchidaceae","Asparagales","Equisetopsida","Charophyta","Plantae","An Orchid","exactMatch",
"Antechinus minimus maritimus","Antechinus minimus maritimus","Swamp Antechinus (mainland)","Dasyuridae","Vulnerable","Vulnerable","Vulnerable","","https://biodiversity.org.au/afd/taxa/c6f58e96-49d4-462e-a104-b1933b3cc4a6","Antechinus minimus maritimus","Antechinus","Dasyuridae","Dasyuromorphia","Mammalia","Chordata","Animalia","Swamp Antechinus","exactMatch",
"Prostanthera nudula","Prostanthera nudula","Mount Illbilie Mintbush","Lamiaceae","Vulnerable","Vulnerable","Vulnerable","","https://id.biodiversity.org.au/node/apni/2895608","Prostanthera nudula","Prostanthera","Lamiaceae","Lamiales","Equisetopsida","Charophyta","Plantae","Mount Illbillee Mintbush","exactMatch",
"Hakea dohertyi","Hakea dohertyi","Kowmung Hakea","Proteaceae","Critically Endangered","Critically Endangered","Critically Endangered","","https://id.biodiversity.org.au/node/apni/2901532","Hakea dohertyi","Hakea","Proteaceae","Proteales","Equisetopsida","Charophyta","Plantae","Kowmung Hakea","exactMatch",
"Lasiorhinus krefftii","Lasiorhinus krefftii","Northern Hairy-nosed Wombat, Yaminon","Vombatidae","Critically Endangered","Critically Endangered","Critically Endangered","","https://biodiversity.org.au/afd/taxa/45c7ea7a-9dd0-4be0-a043-fe6d640c4f02","Lasiorhinus krefftii","Lasiorhinus","Vombatidae","Diprotodontia","Mammalia","Chordata","Animalia","Northern Hairy-nosed Wombat","exactMatch",
"Eucalyptus scoparia","Eucalyptus scoparia","Wallangarra White Gum, Willow Gum","Myrtaceae","Vulnerable","Vulnerable","Vulnerable","","https://id.biodiversity.org.au/node/apni/2913806","Eucalyptus scoparia","Eucalyptus","Myrtaceae","Myrtales","Equisetopsida","Charophyta","Plantae","Wallangarra White Gum","exactMatch",
"Boehmeria australis subsp. australis","Boehmeria australis subsp. australis","Tree Nettle, Nettletree","Urticaceae","Critically Endangered","Critically Endangered","Critically Endangered","","https://id.biodiversity.org.au/taxon/apni/51661998","Pouzolzia australis","Pouzolzia","Urticaceae","Rosales","Equisetopsida","Charophyta","Plantae",,"exactMatch",
"Leionema equestre","Leionema equestre","Kangaroo Island Phebalium","Rutaceae","Endangered","Endangered","Endangered","","https://id.biodiversity.org.au/node/apni/2902476","Leionema equestre","Leionema","Rutaceae","Sapindales","Equisetopsida","Charophyta","Plantae","Kangaroo Island Phebalium","exactMatch",
"Ptilotus beckerianus","Ptilotus beckerianus","Ironstone Mulla Mulla","Amaranthaceae","Vulnerable","Vulnerable","Vulnerable","","https://id.biodiversity.org.au/taxon/apni/51735752","Ptilotus beckerianus","Ptilotus","Amaranthaceae","Caryophyllales","Equisetopsida","Charophyta","Plantae","Ironstone Mulla Mulla","exactMatch",
"Plesioneuron tuberculatum","Plesioneuron tuberculatum","-","Thelypteridaceae","Endangered","Endangered","Endangered","","https://id.biodiversity.org.au/node/apni/2887072","Plesioneuron tuberculatum","Plesioneuron","Thelypteridaceae","Polypodiales","Equisetopsida","Charophyta","Plantae",,"exactMatch",
"Aristida annua","Aristida annua","-","Poaceae","Vulnerable","Vulnerable","Vulnerable","","https://id.biodiversity.org.au/node/apni/2916519","Aristida annua","Aristida","Poaceae","Poales","Equisetopsida","Charophyta","Plantae",,"exactMatch",
"Eucalyptus virens","Eucalyptus virens","-","Myrtaceae","Vulnerable","Vulnerable","Vulnerable","","https://id.biodiversity.org.au/node/apni/2901683","Eucalyptus virens","Eucalyptus","Myrtaceae","Myrtales","Equisetopsida","Charophyta","Plantae","Shiny-leaved Ironbark","exactMatch",
"Prasophyllum secutum","Prasophyllum secutum","Northern Leek-orchid","Orchidaceae","Endangered","Endangered","Endangered","","https://id.biodiversity.org.au/taxon/apni/51795288","Prasophyllum secutum","Prasophyllum","Orchidaceae","Asparagales","Equisetopsida","Charophyta","Plantae","Northern Leekorchid","exactMatch",
"Picris evae","Picris evae","Hawkweed","Asteraceae","Vulnerable","Vulnerable","Vulnerable","","https://id.biodiversity.org.au/node/apni/2887141","Picris evae","Picris","Asteraceae","Asterales","Equisetopsida","Charophyta","Plantae","Hawkweed","exactMatch",
"Diuris micrantha","Diuris micrantha","Dwarf Bee-orchid","Orchidaceae","Vulnerable","Vulnerable","Vulnerable","","https://id.biodiversity.org.au/taxon/apni/51404263","Diuris micrantha","Diuris","Orchidaceae","Asparagales","Equisetopsida","Charophyta","Plantae","Dwarf Bee Orchid","exactMatch",
"Grevillea jephcottii","Grevillea jephcottii","Pine Mountain Grevillea, Green Grevillea","Proteaceae","Endangered","Endangered","Endangered","","https://id.biodiversity.org.au/node/apni/2912421","Grevillea jephcottii","Grevillea","Proteaceae","Proteales","Equisetopsida","Charophyta","Plantae","Pine Mountain Grevillea","exactMatch",
"Lagostrophus fasciatus albipilis","Lagostrophus fasciatus albipilis","Banded Hare-wallaby (mainland)","Macropodidae","Extinct","Extinct","Extinct","","ALA_DR30474_1306","Lagostrophus fasciatus albipilis","Lagostrophus","Macropodidae","Diprotodontia","Mammalia","Chordata","Animalia","Banded Hare-wallaby","exactMatch",
"Amphibromus whitei","Amphibromus whitei","-","Poaceae","Extinct","Extinct","Extinct","","https://id.biodiversity.org.au/node/apni/2894358","Amphibromus whitei","Amphibromus","Poaceae","Poales","Equisetopsida","Charophyta","Plantae","Swamp Wallaby Grass","exactMatch",
"Boronia keysii","Boronia keysii","Key's Boronia","Rutaceae","Vulnerable","Vulnerable","Vulnerable","","https://id.biodiversity.org.au/node/apni/2896699","Boronia keysii","Boronia","Rutaceae","Sapindales","Equisetopsida","Charophyta","Plantae","Key's Boronia","exactMatch",
"Isopogon robustus","Isopogon robustus","Robust Coneflower","Proteaceae","Critically Endangered","Critically Endangered","Critically Endangered","","https://id.biodiversity.org.au/node/apni/2900097","Isopogon robustus","Isopogon","Proteaceae","Proteales","Equisetopsida","Charophyta","Plantae","Robust Coneflower","exactMatch",
"Goodenia quadrifida","Goodenia quadrifida","-","Goodeniaceae","Vulnerable","Vulnerable","Vulnerable","","https://id.biodiversity.org.au/node/apni/2897447","Goodenia quadrifida","Goodenia","Goodeniaceae","Asterales","Equisetopsida","Charophyta","Plantae","Goodenia","exactMatch",
"Paralucia spinifera","Paralucia spinifera","Bathurst Copper Butterfly, Purple Copper Butterfly, Bathurst Copper, Bathurst Copper Wing, Bathurst-Lithgow Copper, Purple Copper","Lycaenidae","Vulnerable","Vulnerable","Vulnerable","","https://biodiversity.org.au/afd/taxa/038c39ed-1c57-4943-9528-61fd3c2bb31a","Paralucia spinifera","Paralucia","Lycaenidae","Lepidoptera","Insecta","Arthropoda","Animalia","Bathurst Copper","exactMatch",
"Opercularia acolytantha","Opercularia acolytantha","Esperance Dog Weed","Rubiaceae","Extinct","Extinct","Extinct","","https://id.biodiversity.org.au/node/apni/2906341","Opercularia acolytantha","Opercularia","Rubiaceae","Gentianales","Equisetopsida","Charophyta","Plantae","Esperance Dog Weed","exactMatch",
"Grevillea pythara","Grevillea pythara","Pythara Grevillea","Proteaceae","Endangered","Endangered","Endangered","","https://id.biodiversity.org.au/node/apni/2906018","Grevillea pythara","Grevillea","Proteaceae","Proteales","Equisetopsida","Charophyta","Plantae","Pythara Grevillea","exactMatch",
"Daviesia bursarioides","Daviesia bursarioides","Three Springs Daviesia","Fabaceae","Endangered","Endangered","Endangered","","https://id.biodiversity.org.au/node/apni/2886149","Daviesia bursarioides","Daviesia","Fabaceae","Fabales","Equisetopsida","Charophyta","Plantae","Three Springs Daviesia","exactMatch",
"Eucalyptus aggregata","Eucalyptus aggregata","Black Gum","Myrtaceae","Vulnerable","Vulnerable","Vulnerable","","https://id.biodiversity.org.au/node/apni/2900093","Eucalyptus aggregata","Eucalyptus","Myrtaceae","Myrtales","Equisetopsida","Charophyta","Plantae","Black Gum","exactMatch",
"Banksia paludosa subsp. astrolux","Banksia paludosa subsp. astrolux","a banksia","Proteaceae","Critically Endangered","Critically Endangered","Critically Endangered","","https://id.biodiversity.org.au/node/apni/2894747","Banksia paludosa subsp. astrolux","Banksia","Proteaceae","Proteales","Equisetopsida","Charophyta","Plantae",,"exactMatch",
"Oreixenica ptunarra","Oreixenica ptunarra","Ptunarra Brown, Ptunarra Brown Butterfly, Ptunarra Xenica","Nymphalidae","Endangered","Endangered","Endangered","","https://biodiversity.org.au/afd/taxa/73b5649a-7ce3-4162-8744-db9dad6e35af","Oreixenica ptunarra","Oreixenica","Nymphalidae","Lepidoptera","Insecta","Arthropoda","Animalia","Ptunarra Brown","exactMatch",
"Euphrasia crassiuscula subsp. glandulifera","Euphrasia crassiuscula subsp. glandulifera","Thick Eyebright","Scrophulariaceae","Vulnerable","Vulnerable","Vulnerable","","https://id.biodiversity.org.au/node/apni/2903437","Euphrasia crassiuscula subsp. glandulifera","Euphrasia","Scrophulariaceae","Lamiales","Equisetopsida","Charophyta","Plantae","Thick Eyebright","exactMatch",
"Pterostylis rubenachii","Pterostylis rubenachii","Arthur River Greenhood","Orchidaceae","Endangered","Endangered","Endangered","","https://id.biodiversity.org.au/taxon/apni/51412306","Pterostylis rubenachii","Pterostylis","Orchidaceae","Asparagales","Equisetopsida","Charophyta","Plantae","Arthur River Greenhood","exactMatch",
"Craspedia preminghana","Craspedia preminghana","Preminghana Billybutton","Asteraceae","Endangered","Endangered","Endangered","","https://id.biodiversity.org.au/node/apni/2901265","Craspedia preminghana","Craspedia","Asteraceae","Asterales","Equisetopsida","Charophyta","Plantae","Preminghana Billybutton","exactMatch",
"Thelymitra hygrophila","Thelymitra hygrophila","Blue Star Sun-orchid","Orchidaceae","Critically Endangered","Critically Endangered","Critically Endangered","","https://id.biodiversity.org.au/taxon/apni/51414306","Thelymitra hygrophila","Thelymitra","Orchidaceae","Asparagales","Equisetopsida","Charophyta","Plantae","Blue Star Sun-orchid","exactMatch",
"Acacia chapmanii subsp. australis","Acacia chapmanii subsp. australis","-","Fabaceae","Endangered","Endangered","Endangered","","https://id.biodiversity.org.au/node/apni/2919009","Acacia chapmanii subsp. australis","Acacia","Fabaceae","Fabales","Equisetopsida","Charophyta","Plantae",,"exactMatch",
"Gastrolobium modestum","Gastrolobium modestum","Broad-leaved Gastrolobium","Fabaceae","Vulnerable","Vulnerable","Vulnerable","","https://id.biodiversity.org.au/node/apni/2913323","Gastrolobium modestum","Gastrolobium","Fabaceae","Fabales","Equisetopsida","Charophyta","Plantae","Broadleaved Gastrolobium","exactMatch",
"Nematoceras dienemum","Nematoceras dienemum","Windswept Helmet-orchid","Orchidaceae","Critically Endangered","Critically Endangered","Critically Endangered","","https://id.biodiversity.org.au/taxon/apni/51401037","Corybas dienemus","Corybas","Orchidaceae","Asparagales","Equisetopsida","Charophyta","Plantae","Macquarie Island Helmet Orchid","exactMatch",
"Daviesia discolor","Daviesia discolor","-","Fabaceae","Vulnerable","Vulnerable","Vulnerable","","https://id.biodiversity.org.au/node/apni/2899725","Daviesia discolor","Daviesia","Fabaceae","Fabales","Equisetopsida","Charophyta","Plantae",,"exactMatch",
"Calyptorhynchus lathami halmaturinus","Calyptorhynchus lathami halmaturinus","Kangaroo Island Glossy Black-Cockatoo, Glossy Black-Cockatoo (South Australian)","Cacatuidae","Endangered","Endangered","Endangered","","https://biodiversity.org.au/afd/taxa/3ea16688-8600-4d08-a362-1d5bd33af2aa","Calyptorhynchus (Calyptorhynchus) lathami halmaturinus","Calyptorhynchus","Cacatuidae","Psittaciformes","Aves","Chordata","Animalia","Kangaroo Island Glossy Black-cockatoo","exactMatch",
"Canarium acutifolium","Canarium acutifolium","-","Burseraceae","Vulnerable","Vulnerable","Vulnerable","","https://id.biodiversity.org.au/node/apni/2901022","Canarium acutifolium","Canarium","Burseraceae","Sapindales","Equisetopsida","Charophyta","Plantae",,"exactMatch",
"Euastacus dalagarbe","Euastacus dalagarbe","Mud Gully Crayfish","Parastacidae","Critically Endangered","Critically Endangered","Critically Endangered","","https://biodiversity.org.au/afd/taxa/f59939ed-1c5c-439c-9aa5-971a3e6daa2d","Euastacus dalagarbe","Euastacus","Parastacidae","Decapoda","Malacostraca","Arthropoda","Animalia",,"exactMatch",
"Cheiranthera volubilis","Cheiranthera volubilis","Twining Finger-flower","Pittosporaceae","Vulnerable","Vulnerable","Vulnerable","","https://id.biodiversity.org.au/node/apni/2917952","Cheiranthera volubilis","Cheiranthera","Pittosporaceae","Apiales","Equisetopsida","Charophyta","Plantae","Twining Fingerflower","exactMatch",
"Pseudomys fumeus","Pseudomys fumeus","Smoky Mouse, Konoom","Muridae","Endangered","Endangered","Endangered","","https://biodiversity.org.au/afd/taxa/fffbb38d-6da5-4f88-bb1e-6bf0ef6af1b6","Pseudomys fumeus","Pseudomys","Muridae","Rodentia","Mammalia","Chordata","Animalia","Konoom","exactMatch",
"Eremophila glabra subsp. Scaddan (C.Turley s.n. 10/11/2005)","Eremophila glabra subsp. Scaddan (C.Turley s.n. 10/11/2005)","-","Scrophulariaceae","Critically Endangered","Critically Endangered","Critically Endangered","","https://id.biodiversity.org.au/node/apni/2908854","Eremophila glabra subsp. Scaddan (C.Turley s.n. 10/11/2005)","Eremophila","Scrophulariaceae","Lamiales","Equisetopsida","Charophyta","Plantae",,"exactMatch",
"Homoranthus floydii","Homoranthus floydii","-","Myrtaceae","Vulnerable","Vulnerable","Vulnerable","","https://id.biodiversity.org.au/node/apni/2897848","Homoranthus floydii","Homoranthus","Myrtaceae","Myrtales","Equisetopsida","Charophyta","Plantae",,"exactMatch",
"Epacris grandis","Epacris grandis","Grand Heath, Tall Heath","Epacridaceae","Endangered","Endangered","Endangered","","https://id.biodiversity.org.au/node/apni/2891137","Epacris grandis","Epacris","Ericaceae","Ericales","Equisetopsida","Charophyta","Plantae","Tall Heath","exactMatch",
"Gentiana bredboensis","Gentiana bredboensis","Bredbo Gentian","Gentianaceae","Critically Endangered","Critically Endangered","Critically Endangered","","https://id.biodiversity.org.au/node/apni/2900971","Gentiana bredboensis","Gentiana","Gentianaceae","Gentianales","Equisetopsida","Charophyta","Plantae","Bredbo Gentian","exactMatch",
"Centrolepis pedderensis","Centrolepis pedderensis","Pedder Centrolepis, Pedder Bristlewort","Centrolepidaceae","Endangered","Endangered","Endangered","","https://id.biodiversity.org.au/node/apni/2893783","Centrolepis pedderensis","Centrolepis","Centrolepidaceae","Poales","Equisetopsida","Charophyta","Plantae","Pedder Bristlewort","exactMatch",
"Graptophyllum ilicifolium","Graptophyllum ilicifolium","Holly-leaved Graptophyllum, Mt Blackwood Holly","Acanthaceae","Vulnerable","Vulnerable","Vulnerable","","https://id.biodiversity.org.au/node/apni/2920420","Graptophyllum ilicifolium","Graptophyllum","Acanthaceae","Lamiales","Equisetopsida","Charophyta","Plantae","Holly-leaved Graptophyllum","exactMatch",
"Aristida granitica","Aristida granitica","-","Poaceae","Endangered","Endangered","Endangered","","https://id.biodiversity.org.au/node/apni/2909319","Aristida granitica","Aristida","Poaceae","Poales","Equisetopsida","Charophyta","Plantae",,"exactMatch",
"Ptilotus brachyanthus","Ptilotus brachyanthus","-","Amaranthaceae","Endangered","Endangered","Endangered","","https://id.biodiversity.org.au/node/apni/2899808","Ptilotus brachyanthus","Ptilotus","Amaranthaceae","Caryophyllales","Equisetopsida","Charophyta","Plantae","Ptilotus","exactMatch",
"Helichrysum calvertianum","Helichrysum calvertianum","-","Asteraceae","Vulnerable","Vulnerable","Vulnerable","","https://id.biodiversity.org.au/node/apni/2886207","Helichrysum calvertianum","Helichrysum","Asteraceae","Asterales","Equisetopsida","Charophyta","Plantae","Everlastings","exactMatch",
"Phlegmariurus squarrosus","Phlegmariurus squarrosus","Rock Tassel-fern, Water Tassel-fern","Lycopodiaceae","Critically Endangered","Critically Endangered","Critically Endangered","","https://id.biodiversity.org.au/node/apni/2916196","Phlegmariurus squarrosus","Phlegmariurus","Lycopodiaceae","Lycopodiales","Equisetopsida","Charophyta","Plantae","Water Tassel-fern","exactMatch",
"Caladenia xanthochila","Caladenia xanthochila","Yellow-lip Spider-orchid","Orchidaceae","Endangered","Endangered","Endangered","","https://id.biodiversity.org.au/taxon/apni/51399470","Caladenia xanthochila","Caladenia","Orchidaceae","Asparagales","Equisetopsida","Charophyta","Plantae","Yellow-lip Spider-orchid","exactMatch",
"Diuris lanceolata","Diuris lanceolata","Snake Orchid","Orchidaceae","Endangered","Endangered","Endangered","","https://id.biodiversity.org.au/taxon/apni/51404249","Diuris lanceolata","Diuris","Orchidaceae","Asparagales","Equisetopsida","Charophyta","Plantae","Golden Moths","exactMatch",
"Paragalaxias dissimilis","Paragalaxias dissimilis","Shannon Paragalaxias","Galaxiidae","Vulnerable","Vulnerable","Vulnerable","","https://biodiversity.org.au/afd/taxa/39d7a0d1-5bbf-458d-b7a9-88167ed3aec1","Paragalaxias dissimilis","Paragalaxias","Galaxiidae","Salmoniformes","Actinopterygii","Chordata","Animalia","Shannon Paragalaxias","exactMatch",
"Litoria nyakalensis","Litoria nyakalensis","Mountain Mist Frog, Nyakala Frog","Pelodryadidae","Critically Endangered","Critically Endangered","Critically Endangered","","https://biodiversity.org.au/afd/taxa/ff59d88c-1e72-4164-8dd1-063634c62f5d","Litoria nyakalensis","Litoria","Pelodryadidae","Anura","Amphibia","Chordata","Animalia","Nyakala Frog","exactMatch",
"Hakea pulvinifera","Hakea pulvinifera","Lake Keepit Hakea","Proteaceae","Endangered","Endangered","Endangered","","https://id.biodiversity.org.au/node/apni/2917559","Hakea pulvinifera","Hakea","Proteaceae","Proteales","Equisetopsida","Charophyta","Plantae","Lake Keepit Hakea","exactMatch",
"Dasyurus maculatus maculatus (SE mainland population)","Dasyurus maculatus maculatus (SE mainland population)","Spot-tailed Quoll, Spotted-tail Quoll, Tiger Quoll (southeastern mainland population)","Dasyuridae","Endangered","Endangered","Endangered","","https://biodiversity.org.au/afd/taxa/c4d41c94-ad01-4fc1-a797-032ff6a10233","Dasyurus maculatus maculatus","Dasyurus","Dasyuridae","Dasyuromorphia","Mammalia","Chordata","Animalia","Spotted-tailed Quoll","exactMatch",
"Zieria tuberculata","Zieria tuberculata","Warty Zieria","Rutaceae","Vulnerable","Vulnerable","Vulnerable","","https://id.biodiversity.org.au/node/apni/2901823","Zieria tuberculata","Zieria","Rutaceae","Sapindales","Equisetopsida","Charophyta","Plantae","Warty Zieria","exactMatch",
"Pennantia endlicheri","Pennantia endlicheri","Pennantia","Icacinaceae","Endangered","Endangered","Endangered","","https://id.biodiversity.org.au/node/apni/2915354","Pennantia endlicheri","Pennantia","Pennantiaceae","Apiales","Equisetopsida","Charophyta","Plantae","Pennantia","exactMatch",
"Pseudomys auritus","Pseudomys auritus","Long-eared Mouse","Muridae","Extinct","Extinct","Extinct","","https://biodiversity.org.au/afd/taxa/f3f1ad24-212e-4c66-b118-a59c0a0e69b7","Pseudomys auritus","Pseudomys","Muridae","Rodentia","Mammalia","Chordata","Animalia","Long-eared Mouse","exactMatch",
"Syzygium paniculatum","Syzygium paniculatum","Magenta Lilly Pilly, Magenta Cherry, Daguba, Scrub Cherry, Creek Lilly Pilly, Brush Cherry","Myrtaceae","Vulnerable","Vulnerable","Vulnerable","","https://id.biodiversity.org.au/taxon/apni/51440400","Syzygium paniculatum","Syzygium","Myrtaceae","Myrtales","Equisetopsida","Charophyta","Plantae","Magenta Lilly Pilly","exactMatch",
"Petrophile nivea","Petrophile nivea","-","Proteaceae","Vulnerable","Vulnerable","Vulnerable","","https://id.biodiversity.org.au/node/apni/2898231","Petrophile nivea","Petrophile","Proteaceae","Proteales","Equisetopsida","Charophyta","Plantae",,"exactMatch",
"Taudactylus rheophilus","Taudactylus rheophilus","Tinkling Frog","Myobatrachidae","Critically Endangered","Critically Endangered","Critically Endangered","","https://biodiversity.org.au/afd/taxa/a62393ae-c5d3-4563-bf90-1cc81b50cdfa","Taudactylus rheophilus","Taudactylus","Myobatrachidae","Anura","Amphibia","Chordata","Animalia","Tinkling Frog","exactMatch",
"Thelymitra epipactoides","Thelymitra epipactoides","Metallic Sun-orchid","Orchidaceae","Endangered","Endangered","Endangered","","https://id.biodiversity.org.au/taxon/apni/51414274","Thelymitra epipactoides","Thelymitra","Orchidaceae","Asparagales","Equisetopsida","Charophyta","Plantae","Metallic Sun-orchid","exactMatch",
"Euphrasia bella","Euphrasia bella","Lamington Eyebright, Mt. Merino Eyebright","Scrophulariaceae","Vulnerable","Vulnerable","Vulnerable","","https://id.biodiversity.org.au/node/apni/2919783","Euphrasia bella","Euphrasia","Scrophulariaceae","Lamiales","Equisetopsida","Charophyta","Plantae","Lamington Eyebright","exactMatch",
"Pultenaea parviflora","Pultenaea parviflora","-","Fabaceae","Vulnerable","Vulnerable","Vulnerable","","https://id.biodiversity.org.au/node/apni/2901006","Pultenaea parviflora","Pultenaea","Fabaceae","Fabales","Equisetopsida","Charophyta","Plantae",,"exactMatch",
"Daviesia microcarpa","Daviesia microcarpa","Norseman Pea","Fabaceae","Endangered","Endangered","Endangered","","https://id.biodiversity.org.au/node/apni/2906376","Daviesia microcarpa","Daviesia","Fabaceae","Fabales","Equisetopsida","Charophyta","Plantae","Norseman Pea","exactMatch",
"Psephotus chrysopterygius","Psephotus chrysopterygius","Golden-shouldered Parrot, Alwal, Thaku, Arrmorral, Minpin","Psittacidae","Endangered","Endangered","Endangered","","https://biodiversity.org.au/afd/taxa/63ad9e17-5650-495b-bc32-858f5ed808c3","Psephotellus chrysopterygius","Psephotellus","Psittacidae","Psittaciformes","Aves","Chordata","Animalia","Golden-shouldered Parrot","exactMatch",
"Wollumbinia georgesi","Wollumbinia georgesi","Georges' Snapping Turtle, Bellinger River Sawshell Turtle, Georges Helmeted Turtle","Chelidae","Critically Endangered","Critically Endangered","Critically Endangered","","https://biodiversity.org.au/afd/taxa/e8b0899e-0148-45ba-b2eb-2c42c3ad3d96","Myuchelys georgesi","Myuchelys","Chelidae","Testudines","Reptilia","Chordata","Animalia","Georges Helmeted Turtle","exactMatch",
"Pristis zijsron","Pristis zijsron","Green Sawfish, Dindagubba, Narrowsnout Sawfish","Pristidae","Vulnerable","Vulnerable","Vulnerable","","https://biodiversity.org.au/afd/taxa/82ed0913-1b27-4b2b-b2b3-09d1b3ce6ae5","Pristis zijsron","Pristis","Pristidae","Rhinopristiformes","Chondrichthyes","Chordata","Animalia","Green Sawfish","exactMatch",
"Tiliqua scincoides intermedia","Tiliqua scincoides intermedia","Northern Blue-tongued Skink","Scincidae","Critically Endangered","Critically Endangered","Critically Endangered","","https://biodiversity.org.au/afd/taxa/0d32676a-b908-42b4-b629-98b96b96343a","Tiliqua scincoides intermedia","Tiliqua","Scincidae","Squamata","Reptilia","Chordata","Animalia","Northern Blue-tongued Skink","exactMatch",
"Streblus pendulinus","Streblus pendulinus","Siah's Backbone, Sia's Backbone, Isaac Wood","Moraceae","Endangered","Endangered","Endangered","","https://id.biodiversity.org.au/node/apni/4057099","Streblus pendulinus","Streblus","Moraceae","Rosales","Equisetopsida","Charophyta","Plantae","Isaac Wood","exactMatch",
"Euastacus spinichelatus","Euastacus spinichelatus","Small Crayfish","Parastacidae","Endangered","Endangered","Endangered","","https://biodiversity.org.au/afd/taxa/4a019c0f-e4e0-49d9-abd4-b76a55793613","Euastacus spinichelatus","Euastacus","Parastacidae","Decapoda","Malacostraca","Arthropoda","Animalia",,"exactMatch",
"Boronia umbellata","Boronia umbellata","Orara Boronia","Rutaceae","Vulnerable","Vulnerable","Vulnerable","","https://id.biodiversity.org.au/node/apni/2913684","Boronia umbellata","Boronia","Rutaceae","Sapindales","Equisetopsida","Charophyta","Plantae","Orara Boronia","exactMatch",
"Acacia vassalii","Acacia vassalii","Vassal's Wattle","Fabaceae","Endangered","Endangered","Endangered","","https://id.biodiversity.org.au/node/apni/2920529","Acacia vassalii","Acacia","Fabaceae","Fabales","Equisetopsida","Charophyta","Plantae","Vassal's Wattle","exactMatch",
"Strophurus horneri","Strophurus horneri","Arnhem Phasmid Gecko","Diplodactylidae","Vulnerable","Vulnerable","Vulnerable","","https://biodiversity.org.au/afd/taxa/cb7c357c-8cc7-4e68-adb8-6582edf6b677","Strophurus horneri","Strophurus","Diplodactylidae","Squamata","Reptilia","Chordata","Animalia","Arnhem Phasmid Gecko","exactMatch",
"Banksia verticillata","Banksia verticillata","Granite Banksia, Albany Banksia, River Banksia","Proteaceae","Vulnerable","Vulnerable","Vulnerable","","https://id.biodiversity.org.au/node/apni/2891102","Banksia verticillata","Banksia","Proteaceae","Proteales","Equisetopsida","Charophyta","Plantae","Albany Banksia","exactMatch",
"Daviesia euphorbioides","Daviesia euphorbioides","Wongan Cactus","Fabaceae","Endangered","Endangered","Endangered","","https://id.biodiversity.org.au/node/apni/2918417","Daviesia euphorbioides","Daviesia","Fabaceae","Fabales","Equisetopsida","Charophyta","Plantae","Wongan Cactus","exactMatch",
"Euphrasia sp. Bivouac Bay (W.R.Barker 7626 et al.)","Euphrasia sp. Bivouac Bay (W.R.Barker 7626 et al.)","Masked Eyebright, Masked Cliff Eyebright","Scrophulariaceae","Endangered","Endangered","Endangered","","https://id.biodiversity.org.au/node/apni/2916761","Euphrasia sp. Bivouac Bay (W.R.Barker 7626 et al.)","Euphrasia","Scrophulariaceae","Lamiales","Equisetopsida","Charophyta","Plantae","Masked Cliff Eyebright","exactMatch",
"Parsonsia dorrigoensis","Parsonsia dorrigoensis","Milky Silkpod","Apocynaceae","Endangered","Endangered","Endangered","","https://id.biodiversity.org.au/node/apni/2906744","Parsonsia dorrigoensis","Parsonsia","Apocynaceae","Gentianales","Equisetopsida","Charophyta","Plantae","Milky Silkpod","exactMatch",
"Xerothamnella herbacea","Xerothamnella herbacea","-","Acanthaceae","Endangered","Endangered","Endangered","","https://id.biodiversity.org.au/node/apni/2908833","Xerothamnella herbacea","Xerothamnella","Acanthaceae","Lamiales","Equisetopsida","Charophyta","Plantae",,"exactMatch",
"Grevillea acanthifolia subsp. paludosa","Grevillea acanthifolia subsp. paludosa","Bog Grevillea","Proteaceae","Endangered","Endangered","Endangered","","https://id.biodiversity.org.au/node/apni/2908968","Grevillea acanthifolia subsp. paludosa","Grevillea","Proteaceae","Proteales","Equisetopsida","Charophyta","Plantae","Bog Grevillea","exactMatch",
"Thalassarche impavida","Thalassarche impavida","Campbell Albatross, Campbell Black-browed Albatross","Diomedeidae","Vulnerable","Vulnerable","Vulnerable","","https://biodiversity.org.au/afd/taxa/bd20a15e-c723-49b5-9186-11ec37fb18e3","Thalassarche impavida","Thalassarche","Diomedeidae","Procellariiformes","Aves","Chordata","Animalia","Campbell Albatross","exactMatch",
"Astrotricha crassifolia","Astrotricha crassifolia","Thick-leaf Star-hair","Araliaceae","Vulnerable","Vulnerable","Vulnerable","","https://id.biodiversity.org.au/node/apni/2903877","Astrotricha crassifolia","Astrotricha","Araliaceae","Apiales","Equisetopsida","Charophyta","Plantae","Thickleaf Starhair","exactMatch",
"Acanthornis magna greeniana","Acanthornis magna greeniana","King Island Scrubtit, Scrubtit (King Island)","Acanthizidae","Critically Endangered","Critically Endangered","Critically Endangered","","https://biodiversity.org.au/afd/taxa/6d74feb3-5a52-468e-851a-14de78223598","Acanthornis magna greeniana","Acanthornis","Acanthizidae","Passeriformes","Aves","Chordata","Animalia","King Island Scrubtit","exactMatch",
"Parsonsia larcomensis","Parsonsia larcomensis","Mt Larcom Silk Pod","Apocynaceae","Vulnerable","Vulnerable","Vulnerable","","https://id.biodiversity.org.au/node/apni/2917621","Parsonsia larcomensis","Parsonsia","Apocynaceae","Gentianales","Equisetopsida","Charophyta","Plantae","Mt Larcom Silk Pod","exactMatch",
"Porphyrio albus","Porphyrio albus","White Gallinule","Rallidae","Extinct","Extinct","Extinct","","https://biodiversity.org.au/afd/taxa/215be62a-f17a-4aaa-afb7-4227dba97af1","Porphyrio (Notornis) albus","Porphyrio","Rallidae","Gruiformes","Aves","Chordata","Animalia","White Gallinule","exactMatch",
"Corymbia xanthope","Corymbia xanthope","Glen Geddes Bloodwood","Myrtaceae","Vulnerable","Vulnerable","Vulnerable","","https://id.biodiversity.org.au/node/apni/2913257","Corymbia xanthope","Corymbia","Myrtaceae","Myrtales","Equisetopsida","Charophyta","Plantae","Glen Geddes Bloodwood","exactMatch",
"Idiosoma nigrum","Idiosoma nigrum","Shield-backed Trapdoor Spider, Black Rugose Trapdoor Spider","Idiopidae","Vulnerable","Vulnerable","Vulnerable","","https://biodiversity.org.au/afd/taxa/ffc13f29-e9bd-4d87-90f3-3633a4fb4b6d","Idiosoma nigrum","Idiosoma","Idiopidae","Araneae","Arachnida","Arthropoda","Animalia","Shield-backed Trapdoor Spider","exactMatch",
"Acacia curranii","Acacia curranii","Curly-bark Wattle","Fabaceae","Vulnerable","Vulnerable","Vulnerable","","https://id.biodiversity.org.au/node/apni/2914331","Acacia curranii","Acacia","Fabaceae","Fabales","Equisetopsida","Charophyta","Plantae","Curly-bark Wattle","exactMatch",
"Calyptorhynchus lathami lathami","Calyptorhynchus lathami lathami","South-eastern Glossy Black-Cockatoo","Cacatuidae","Vulnerable","Vulnerable","Vulnerable","","https://biodiversity.org.au/afd/taxa/a7578d10-e7ae-48c2-9deb-bab619125a6c","Calyptorhynchus (Calyptorhynchus) lathami lathami","Calyptorhynchus","Cacatuidae","Psittaciformes","Aves","Chordata","Animalia","South-eastern Glossy Black-cockatoo","exactMatch",
"Chlamydogobius gloveri","Chlamydogobius gloveri","Dalhousie Goby","Gobiidae","Critically Endangered","Critically Endangered","Critically Endangered","","https://biodiversity.org.au/afd/taxa/63fe26dc-b98f-4ee6-8ee1-39f25e55f398","Chlamydogobius gloveri","Chlamydogobius","Gobiidae","Perciformes","Actinopterygii","Chordata","Animalia","Dalhousie Goby","exactMatch",
"Olearia astroloba","Olearia astroloba","Marble Daisy-bush","Asteraceae","Vulnerable","Vulnerable","Vulnerable","","https://id.biodiversity.org.au/node/apni/2897531","Olearia astroloba","Olearia","Asteraceae","Asterales","Equisetopsida","Charophyta","Plantae","Marble Daisy-bush","exactMatch",
"Pseudomys australis","Pseudomys australis","Plains Rat, Palyoora, Plains Mouse","Muridae","Vulnerable","Vulnerable","Vulnerable","","https://biodiversity.org.au/afd/taxa/e985914e-3435-4f6b-9978-2cbb19d29fee","Pseudomys australis","Pseudomys","Muridae","Rodentia","Mammalia","Chordata","Animalia","Plains Rat","exactMatch",
"Caladenia bryceana subsp. bryceana","Caladenia bryceana subsp. bryceana","Dwarf Spider-orchid","Orchidaceae","Endangered","Endangered","Endangered","","https://id.biodiversity.org.au/taxon/apni/51398848","Caladenia bryceana subsp. bryceana","Caladenia","Orchidaceae","Asparagales","Equisetopsida","Charophyta","Plantae","Dwarf Spider Orchid","exactMatch",
"Deyeuxia drummondii","Deyeuxia drummondii","Drummond's Grass, Drummond Grass","Poaceae","Endangered","Endangered","Endangered","","https://id.biodiversity.org.au/node/apni/2907738","Deyeuxia drummondii","Deyeuxia","Poaceae","Poales","Equisetopsida","Charophyta","Plantae","Drummond Grass","exactMatch",
"Pterostylis gibbosa","Pterostylis gibbosa","Illawarra Greenhood, Rufa Greenhood, Pouched Greenhood","Orchidaceae","Endangered","Endangered","Endangered","","https://id.biodiversity.org.au/taxon/apni/51412148","Pterostylis gibbosa","Pterostylis","Orchidaceae","Asparagales","Equisetopsida","Charophyta","Plantae","Illawarra Greenhood","exactMatch",
"Pterostylis wapstrarum","Pterostylis wapstrarum","Fleshy Greenhood","Orchidaceae","Critically Endangered","Critically Endangered","Critically Endangered","","https://id.biodiversity.org.au/taxon/apni/51412444","Pterostylis wapstrarum","Pterostylis","Orchidaceae","Asparagales","Equisetopsida","Charophyta","Plantae","Fleshy Greenhood","exactMatch",
"Macrozamia cranei","Macrozamia cranei","-","Zamiaceae","Endangered","Endangered","Endangered","","https://id.biodiversity.org.au/node/apni/2892095","Macrozamia cranei","Macrozamia","Zamiaceae","Cycadales","Equisetopsida","Charophyta","Plantae",,"exactMatch",
"Conospermum undulatum","Conospermum undulatum","Wavy-leaved Smokebush","Proteaceae","Vulnerable","Vulnerable","Vulnerable","","https://id.biodiversity.org.au/node/apni/2915372","Conospermum undulatum","Conospermum","Proteaceae","Proteales","Equisetopsida","Charophyta","Plantae","Wavyleaved Smokebush","exactMatch",
"Caladenia leucochila","Caladenia leucochila","Collie Spider Orchid","Orchidaceae","Endangered","Endangered","Endangered","","https://id.biodiversity.org.au/taxon/apni/51399129","Caladenia leucochila","Caladenia","Orchidaceae","Asparagales","Equisetopsida","Charophyta","Plantae","Collie Spider Orchid","exactMatch",
"Perameles eremiana","Perameles eremiana","Desert Bandicoot, Walilya","Peramelidae","Extinct","Extinct","Extinct","","https://biodiversity.org.au/afd/taxa/f234f91f-8e00-405d-a89b-eb8fbc65a123","Perameles eremiana","Perameles","Peramelidae","Peramelemorphia","Mammalia","Chordata","Animalia","Desert Bandicoot","exactMatch",
"Anigozanthos bicolor subsp. minor","Anigozanthos bicolor subsp. minor","Little Kangaroo Paw, Two-coloured Kangaroo Paw, Small Two-colour Kangaroo Paw","Haemodoraceae","Endangered","Endangered","Endangered","","https://id.biodiversity.org.au/node/apni/2913665","Anigozanthos bicolor subsp. minor","Anigozanthos","Haemodoraceae","Commelinales","Equisetopsida","Charophyta","Plantae","O Paw","exactMatch",
"Euastacus urospinosus","Euastacus urospinosus","Maleny Crayfish","Parastacidae","Endangered","Endangered","Endangered","","https://biodiversity.org.au/afd/taxa/d1f1d092-af83-44b2-ba7d-6219ce2be271","Euastacus urospinosus","Euastacus","Parastacidae","Decapoda","Malacostraca","Arthropoda","Animalia","Maleny Crayfish","exactMatch",
"Pittosporum bracteolatum","Pittosporum bracteolatum","Oleander","Pittosporaceae","Vulnerable","Vulnerable","Vulnerable","","https://id.biodiversity.org.au/node/apni/2886117","Pittosporum bracteolatum","Pittosporum","Pittosporaceae","Apiales","Equisetopsida","Charophyta","Plantae","Oleander","exactMatch",
"Lichenostomus melanops cassidix","Lichenostomus melanops cassidix","Helmeted Honeyeater, Yellow-tufted Honeyeater (Helmeted)","Meliphagidae","Critically Endangered","Critically Endangered","Critically Endangered","","https://biodiversity.org.au/afd/taxa/c74c3d35-c98c-4ef0-93bf-b9b6ace016b1","Lichenostomus melanops cassidix","Lichenostomus","Meliphagidae","Passeriformes","Aves","Chordata","Animalia","Helmeted Honeyeater","exactMatch",
"Acacia subflexuosa subsp. capillata","Acacia subflexuosa subsp. capillata","Hairy-stemmed Zig-Zag Wattle","Fabaceae","Endangered","Endangered","Endangered","","https://id.biodiversity.org.au/node/apni/2904242","Acacia subflexuosa subsp. capillata","Acacia","Fabaceae","Fabales","Equisetopsida","Charophyta","Plantae","Hairystemmed Zigzag Wattle","exactMatch",
"Lambertia orbifolia","Lambertia orbifolia","Roundleaf Honeysuckle","Proteaceae","Endangered","Endangered","Endangered","","https://id.biodiversity.org.au/node/apni/2910293","Lambertia orbifolia","Lambertia","Proteaceae","Proteales","Equisetopsida","Charophyta","Plantae","Roundleaf Honeysuckle","exactMatch",
"Leucocarbo atriceps nivalis","Leucocarbo atriceps nivalis","Imperial Shag (Heard Island), Heard Shag","Phalacrocoracidae","Vulnerable","Vulnerable","Vulnerable","","https://biodiversity.org.au/afd/taxa/a9fa919f-b99d-4dd9-ac34-cf4599776c73","Leucocarbo atriceps nivalis","Leucocarbo","Phalacrocoracidae","Pelecaniformes","Aves","Chordata","Animalia","Heard Island Imperial Shag","exactMatch",
"Phlegmariurus carinatus","Phlegmariurus carinatus","Keeled Tassel-fern","Lycopodiaceae","Endangered","Endangered","Endangered","","https://id.biodiversity.org.au/node/apni/2889787","Phlegmariurus carinatus","Phlegmariurus","Lycopodiaceae","Lycopodiales","Equisetopsida","Charophyta","Plantae","Keeled Tasselfern","exactMatch",
"Conilurus penicillatus","Conilurus penicillatus","Brush-tailed Rabbit-rat, Brush-tailed Tree-rat, Pakooma","Muridae","Vulnerable","Vulnerable","Vulnerable","","https://biodiversity.org.au/afd/taxa/9bb1445f-39e4-417e-b384-60a277447a4a","Conilurus penicillatus","Conilurus","Muridae","Rodentia","Mammalia","Chordata","Animalia","Brush-tailed Tree-rat","exactMatch",
"Darwinia squarrosa","Darwinia squarrosa","Fringed Mountain Bell, Pink Mountain Bell","Myrtaceae","Vulnerable","Vulnerable","Vulnerable","","https://id.biodiversity.org.au/node/apni/2905648","Darwinia squarrosa","Darwinia","Myrtaceae","Myrtales","Equisetopsida","Charophyta","Plantae","Pink Mountain Bell","exactMatch",
"Uperoleia daviesae","Uperoleia daviesae","Howard River Toadlet, Davies's Toadlet","Myobatrachidae","Vulnerable","Vulnerable","Vulnerable","","https://biodiversity.org.au/afd/taxa/5cd964a7-f378-4f32-86f8-51745c6debdf","Uperoleia daviesae","Uperoleia","Myobatrachidae","Anura","Amphibia","Chordata","Animalia","Davies's Toadlet","exactMatch",
"Atriplex infrequens","Atriplex infrequens","-","Chenopodiaceae","Vulnerable","Vulnerable","Vulnerable","","https://id.biodiversity.org.au/node/apni/2899412","Atriplex infrequens","Atriplex","Chenopodiaceae","Caryophyllales","Equisetopsida","Charophyta","Plantae",,"exactMatch",
"Corybas dentatus","Corybas dentatus","Toothed Helmet-orchid, Finniss Helmet-orchid","Orchidaceae","Vulnerable","Vulnerable","Vulnerable","","https://id.biodiversity.org.au/taxon/apni/51401031","Corybas dentatus","Corybas","Orchidaceae","Asparagales","Equisetopsida","Charophyta","Plantae","Finniss Helmetorchid","exactMatch",
"Acianthus ledwardii","Acianthus ledwardii","-","Orchidaceae","Extinct","Extinct","Extinct","","https://id.biodiversity.org.au/taxon/apni/51395401","Acianthus ledwardii","Acianthus","Orchidaceae","Asparagales","Equisetopsida","Charophyta","Plantae","Ledward's Mosquito Orchid","exactMatch",
"Hypocalymma angustifolium subsp. Hutt River (S.Patrick 2982)","Hypocalymma angustifolium subsp. Hutt River (S.Patrick 2982)","-","Myrtaceae","Endangered","Endangered","Endangered","","https://id.biodiversity.org.au/node/apni/2917460","Hypocalymma angustifolium subsp. Hutt River (S.Patrick 2982)","Hypocalymma","Myrtaceae","Myrtales","Equisetopsida","Charophyta","Plantae",,"exactMatch",
"Asperula tetraphylla","Asperula tetraphylla","Kangaroo Island Woodruff","Rubiaceae","Vulnerable","Vulnerable","Vulnerable","","https://id.biodiversity.org.au/node/apni/2906863","Asperula tetraphylla","Asperula","Rubiaceae","Gentianales","Equisetopsida","Charophyta","Plantae","Mountain Woodruff","exactMatch",
"Styphelia longissima","Styphelia longissima","-","Ericaceae","Critically Endangered","Critically Endangered","Critically Endangered","","https://id.biodiversity.org.au/taxon/apni/51435352","Styphelia longissima","Styphelia","Ericaceae","Ericales","Equisetopsida","Charophyta","Plantae",,"exactMatch",
"Beyeria subtecta","Beyeria subtecta","Kangaroo Island Turpentine Bush","Euphorbiaceae","Vulnerable","Vulnerable","Vulnerable","","https://id.biodiversity.org.au/node/apni/2901113","Beyeria subtecta","Beyeria","Euphorbiaceae","Malpighiales","Equisetopsida","Charophyta","Plantae","Kangaroo Island Turpentine Bush","exactMatch",
"Bossiaea fragrans","Bossiaea fragrans","-","Fabaceae","Critically Endangered","Critically Endangered","Critically Endangered","","https://id.biodiversity.org.au/node/apni/2904047","Bossiaea fragrans","Bossiaea","Fabaceae","Fabales","Equisetopsida","Charophyta","Plantae",,"exactMatch",
"Calochilus psednus","Calochilus psednus","Cardwell Beard Orchid","Orchidaceae","Endangered","Endangered","Endangered","","https://id.biodiversity.org.au/taxon/apni/51400236","Calochilus psednus","Calochilus","Orchidaceae","Asparagales","Equisetopsida","Charophyta","Plantae","Cardwell Beard Orchid","exactMatch",
"Drakaea confluens","Drakaea confluens","Late Hammer-orchid","Orchidaceae","Endangered","Endangered","Endangered","","https://id.biodiversity.org.au/taxon/apni/51404651","Drakaea confluens","Drakaea","Orchidaceae","Asparagales","Equisetopsida","Charophyta","Plantae","Late Hammer Orchid","exactMatch",
"Euastacus binzayedi","Euastacus binzayedi","Embezee's Crayfish","Parastacidae","Critically Endangered","Critically Endangered","Critically Endangered","","https://biodiversity.org.au/afd/taxa/01c0c48d-e8a2-40a3-854e-67f82b07aea0","Euastacus binzayedi","Euastacus","Parastacidae","Decapoda","Malacostraca","Arthropoda","Animalia",,"exactMatch",
"Eremophila verticillata","Eremophila verticillata","Whorled Eremophila","Myoporaceae","Endangered","Endangered","Endangered","","https://id.biodiversity.org.au/node/apni/2920479","Eremophila verticillata","Eremophila","Scrophulariaceae","Lamiales","Equisetopsida","Charophyta","Plantae","Whorled Eremophila","exactMatch",
"Westringia crassifolia","Westringia crassifolia","Whipstick Westringia","Lamiaceae","Endangered","Endangered","Endangered","","https://id.biodiversity.org.au/node/apni/2890285","Westringia crassifolia","Westringia","Lamiaceae","Lamiales","Equisetopsida","Charophyta","Plantae","Whipstick Westringia","exactMatch",
"Prostanthera marifolia","Prostanthera marifolia","Seaforth Mintbush","Lamiaceae","Critically Endangered","Critically Endangered","Critically Endangered","","https://id.biodiversity.org.au/node/apni/2897722","Prostanthera marifolia","Prostanthera","Lamiaceae","Lamiales","Equisetopsida","Charophyta","Plantae","Seaforth Mintbush","exactMatch",
"Taeniophyllum norfolkianum","Taeniophyllum norfolkianum","Minute Orchid, Ribbon-root Orchid","Orchidaceae","Vulnerable","Vulnerable","Vulnerable","","https://id.biodiversity.org.au/taxon/apni/51413728","Taeniophyllum norfolkianum","Taeniophyllum","Orchidaceae","Asparagales","Equisetopsida","Charophyta","Plantae","Ribbonroot Orchid","exactMatch",
"Banksia sphaerocarpa var. dolichostyla","Banksia sphaerocarpa var. dolichostyla","Ironcaps Banksia, Ironcap Banksia","Proteaceae","Vulnerable","Vulnerable","Vulnerable","","https://id.biodiversity.org.au/node/apni/2894366","Banksia sphaerocarpa var. dolichostyla","Banksia","Proteaceae","Proteales","Equisetopsida","Charophyta","Plantae","Ironcap Banksia","exactMatch",
"Calochilus cupreus","Calochilus cupreus","Copper Beard Orchid","Orchidaceae","Critically Endangered","Critically Endangered","Critically Endangered","","https://id.biodiversity.org.au/taxon/apni/51400210","Calochilus cupreus","Calochilus","Orchidaceae","Asparagales","Equisetopsida","Charophyta","Plantae","Copper Beard-orchid","exactMatch",
"Dasyurus viverrinus","Dasyurus viverrinus","Eastern Quoll, Luaner","Dasyuridae","Endangered","Endangered","Endangered","","https://biodiversity.org.au/afd/taxa/1e9f1b49-78b5-409d-91f2-21615ce88e9d","Dasyurus viverrinus","Dasyurus","Dasyuridae","Dasyuromorphia","Mammalia","Chordata","Animalia","Luaner","exactMatch",
"Pimelea axiflora subsp. pubescens","Pimelea axiflora subsp. pubescens","Bungonia Rice-flower","Thymelaeaceae","Endangered","Endangered","Endangered","","https://id.biodiversity.org.au/node/apni/8328266","Pimelea axiflora subsp. pubescens","Pimelea","Thymelaeaceae","Malvales","Equisetopsida","Charophyta","Plantae","Bungonia Rice-flower","exactMatch",
"Thismia clavarioides","Thismia clavarioides","-","Thismiaceae","Endangered","Endangered","Endangered","","https://id.biodiversity.org.au/node/apni/2898579","Thismia clavarioides","Thismia","Thismiaceae","Dioscoreales","Equisetopsida","Charophyta","Plantae",,"exactMatch",
"Leptospermum thompsonii","Leptospermum thompsonii","Monga Tea-tree","Myrtaceae","Endangered","Endangered","Endangered","","https://id.biodiversity.org.au/node/apni/2896195","Leptospermum thompsonii","Leptospermum","Myrtaceae","Myrtales","Equisetopsida","Charophyta","Plantae","Monga Tea Tree","exactMatch",
"Tetratheca fasciculata","Tetratheca fasciculata","Cronin's Tetratheca","Elaeocarpaceae","Extinct","Extinct","Extinct","","https://id.biodiversity.org.au/node/apni/2907427","Tetratheca fasciculata","Tetratheca","Elaeocarpaceae","Oxalidales","Equisetopsida","Charophyta","Plantae","Cronin's Tetratheca","exactMatch",
"Correa calycina","Correa calycina","Hindmarsh Correa","Rutaceae","Vulnerable","Vulnerable","Vulnerable","","https://id.biodiversity.org.au/node/apni/2914683","Correa calycina","Correa","Rutaceae","Sapindales","Equisetopsida","Charophyta","Plantae","Hindmarsh Correa","exactMatch",
"Maireana cheelii","Maireana cheelii","Chariot Wheels","Chenopodiaceae","Vulnerable","Vulnerable","Vulnerable","","https://id.biodiversity.org.au/node/apni/2888376","Maireana cheelii","Maireana","Chenopodiaceae","Caryophyllales","Equisetopsida","Charophyta","Plantae","Chariot Wheels","exactMatch",
"Melomys rubicola","Melomys rubicola","Bramble Cay Melomys","Muridae","Extinct","Extinct","Extinct","","https://biodiversity.org.au/afd/taxa/45fd32b2-f4b6-42c9-920e-424d8f9beced","Melomys rubicola","Melomys","Muridae","Rodentia","Mammalia","Chordata","Animalia","Bramble Cay Melomys","exactMatch",
"Epinephelus daemelii","Epinephelus daemelii","Black Rockcod, Black Cod, Saddled Rockcod","Serranidae","Vulnerable","Vulnerable","Vulnerable","","https://biodiversity.org.au/afd/taxa/b7b336b9-8628-4fcd-8c3b-0ef3384126e7","Epinephelus daemelii","Epinephelus","Serranidae","Perciformes","Actinopterygii","Chordata","Animalia","Black Rockcod","exactMatch",
"Eucalyptus absita","Eucalyptus absita","Badgingarra Box","Myrtaceae","Endangered","Endangered","Endangered","","https://id.biodiversity.org.au/node/apni/2888425","Eucalyptus absita","Eucalyptus","Myrtaceae","Myrtales","Equisetopsida","Charophyta","Plantae","Badgingarra Box","exactMatch",
"Banksia squarrosa subsp. argillacea","Banksia squarrosa subsp. argillacea","Whicher Range Dryandra","Proteaceae","Vulnerable","Vulnerable","Vulnerable","","https://id.biodiversity.org.au/node/apni/2889822","Banksia squarrosa subsp. argillacea","Banksia","Proteaceae","Proteales","Equisetopsida","Charophyta","Plantae","Whicher Range Dryandra","exactMatch",
"Callitris oblonga subsp. parva","Callitris oblonga subsp. parva","-","Cupressaceae","Critically Endangered","Critically Endangered","Critically Endangered","","https://id.biodiversity.org.au/node/apni/2921134","Callitris oblonga subsp. parva","Callitris","Cupressaceae","Pinales","Equisetopsida","Charophyta","Plantae",,"exactMatch",
"Almaleea cambagei","Almaleea cambagei","Torrington Pea","Fabaceae","Endangered","Endangered","Endangered","","https://id.biodiversity.org.au/node/apni/2887858","Almaleea cambagei","Almaleea","Fabaceae","Fabales","Equisetopsida","Charophyta","Plantae","Torrington Pea","exactMatch",
"Petrogale sharmani","Petrogale sharmani","Mount Claro Rock Wallaby, Sharman's Rock Wallaby","Macropodidae","Vulnerable","Vulnerable","Vulnerable","","https://biodiversity.org.au/afd/taxa/c14bfa02-3605-4efb-b1c2-86171cd31a3e","Petrogale sharmani","Petrogale","Macropodidae","Diprotodontia","Mammalia","Chordata","Animalia","Sharman's Rock-wallaby","exactMatch",
"Conospermum densiflorum subsp. unicephalatum","Conospermum densiflorum subsp. unicephalatum","One-headed Smokebush","Proteaceae","Endangered","Endangered","Endangered","","https://id.biodiversity.org.au/node/apni/2904366","Conospermum densiflorum subsp. unicephalatum","Conospermum","Proteaceae","Proteales","Equisetopsida","Charophyta","Plantae","Oneheaded Smokebush","exactMatch",
"Macadamia jansenii","Macadamia jansenii","Bulberin Nut, Bulburin Nut Tree","Proteaceae","Endangered","Endangered","Endangered","","https://id.biodiversity.org.au/node/apni/2904937","Macadamia jansenii","Macadamia","Proteaceae","Proteales","Equisetopsida","Charophyta","Plantae","Bulburin Nut Tree","exactMatch",
"Thelymitra adorata","Thelymitra adorata","Wyong Sun Orchid","Orchidaceae","Critically Endangered","Critically Endangered","Critically Endangered","","https://id.biodiversity.org.au/taxon/apni/51414212","Thelymitra adorata","Thelymitra","Orchidaceae","Asparagales","Equisetopsida","Charophyta","Plantae","Wyong Sun Orchid","exactMatch",
"Schoenia filifolia subsp. subulifolia","Schoenia filifolia subsp. subulifolia","Mingenew Everlasting","Asteraceae","Endangered","Endangered","Endangered","","https://id.biodiversity.org.au/node/apni/2913280","Schoenia filifolia subsp. subulifolia","Schoenia","Asteraceae","Asterales","Equisetopsida","Charophyta","Plantae","Showy Everlasting","exactMatch",
"Trisyntopa scatophaga","Trisyntopa scatophaga","Antbed Parrot Moth","Oecophoridae","Endangered","Endangered","Endangered","","https://biodiversity.org.au/afd/taxa/adb0490f-59d9-4207-ac01-b1134b16beb6","Trisyntopa scatophaga","Trisyntopa","Oecophoridae","Lepidoptera","Insecta","Arthropoda","Animalia","Antbed Moth","exactMatch",
"Hoplogonus bornemisszai","Hoplogonus bornemisszai","Bornemissza's Stag Beetle","Lucanidae","Critically Endangered","Critically Endangered","Critically Endangered","","https://biodiversity.org.au/afd/taxa/3f1437a8-dcaa-428e-8ba2-0efff46ce87e","Hoplogonus bornemisszai","Hoplogonus","Lucanidae","Coleoptera","Insecta","Arthropoda","Animalia","Bornemissza's Stag Beetle","exactMatch",
"Gerygone insularis","Gerygone insularis","Lord Howe Gerygone, Lord Howe Warbler","Pardalotidae","Extinct","Extinct","Extinct","","https://biodiversity.org.au/afd/taxa/390e42c3-7942-4c02-b7d1-fc12dcf1f79e","Gerygone insularis","Gerygone","Acanthizidae","Passeriformes","Aves","Chordata","Animalia","Lord Howe Gerygone","exactMatch",
"Chalcophaps indica natalis","Chalcophaps indica natalis","Christmas Island Emerald Dove, Emerald Dove (Christmas Island)","Columbidae","Endangered","Endangered","Endangered","","https://biodiversity.org.au/afd/taxa/b420f5c3-2ff8-42cc-bd16-2369172fcf4b","Chalcophaps indica natalis","Chalcophaps","Columbidae","Columbiformes","Aves","Chordata","Animalia","Christmas Island Grey-capped Emerald-dove","exactMatch",
"Leucocarbo atriceps purpurascens","Leucocarbo atriceps purpurascens","Imperial Shag (Macquarie Island)","Phalacrocoracidae","Vulnerable","Vulnerable","Vulnerable","","https://biodiversity.org.au/afd/taxa/92d9e655-49c1-4ba7-a8b3-4e5cc0adda6c","Leucocarbo atriceps purpurascens","Leucocarbo","Phalacrocoracidae","Pelecaniformes","Aves","Chordata","Animalia","Macquarie Island Imperial Shag","exactMatch",
"Arctocephalus tropicalis","Arctocephalus tropicalis","Subantarctic Fur-seal","Otariidae","Endangered","Endangered","Endangered","","https://biodiversity.org.au/afd/taxa/cc917a18-4833-4983-af35-84e65228487e","Arctocephalus tropicalis","Arctocephalus","Otariidae","Carnivora","Mammalia","Chordata","Animalia","Subantarctic Fur-seal","exactMatch",
"Prasophyllum validum","Prasophyllum validum","Sturdy Leek-orchid, Mount Remarkable Leek-orchid","Orchidaceae","Vulnerable","Vulnerable","Vulnerable","","https://id.biodiversity.org.au/taxon/apni/51795349","Prasophyllum validum","Prasophyllum","Orchidaceae","Asparagales","Equisetopsida","Charophyta","Plantae","Mount Remarkable Leek-orchid","exactMatch",
"Caladenia granitora","Caladenia granitora","-","Orchidaceae","Endangered","Endangered","Endangered","","https://id.biodiversity.org.au/taxon/apni/51399059","Caladenia granitora","Caladenia","Orchidaceae","Asparagales","Equisetopsida","Charophyta","Plantae","Granite Spider Orchid","exactMatch",
"Euphrasia amphisysepala","Euphrasia amphisysepala","Shiny Cliff Eyebright","Scrophulariaceae","Vulnerable","Vulnerable","Vulnerable","","https://id.biodiversity.org.au/node/apni/2900217","Euphrasia amphisysepala","Euphrasia","Scrophulariaceae","Lamiales","Equisetopsida","Charophyta","Plantae","Shiny Cliff Eyebright","exactMatch",
"Melanotaenia sp. nov. 'Running River'","Melanotaenia sp. nov. 'Running River'","Running River Rainbowfish","Melanotaeniidae","Critically Endangered","Critically Endangered","Critically Endangered","","ALA_DR30474_1426","Melanotaenia sp. nov. 'Running River'","Melanotaenia","Melanotaeniidae","Atheriniformes","Actinopterygii","Chordata","Animalia","Running River Rainbowfish","exactMatch",
"Polystichum moorei","Polystichum moorei","Rock Shield Fern","Dryopteridaceae","Endangered","Endangered","Endangered","","https://id.biodiversity.org.au/node/apni/2890028","Polystichum moorei","Polystichum","Dryopteridaceae","Polypodiales","Equisetopsida","Charophyta","Plantae","Rock Shield Fern","exactMatch",
"Anilios insperatus","Anilios insperatus","Fassifern Blind Snake","Typhlopidae","Critically Endangered","Critically Endangered","Critically Endangered","","https://biodiversity.org.au/afd/taxa/a9520d19-15d6-4403-bd10-e5908872c087","Anilios insperatus","Anilios","Typhlopidae","Squamata","Reptilia","Chordata","Animalia","Fassifern Blind Snake","exactMatch",
"Adclarkia dulacca","Adclarkia dulacca","Dulacca Woodland Snail","Camaenidae","Endangered","Endangered","Endangered","","https://biodiversity.org.au/afd/taxa/a8235a89-b330-4051-adbe-f9b6c5ecb5a4","Adclarkia dulacca","Adclarkia","Camaenidae","Stylommatophora","Gastropoda","Mollusca","Animalia","Dulacca Woodland Snail","exactMatch",
"Ammoniropa vigens","Ammoniropa vigens","Ammonite Pinwheel Snail","Charopidae","Critically Endangered","Critically Endangered","Critically Endangered","","https://biodiversity.org.au/afd/taxa/c4481033-9756-4634-ab30-7d5f42b4546b","Ammoniropa vigens","Ammoniropa","Charopidae","Stylommatophora","Gastropoda","Mollusca","Animalia","Ammonite Pinwheel Snail","exactMatch",
"Daviesia ovata","Daviesia ovata","Broad-leaf Daviesia","Fabaceae","Critically Endangered","Critically Endangered","Critically Endangered","","https://id.biodiversity.org.au/node/apni/2894923","Daviesia ovata","Daviesia","Fabaceae","Fabales","Equisetopsida","Charophyta","Plantae","Broad-leaf Daviesia","exactMatch",
"Hemiandra gardneri","Hemiandra gardneri","Red Snakebush","Lamiaceae","Endangered","Endangered","Endangered","","https://id.biodiversity.org.au/node/apni/2892226","Hemiandra gardneri","Hemiandra","Lamiaceae","Lamiales","Equisetopsida","Charophyta","Plantae","Red Snakebush","exactMatch",
"Bossiaea sp. Frankland (E.M.Sandiford EMS 896)","Bossiaea sp. Frankland (E.M.Sandiford EMS 896)","-","Fabaceae","Endangered","Endangered","Endangered","","https://id.biodiversity.org.au/taxon/apni/51770726","Bossiaea reptans","Bossiaea","Fabaceae","Fabales","Equisetopsida","Charophyta","Plantae","Creeping Brown Pea","exactMatch",
"Genoplesium baueri","Genoplesium baueri","Yellow Gnat-orchid, Bauer's Midge Orchid, Brittle Midge Orchid","Orchidaceae","Endangered","Endangered","Endangered","","https://id.biodiversity.org.au/taxon/apni/51405989","Genoplesium baueri","Genoplesium","Orchidaceae","Asparagales","Equisetopsida","Charophyta","Plantae","Bauer's Midge Orchid","exactMatch",
"Ophisternon candidum","Ophisternon candidum","Blind Cave Eel","Synbranchidae","Vulnerable","Vulnerable","Vulnerable","","https://biodiversity.org.au/afd/taxa/c16fb041-45ee-4310-a4e1-3cf4d9946ae5","Ophisternon candidum","Ophisternon","Synbranchidae","Synbranchiformes","Actinopterygii","Chordata","Animalia","Blind Cave Eel","exactMatch",
"Corymbia rhodops","Corymbia rhodops","-","Myrtaceae","Vulnerable","Vulnerable","Vulnerable","","https://id.biodiversity.org.au/node/apni/2889193","Corymbia rhodops","Corymbia","Myrtaceae","Myrtales","Equisetopsida","Charophyta","Plantae","Red-throated Bloodwood","exactMatch",
"Cairnsichthys bitaeniatus","Cairnsichthys bitaeniatus","Daintree Rainbowfish","Melanotaeniidae","Critically Endangered","Critically Endangered","Critically Endangered","","https://biodiversity.org.au/afd/taxa/4202fd96-5ca4-4675-8ea5-4e119e252df1","Cairnsichthys bitaeniatus","Cairnsichthys","Melanotaeniidae","Atheriniformes","Actinopterygii","Chordata","Animalia","Daintree Rainbowfish","exactMatch",
"Leucopogon obtectus","Leucopogon obtectus","Hidden Beard-heath","Ericaceae","Endangered","Endangered","Endangered","","https://id.biodiversity.org.au/taxon/apni/51767788","Styphelia obtecta","Styphelia","Ericaceae","Ericales","Equisetopsida","Charophyta","Plantae",,"exactMatch",
"Lasiopetalum rotundifolium","Lasiopetalum rotundifolium","Round-leaf Lasiopetalum","Sterculiaceae","Endangered","Endangered","Endangered","","https://id.biodiversity.org.au/node/apni/2897626","Lasiopetalum rotundifolium","Lasiopetalum","Malvaceae","Malvales","Equisetopsida","Charophyta","Plantae","Roundleaf Lasiopetalum","exactMatch",
"Acacia brachypoda","Acacia brachypoda","Western Wheatbelt Wattle","Fabaceae","Endangered","Endangered","Endangered","","https://id.biodiversity.org.au/node/apni/2920010","Acacia brachypoda","Acacia","Fabaceae","Fabales","Equisetopsida","Charophyta","Plantae","Western Wheatbelt Wattle","exactMatch",
"Elseya irwini","Elseya irwini","Irwin's Turtle, White-headed Snapping Turtle","Chelidae","Vulnerable","Vulnerable","Vulnerable","","https://biodiversity.org.au/afd/taxa/00a639e3-ddd3-4273-b8a2-d966e52a33aa","Elseya (Pelocomastes) irwini","Elseya","Chelidae","Testudines","Reptilia","Chordata","Animalia","Irwin's Turtle","exactMatch",
"Cepobaculum carronii","Cepobaculum carronii","an orchid","Orchidaceae","Vulnerable","Vulnerable","Vulnerable","","https://id.biodiversity.org.au/taxon/apni/51402840","Dendrobium carronii","Dendrobium","Orchidaceae","Asparagales","Equisetopsida","Charophyta","Plantae","Pink Tea-tree Orchid","exactMatch",
"Phyllurus kabikabi","Phyllurus kabikabi","Oakview Leaf-tailed Gecko","Gekkonidae","Critically Endangered","Critically Endangered","Critically Endangered","","https://biodiversity.org.au/afd/taxa/e2cc6576-d6d6-40a7-9f53-39b60b38403c","Phyllurus kabikabi","Phyllurus","Carphodactylidae","Squamata","Reptilia","Chordata","Animalia","Oakview Leaf-tailed Gecko","exactMatch",
"Macarthuria keigheryi","Macarthuria keigheryi","Keighery's Macarthuria","Molluginaceae","Endangered","Endangered","Endangered","","https://id.biodiversity.org.au/node/apni/2917259","Macarthuria keigheryi","Macarthuria","Limeaceae","Caryophyllales","Equisetopsida","Charophyta","Plantae","Keighery's Macarthuria","exactMatch",
"Androcalva bivillosa","Androcalva bivillosa","Straggling Androcalva","Malvaceae","Critically Endangered","Critically Endangered","Critically Endangered","","https://id.biodiversity.org.au/node/apni/2910929","Androcalva bivillosa","Androcalva","Malvaceae","Malvales","Equisetopsida","Charophyta","Plantae","Straggling Androcalva","exactMatch",
"Eucalyptus glaucina","Eucalyptus glaucina","Slaty Red Gum","Myrtaceae","Vulnerable","Vulnerable","Vulnerable","","https://id.biodiversity.org.au/node/apni/2890884","Eucalyptus glaucina","Eucalyptus","Myrtaceae","Myrtales","Equisetopsida","Charophyta","Plantae","Slaty Red Gum","exactMatch",
"Isoglossa eranthemoides","Isoglossa eranthemoides","Isoglossa","Acanthaceae","Endangered","Endangered","Endangered","","https://id.biodiversity.org.au/node/apni/2898299","Isoglossa eranthemoides","Isoglossa","Acanthaceae","Lamiales","Equisetopsida","Charophyta","Plantae","Isoglossa","exactMatch",
"Galaxias tanycephalus","Galaxias tanycephalus","Saddled Galaxias","Galaxiidae","Vulnerable","Vulnerable","Vulnerable","","https://biodiversity.org.au/afd/taxa/6e30b504-27d6-4e6a-8c6e-67da1bdc12f4","Galaxias tanycephalus","Galaxias","Galaxiidae","Salmoniformes","Actinopterygii","Chordata","Animalia","Saddled Galaxias","exactMatch",
"Euastacus monteithorum","Euastacus monteithorum","Monteith's Crayfish, Monteith's Spiny Crayfish","Parastacidae","Endangered","Endangered","Endangered","","https://biodiversity.org.au/afd/taxa/98792f62-18a2-4a32-aae2-d9a8e48ca9db","Euastacus monteithorum","Euastacus","Parastacidae","Decapoda","Malacostraca","Arthropoda","Animalia",,"exactMatch",
"Ceyx azureus diemenensis","Ceyx azureus diemenensis","Tasmanian Azure Kingfisher","Alcedinidae","Endangered","Endangered","Endangered","","https://biodiversity.org.au/afd/taxa/7584b629-9971-4709-98d9-851477a25613","Ceyx azureus diemenensis","Ceyx","Alcedinidae","Coraciiformes","Aves","Chordata","Animalia","Tasmanian Azure Kingfisher","exactMatch",
"Mirounga leonina","Mirounga leonina","Southern Elephant Seal","Phocidae","Vulnerable","Vulnerable","Vulnerable","","https://biodiversity.org.au/afd/taxa/e6350847-226c-44ad-a5ca-0031443209c9","Mirounga leonina","Mirounga","Phocidae","Carnivora","Mammalia","Chordata","Animalia","Southern Elephant Seal","exactMatch",
"Vappodes lithocola","Vappodes lithocola","Dwarf Butterfly Orchid, Cooktown Orchid","Orchidaceae","Endangered","Endangered","Endangered","","https://id.biodiversity.org.au/taxon/apni/51459598","Dendrobium bigibbum","Dendrobium","Orchidaceae","Asparagales","Equisetopsida","Charophyta","Plantae","Cooktown Orchid","exactMatch",
"Euastacus rieki","Euastacus rieki","Riek's Crayfish","Parastacidae","Endangered","Endangered","Endangered","","https://biodiversity.org.au/afd/taxa/a594b07a-b282-4d60-b5d6-e72db7650721","Euastacus rieki","Euastacus","Parastacidae","Decapoda","Malacostraca","Arthropoda","Animalia",,"exactMatch",
"Eucalyptus taurina","Eucalyptus taurina","Helidon Ironbark","Myrtaceae","Endangered","Endangered","Endangered","","https://id.biodiversity.org.au/node/apni/2914218","Eucalyptus taurina","Eucalyptus","Myrtaceae","Myrtales","Equisetopsida","Charophyta","Plantae","Helidon Ironbark","exactMatch",
"Hakea macrorrhyncha","Hakea macrorrhyncha","-","Proteaceae","Endangered","Endangered","Endangered","","https://id.biodiversity.org.au/taxon/apni/51293444","Hakea macrorrhyncha","Hakea","Proteaceae","Proteales","Equisetopsida","Charophyta","Plantae",,"exactMatch",
"Kumonga exleyi","Kumonga exleyi","Cape Range Remipede","Kumongidae","Vulnerable","Vulnerable","Vulnerable","","https://biodiversity.org.au/afd/taxa/4702b1f3-27eb-4fd1-bbde-18ff251f0586","Kumonga exleyi","Kumonga","Kumongidae","Nectiopoda","Remipedia","Arthropoda","Animalia","Cape Range Remipede","exactMatch",
"Calytrix breviseta subsp. breviseta","Calytrix breviseta subsp. breviseta","Swamp Starflower","Myrtaceae","Endangered","Endangered","Endangered","","https://id.biodiversity.org.au/node/apni/2902495","Calytrix breviseta subsp. breviseta","Calytrix","Myrtaceae","Myrtales","Equisetopsida","Charophyta","Plantae","Swamp Starflower","exactMatch",
"Nannoperca obscura","Nannoperca obscura","Yarra Pygmy Perch","Percichthyidae","Endangered","Endangered","Endangered","","https://biodiversity.org.au/afd/taxa/abf97dfa-7a70-4ba6-8df8-670fd7e0db34","Nannoperca obscura","Nannoperca","Percichthyidae","Perciformes","Actinopterygii","Chordata","Animalia","Yarra Pygmy Perch","exactMatch",
"Egernia roomi","Egernia roomi","Kaputar Rock Skink, Mt Kaputar Rock Skink","Scincidae","Critically Endangered","Critically Endangered","Critically Endangered","","https://biodiversity.org.au/afd/taxa/00c729f6-36a4-440d-85e9-5e9ad83a5ca0","Egernia roomi","Egernia","Scincidae","Squamata","Reptilia","Chordata","Animalia","Kaputar Rock Skink","exactMatch",
"Angophora inopina","Angophora inopina","Charmhaven Apple","Myrtaceae","Vulnerable","Vulnerable","Vulnerable","","https://id.biodiversity.org.au/taxon/apni/51258113","Angophora inopina","Angophora","Myrtaceae","Myrtales","Equisetopsida","Charophyta","Plantae","Charmhaven Apple","exactMatch",
"Phaius pictus","Phaius pictus","-","Orchidaceae","Vulnerable","Vulnerable","Vulnerable","","https://id.biodiversity.org.au/taxon/apni/51407854","Phaius pictus","Phaius","Orchidaceae","Asparagales","Equisetopsida","Charophyta","Plantae",,"exactMatch",
"Platycercus caledonicus brownii","Platycercus caledonicus brownii","Green Rosella (King Island)","Psittacidae","Vulnerable","Vulnerable","Vulnerable","","https://biodiversity.org.au/afd/taxa/343baa6c-e0f2-46c7-80d9-85e843499472","Platycercus (Platycercus) caledonicus brownii","Platycercus","Psittacidae","Psittaciformes","Aves","Chordata","Animalia","King Island Green Rosella","exactMatch",
"Austroablepharus barrylyoni","Austroablepharus barrylyoni","Lyon's Grassland Striped Skink, Lyon's Snake-eyed Skink","Scincidae","Critically Endangered","Critically Endangered","Critically Endangered","","https://biodiversity.org.au/afd/taxa/9e7a332b-a69c-415a-b48d-26cd16fa716d","Austroablepharus barrylyoni","Austroablepharus","Scincidae","Squamata","Reptilia","Chordata","Animalia","Lyon's Soil-crevice Skink","exactMatch",
"Callocephalon fimbriatum","Callocephalon fimbriatum","Gang-gang Cockatoo","Cacatuidae","Endangered","Endangered","Endangered","","https://biodiversity.org.au/afd/taxa/6c646af8-06fb-40ae-83aa-3dd001cc4ea6","Callocephalon fimbriatum","Callocephalon","Cacatuidae","Psittaciformes","Aves","Chordata","Animalia","Gang-gang Cockatoo","exactMatch",
"Leionema ceratogynum","Leionema ceratogynum","-","Rutaceae","Critically Endangered","Critically Endangered","Critically Endangered","","https://id.biodiversity.org.au/node/apni/2887619","Leionema ceratogynum","Leionema","Rutaceae","Sapindales","Equisetopsida","Charophyta","Plantae",,"exactMatch",
"Eucalyptus sturgissiana","Eucalyptus sturgissiana","Ettrema Mallee","Myrtaceae","Endangered","Endangered","Endangered","","https://id.biodiversity.org.au/node/apni/2900460","Eucalyptus sturgissiana","Eucalyptus","Myrtaceae","Myrtales","Equisetopsida","Charophyta","Plantae","Ettrema Mallee","exactMatch",
"Sankowskya stipularis","Sankowskya stipularis","-","Euphorbiaceae","Endangered","Endangered","Endangered","","https://id.biodiversity.org.au/taxon/apni/51768313","Sankowskya stipularis","Sankowskya","Euphorbiaceae","Malpighiales","Equisetopsida","Charophyta","Plantae",,"exactMatch",
"Adclarkia dawsonensis","Adclarkia dawsonensis","Boggomoss Snail, Dawson River Snail, Dawson Valley Snail","Camaenidae","Critically Endangered","Critically Endangered","Critically Endangered","","https://biodiversity.org.au/afd/taxa/49f21752-a75c-4f94-82fb-b3dad2328bbc","Adclarkia dawsonensis","Adclarkia","Camaenidae","Stylommatophora","Gastropoda","Mollusca","Animalia","Boggomoss Snail","exactMatch",
"Caladenia arenaria","Caladenia arenaria","Sand-hill Spider-orchid","Orchidaceae","Endangered","Endangered","Endangered","","https://id.biodiversity.org.au/taxon/apni/51398785","Caladenia arenaria","Caladenia","Orchidaceae","Asparagales","Equisetopsida","Charophyta","Plantae","Sandhill Spiderorchid","exactMatch",
"Pteropus poliocephalus","Pteropus poliocephalus","Grey-headed Flying-fox","Pteropodidae","Vulnerable","Vulnerable","Vulnerable","","https://biodiversity.org.au/afd/taxa/77bcae99-0037-44c6-9769-957a93215eba","Pteropus poliocephalus","Pteropus","Pteropodidae","Chiroptera","Mammalia","Chordata","Animalia","Grey-headed Flying-fox","exactMatch",
"Olearia oliganthema","Olearia oliganthema","-","Asteraceae","Extinct","Extinct","Extinct","","https://id.biodiversity.org.au/node/apni/2919955","Olearia oliganthema","Olearia","Asteraceae","Asterales","Equisetopsida","Charophyta","Plantae",,"exactMatch",
"Persoonia oxycoccoides","Persoonia oxycoccoides","-","Proteaceae","Endangered","Endangered","Endangered","","https://id.biodiversity.org.au/node/apni/2918514","Persoonia oxycoccoides","Persoonia","Proteaceae","Proteales","Equisetopsida","Charophyta","Plantae",,"exactMatch",
"Bertya pinifolia","Bertya pinifolia","a shrub","Euphorbiaceae","Vulnerable","Vulnerable","Vulnerable","","https://id.biodiversity.org.au/node/apni/2895008","Bertya pinifolia","Bertya","Euphorbiaceae","Malpighiales","Equisetopsida","Charophyta","Plantae","Bertya","exactMatch",
"Chaeropus ecaudatus","Chaeropus ecaudatus","Pig-footed Bandicoot, Kanjilpa, Wilalya","Peramelidae","Extinct","Extinct","Extinct","","https://biodiversity.org.au/afd/taxa/83f8084f-9d2a-4a75-8396-e2159d6f7691","Chaeropus ecaudatus","Chaeropus","Chaeropodidae","Peramelemorphia","Mammalia","Chordata","Animalia","Pig-footed Bandicoot","exactMatch",
"Caladenia amnicola","Caladenia amnicola","-","Orchidaceae","Endangered","Endangered","Endangered","","https://id.biodiversity.org.au/taxon/apni/51398767","Caladenia amnicola","Caladenia","Orchidaceae","Asparagales","Equisetopsida","Charophyta","Plantae","Bundarra Spider Orchid","exactMatch",
"Darwinia oxylepis","Darwinia oxylepis","Gillam's Bell","Myrtaceae","Endangered","Endangered","Endangered","","https://id.biodiversity.org.au/taxon/apni/51289614","Darwinia oxylepis","Darwinia","Myrtaceae","Myrtales","Equisetopsida","Charophyta","Plantae","Gillam's Bell","exactMatch",
"Aprasia pseudopulchella","Aprasia pseudopulchella","Flinders Ranges Worm-lizard","Pygopodidae","Vulnerable","Vulnerable","Vulnerable","","https://biodiversity.org.au/afd/taxa/2ab44058-171c-4b04-a8d1-1b2121490df3","Aprasia pseudopulchella","Aprasia","Pygopodidae","Squamata","Reptilia","Chordata","Animalia","Flinders Ranges Worm-lizard","exactMatch",
"Mixophyes iteratus","Mixophyes iteratus","Giant Barred Frog, Southern Barred Frog","Myobatrachidae","Vulnerable","Vulnerable","Vulnerable","","https://biodiversity.org.au/afd/taxa/852443bc-3d46-4c64-a687-e7984db0fa15","Mixophyes iteratus","Mixophyes","Myobatrachidae","Anura","Amphibia","Chordata","Animalia","Southern Barred Frog","exactMatch",
"Bettongia lesueur graii","Bettongia lesueur graii","Boodie (inland), Burrowing Bettong (inland)","Potoroidae","Extinct","Extinct","Extinct","","https://biodiversity.org.au/afd/taxa/b9bd553a-fc19-4cb7-822e-b56023f44181","Bettongia lesueur graii","Bettongia","Potoroidae","Diprotodontia","Mammalia","Chordata","Animalia","Burrowing Bettong","exactMatch",
"Thalassarche salvini","Thalassarche salvini","Salvin's Albatross","Diomedeidae","Vulnerable","Vulnerable","Vulnerable","","https://biodiversity.org.au/afd/taxa/59683019-c7b6-45c4-afd9-cf93947fb7ac","Thalassarche salvini","Thalassarche","Diomedeidae","Procellariiformes","Aves","Chordata","Animalia","Salvin's Albatross","exactMatch",
"Leucopatus anophthalmus","Leucopatus anophthalmus","Blind Velvet Worm","Peripatopsidae","Endangered","Endangered","Endangered","","https://biodiversity.org.au/afd/taxa/4f718b07-6711-4026-8063-df878b23de0a","Leucopatus anophthalmus","Leucopatus","Peripatopsidae",,,"Onychophora","Animalia","Blind Velvet Worm","exactMatch",
"Xeromys myoides","Xeromys myoides","Water Mouse, False Water Rat, Yirrkoo","Muridae","Vulnerable","Vulnerable","Vulnerable","","https://biodiversity.org.au/afd/taxa/b042c17d-27fd-4154-8bdf-519aeb952836","Xeromys myoides","Xeromys","Muridae","Rodentia","Mammalia","Chordata","Animalia","False Water-rat","exactMatch",
"Poranthera petalifera","Poranthera petalifera","Mountain Poranthera","Euphorbiaceae","Vulnerable","Vulnerable","Vulnerable","","https://id.biodiversity.org.au/node/apni/2892010","Poranthera petalifera","Poranthera","Phyllanthaceae","Malpighiales","Equisetopsida","Charophyta","Plantae","Mountain Poranthera","exactMatch",
"Acanthiza iredalei rosinae","Acanthiza iredalei rosinae","Slender-billed Thornbill (Gulf St Vincent)","Pardalotidae","Vulnerable","Vulnerable","Vulnerable","","https://biodiversity.org.au/afd/taxa/83063bdc-cc9b-4028-b664-35c7c0bc65d9","Acanthiza (Geobasileus) iredalei rosinae","Acanthiza","Acanthizidae","Passeriformes","Aves","Chordata","Animalia","Samphire Thornbill","exactMatch",
"Egernia stokesii badia","Egernia stokesii badia","Western Spiny-tailed Skink, Baudin Island Spiny-tailed Skink","Scincidae","Endangered","Endangered","Endangered","","https://biodiversity.org.au/afd/taxa/d760f75c-5c47-47e8-8a07-11906e966c37","Egernia stokesii badia","Egernia","Scincidae","Squamata","Reptilia","Chordata","Animalia","Western Spiny-tailed Skink","exactMatch",
"Leptospermum benwellii","Leptospermum benwellii","-","Myrtaceae","Critically Endangered","Critically Endangered","Critically Endangered","","https://id.biodiversity.org.au/node/apni/2899441","Leptospermum benwellii","Leptospermum","Myrtaceae","Myrtales","Equisetopsida","Charophyta","Plantae",,"exactMatch",
"Calochilus pulchellus","Calochilus pulchellus","Pretty Beard Orchid, Pretty Beard-orchid","Orchidaceae","Endangered","Endangered","Endangered","","https://id.biodiversity.org.au/taxon/apni/51794840","Calochilus pulchellus","Calochilus","Orchidaceae","Asparagales","Equisetopsida","Charophyta","Plantae","Pretty Beard-orchid","exactMatch",
"Grevillea beadleana","Grevillea beadleana","Beadle's Grevillea","Proteaceae","Endangered","Endangered","Endangered","","https://id.biodiversity.org.au/node/apni/2900555","Grevillea beadleana","Grevillea","Proteaceae","Proteales","Equisetopsida","Charophyta","Plantae","Beadle's Grevillea","exactMatch",
"Tetratheca harperi","Tetratheca harperi","Jackson Tetratheca","Elaeocarpaceae","Vulnerable","Vulnerable","Vulnerable","","https://id.biodiversity.org.au/node/apni/2896021","Tetratheca harperi","Tetratheca","Elaeocarpaceae","Oxalidales","Equisetopsida","Charophyta","Plantae","Jackson Tetratheca","exactMatch",
"Prasophyllum innubum","Prasophyllum innubum","Brandy Marys Leek-orchid","Orchidaceae","Critically Endangered","Critically Endangered","Critically Endangered","","https://id.biodiversity.org.au/taxon/apni/51795141","Prasophyllum innubum","Prasophyllum","Orchidaceae","Asparagales","Equisetopsida","Charophyta","Plantae","Brandy Marys Leekorchid","exactMatch",
"Melanodryas cucullata melvillensis","Melanodryas cucullata melvillensis","Tiwi Islands Hooded Robin, Hooded Robin (Tiwi Islands)","Petroicidae","Critically Endangered","Critically Endangered","Critically Endangered","","https://biodiversity.org.au/afd/taxa/2f2ceb96-42de-4259-8a84-a7733ffc14fb","Melanodryas (Melanodryas) cucullata melvillensis","Melanodryas","Petroicidae","Passeriformes","Aves","Chordata","Animalia","Tiwi Hooded Robin","exactMatch",
"Placostylus bivaricosus","Placostylus bivaricosus","Lord Howe Flax Snail, Lord Howe Placostylus","Bulimulidae","Endangered","Endangered","Endangered","","https://biodiversity.org.au/afd/taxa/69f08371-505b-4203-b5e5-9127b6567c37","Placostylus (Maoristylus) bivaricosus","Placostylus","Bothriembryontidae","Stylommatophora","Gastropoda","Mollusca","Animalia","Lord Howe Placostylus","exactMatch",
"Thinornis cucullatus cucullatus","Thinornis cucullatus cucullatus","Eastern Hooded Plover, Eastern Hooded Plover","Charadriidae","Vulnerable","Vulnerable","Vulnerable","","https://biodiversity.org.au/afd/taxa/a1591e76-2f0e-4107-a24d-9263f58b03eb","Thinornis cucullatus cucullatus","Thinornis","Charadriidae","Charadriiformes","Aves","Chordata","Animalia","Eastern Hooded Dotteral","exactMatch",
"Ninox natalis","Ninox natalis","Christmas Island Hawk-Owl, Christmas Boobook","Strigidae","Vulnerable","Vulnerable","Vulnerable","","https://biodiversity.org.au/afd/taxa/d74f38f8-8b2c-41f9-aada-698fb7cc7d44","Ninox (Ninox) natalis","Ninox","Strigidae","Strigiformes","Aves","Chordata","Animalia","Christmas Island Hawk-owl","exactMatch",
"Zieria involucrata","Zieria involucrata","-","Rutaceae","Vulnerable","Vulnerable","Vulnerable","","https://id.biodiversity.org.au/node/apni/2888006","Zieria involucrata","Zieria","Rutaceae","Sapindales","Equisetopsida","Charophyta","Plantae",,"exactMatch",
"Anous tenuirostris melanops","Anous tenuirostris melanops","Australian Lesser Noddy","Laridae","Vulnerable","Vulnerable","Vulnerable","","https://biodiversity.org.au/afd/taxa/64b6b0d7-9358-4e0c-8f28-220f069b0d0e","Anous tenuirostris melanops","Anous","Laridae","Charadriiformes","Aves","Chordata","Animalia","Houtman Abrolhos Lesser Noddy","exactMatch",
"Charadrius mongolus","Charadrius mongolus","Lesser Sand Plover, Mongolian Plover","Charadriidae","Endangered","Endangered","Endangered","","https://biodiversity.org.au/afd/taxa/fe772d84-8028-44b8-8530-c30a9112157e","Charadrius (Charadrius) mongolus","Charadrius","Charadriidae","Charadriiformes","Aves","Chordata","Animalia","Lesser Sand Plover","exactMatch",
"Frankenia decurrens","Frankenia decurrens","Decurrent-leaved Frankenia","Frankeniaceae","Extinct","Extinct","Extinct","","https://id.biodiversity.org.au/node/apni/2912245","Frankenia decurrens","Frankenia","Frankeniaceae","Caryophyllales","Equisetopsida","Charophyta","Plantae","Decurrentleaved Frankenia","exactMatch",
"Correa eburnea","Correa eburnea","Deep Creek Correa","Rutaceae","Endangered","Endangered","Endangered","","https://id.biodiversity.org.au/node/apni/2910182","Correa eburnea","Correa","Rutaceae","Sapindales","Equisetopsida","Charophyta","Plantae","Deep Creek Correa","exactMatch",
"Dendronephthya australis","Dendronephthya australis","Cauliflower Soft Coral","Nephtheidae","Endangered","Endangered","Endangered","","https://biodiversity.org.au/afd/taxa/92c4924d-4646-4f3d-9b21-8bccbb523bf2","Dendronephthya australis","Dendronephthya","Nephtheidae","Alcyonacea","Anthozoa","Cnidaria","Animalia","Cauliflower Soft Coral","exactMatch",
"Eucalyptus articulata","Eucalyptus articulata","Ponton Creek Mallee","Myrtaceae","Vulnerable","Vulnerable","Vulnerable","","https://id.biodiversity.org.au/taxon/apni/51289837","Eucalyptus articulata","Eucalyptus","Myrtaceae","Myrtales","Equisetopsida","Charophyta","Plantae","Ponton Creek Mallee","exactMatch",
"Lasiopetalum sp. Proston (J.A.Baker 17)","Lasiopetalum sp. Proston (J.A.Baker 17)","Proston Lasiopetalum","Sterculiaceae","Critically Endangered","Critically Endangered","Critically Endangered","","https://id.biodiversity.org.au/node/apni/2897945","Lasiopetalum sp. Proston (J.A.Baker 17)","Lasiopetalum","Malvaceae","Malvales","Equisetopsida","Charophyta","Plantae","Proston Lasiopetalum","exactMatch",
"Bertmainius tingle","Bertmainius tingle","Tingle Pygmy Trapdoor Spider","Migidae","Endangered","Endangered","Endangered","","https://biodiversity.org.au/afd/taxa/c529485a-d037-4677-b94b-6a3d2a579dfd","Bertmainius tingle","Bertmainius","Migidae","Araneae","Arachnida","Arthropoda","Animalia","Tingle Pygmy Trapdoor Spider","exactMatch",
"Thryptomene wittweri","Thryptomene wittweri","Mountain Thryptomene","Myrtaceae","Vulnerable","Vulnerable","Vulnerable","","https://id.biodiversity.org.au/node/apni/2892948","Thryptomene wittweri","Thryptomene","Myrtaceae","Myrtales","Equisetopsida","Charophyta","Plantae","Mountain Thryptomene","exactMatch",
"Leptospermum crassifolium","Leptospermum crassifolium","-","Myrtaceae","Critically Endangered","Critically Endangered","Critically Endangered","","https://id.biodiversity.org.au/node/apni/2897055","Leptospermum crassifolium","Leptospermum","Myrtaceae","Myrtales","Equisetopsida","Charophyta","Plantae",,"exactMatch",
"Setonix brachyurus","Setonix brachyurus","Quokka","Macropodidae","Vulnerable","Vulnerable","Vulnerable","","https://biodiversity.org.au/afd/taxa/a2074cb8-e146-452c-b326-e2b583f51cc6","Setonix brachyurus","Setonix","Macropodidae","Diprotodontia","Mammalia","Chordata","Animalia","Quokka","exactMatch",
"Fontainea rostrata","Fontainea rostrata","-","Euphorbiaceae","Vulnerable","Vulnerable","Vulnerable","","https://id.biodiversity.org.au/node/apni/2904989","Fontainea rostrata","Fontainea","Euphorbiaceae","Malpighiales","Equisetopsida","Charophyta","Plantae",,"exactMatch",
"Stagonopleura guttata","Stagonopleura guttata","Diamond Firetail","Passeridae","Vulnerable","Vulnerable","Vulnerable","","https://biodiversity.org.au/afd/taxa/6e872b58-55d1-443c-a30e-0d90a57e3240","Stagonopleura (Stagonopleura) guttata","Stagonopleura","Estrildidae","Passeriformes","Aves","Chordata","Animalia","Diamond Firetail","exactMatch",
"Euastacus guruhgi","Euastacus guruhgi","Swollen Crayfish","Parastacidae","Critically Endangered","Critically Endangered","Critically Endangered","","https://biodiversity.org.au/afd/taxa/78f90c37-493d-4df6-9915-51abbff8334d","Euastacus guruhgi","Euastacus","Parastacidae","Decapoda","Malacostraca","Arthropoda","Animalia",,"exactMatch",
"Philoria knowlesi","Philoria knowlesi","Mount Ballow Mountain Frog","Limnodynastidae","Endangered","Endangered","Endangered","","https://biodiversity.org.au/afd/taxa/4a07d197-6949-4954-9463-3d78b6e3e52e","Philoria knowlesi","Philoria","Limnodynastidae","Anura","Amphibia","Chordata","Animalia","Mount Ballow Mountain Frog","exactMatch",
"Solanum karsense","Solanum karsense","Menindee Nightshade","Solanaceae","Vulnerable","Vulnerable","Vulnerable","","https://id.biodiversity.org.au/node/apni/2892552","Solanum karsense","Solanum","Solanaceae","Solanales","Equisetopsida","Charophyta","Plantae","Menindee Nightshade","exactMatch",
"Callistemon wimmerensis","Callistemon wimmerensis","Wimmera Bottlebrush","Myrtaceae","Critically Endangered","Critically Endangered","Critically Endangered","","https://id.biodiversity.org.au/node/apni/2908188","Callistemon wimmerensis","Callistemon","Myrtaceae","Myrtales","Equisetopsida","Charophyta","Plantae","Wimmera Bottlebrush","exactMatch",
"Sannantha tozerensis","Sannantha tozerensis","a shrub","Myrtaceae","Vulnerable","Vulnerable","Vulnerable","","https://id.biodiversity.org.au/node/apni/2918566","Sannantha tozerensis","Sannantha","Myrtaceae","Myrtales","Equisetopsida","Charophyta","Plantae","A Shrub","exactMatch",
"Aquila audax fleayi","Aquila audax fleayi","Tasmanian Wedge-tailed Eagle, Wedge-tailed Eagle (Tasmanian)","Accipitridae","Endangered","Endangered","Endangered","","https://biodiversity.org.au/afd/taxa/ac93f7f0-0686-4589-801a-5832378cb7c1","Aquila (Uroaetus) audax fleayi","Aquila","Accipitridae","Accipitriformes","Aves","Chordata","Animalia","Tasmanian Wedge-tailed Eagle","exactMatch",
"Polytelis anthopeplus monarchoides","Polytelis anthopeplus monarchoides","Regent Parrot (eastern)","Psittacidae","Vulnerable","Vulnerable","Vulnerable","","https://biodiversity.org.au/afd/taxa/1958a1ff-0233-4257-9f8c-032dcadb6fea","Polytelis anthopeplus monarchoides","Polytelis","Psittacidae","Psittaciformes","Aves","Chordata","Animalia","Eastern Regent Parrot","exactMatch",
"Pseudomys glaucus","Pseudomys glaucus","Blue-grey Mouse","Muridae","Extinct","Extinct","Extinct","","https://biodiversity.org.au/afd/taxa/06df1905-d2a1-464b-a25b-12623cfab707","Pseudomys glaucus","Pseudomys","Muridae","Rodentia","Mammalia","Chordata","Animalia","Blue-grey Mouse","exactMatch",
"Acacia prismifolia","Acacia prismifolia","Diels' Wattle","Fabaceae","Critically Endangered","Critically Endangered","Critically Endangered","","https://id.biodiversity.org.au/node/apni/2896935","Acacia prismifolia","Acacia","Fabaceae","Fabales","Equisetopsida","Charophyta","Plantae","Diels' Wattle","exactMatch",
"Kennedia retrorsa","Kennedia retrorsa","-","Fabaceae","Vulnerable","Vulnerable","Vulnerable","","https://id.biodiversity.org.au/node/apni/2887916","Kennedia retrorsa","Kennedia","Fabaceae","Fabales","Equisetopsida","Charophyta","Plantae",,"exactMatch",
"Leucopogon sp. Coolmunda (D.Halford Q1635)","Leucopogon sp. Coolmunda (D.Halford Q1635)","-","Ericaceae","Endangered","Endangered","Endangered","","https://id.biodiversity.org.au/taxon/apni/51767880","Styphelia sp. Coolmunda (D.Halford Q1635)","Styphelia","Ericaceae","Ericales","Equisetopsida","Charophyta","Plantae",,"exactMatch",
"Pneumatopteris truncata","Pneumatopteris truncata","fern","Thelypteridaceae","Critically Endangered","Critically Endangered","Critically Endangered","","https://id.biodiversity.org.au/node/apni/2887823","Pneumatopteris truncata","Pneumatopteris","Thelypteridaceae","Polypodiales","Equisetopsida","Charophyta","Plantae","Fern","exactMatch",
"Paralucia pyrodiscus lucida","Paralucia pyrodiscus lucida","Eltham Copper Butterfly","Lycaenidae","Endangered","Endangered","Endangered","","https://biodiversity.org.au/afd/taxa/1b34b331-a8df-4919-9b09-a2f1905c5abe","Paralucia pyrodiscus lucida","Paralucia","Lycaenidae","Lepidoptera","Insecta","Arthropoda","Animalia","Eltham Copper Butterfly","exactMatch",
"Acacia forsteri","Acacia forsteri","-","Fabaceae","Critically Endangered","Critically Endangered","Critically Endangered","","https://id.biodiversity.org.au/taxon/apni/51770529","Acacia forsteri","Acacia","Fabaceae","Fabales","Equisetopsida","Charophyta","Plantae","Forster's Wattle","exactMatch",
"Sarcochilus hirticalcar","Sarcochilus hirticalcar","-","Orchidaceae","Vulnerable","Vulnerable","Vulnerable","","https://id.biodiversity.org.au/taxon/apni/51413239","Sarcochilus hirticalcar","Sarcochilus","Orchidaceae","Asparagales","Equisetopsida","Charophyta","Plantae","Harlequin Orchid","exactMatch",
"Pomaderris sericea","Pomaderris sericea","Bent Pomaderris","Rhamnaceae","Critically Endangered","Critically Endangered","Critically Endangered","","https://id.biodiversity.org.au/node/apni/2914940","Pomaderris sericea","Pomaderris","Rhamnaceae","Rosales","Equisetopsida","Charophyta","Plantae","Silky Pomaderris","exactMatch",
"Tyto novaehollandiae castanops (Tasmanian population)","Tyto novaehollandiae castanops (Tasmanian population)","Masked Owl (Tasmanian)","Tytonidae","Vulnerable","Vulnerable","Vulnerable","","https://biodiversity.org.au/afd/taxa/2c30d58b-572b-4dab-8644-b222c28eb0ec","Tyto novaehollandiae castanops","Tyto","Tytonidae","Strigiformes","Aves","Chordata","Animalia","Tasmanian Masked Owl","exactMatch",
"Acriopsis emarginata","Acriopsis emarginata","Pale Chandelier Orchid","Orchidaceae","Vulnerable","Vulnerable","Vulnerable","","https://id.biodiversity.org.au/taxon/apni/51395430","Acriopsis emarginata","Acriopsis","Orchidaceae","Asparagales","Equisetopsida","Charophyta","Plantae","Pale Chandelier Orchid","exactMatch",
"Clausena excavata","Clausena excavata","-","Rutaceae","Critically Endangered","Critically Endangered","Critically Endangered","","https://id.biodiversity.org.au/taxon/apni/51264674","Clausena excavata","Clausena","Rutaceae","Sapindales","Equisetopsida","Charophyta","Plantae",,"exactMatch",
"Caladenia richardsiorum","Caladenia richardsiorum","Little Dip Spider-orchid","Orchidaceae","Endangered","Endangered","Endangered","","https://id.biodiversity.org.au/taxon/apni/51794821","Caladenia richardsiorum","Caladenia","Orchidaceae","Asparagales","Equisetopsida","Charophyta","Plantae","Little Dip Spiderorchid","exactMatch",
"Grevillea dryandroides subsp. hirsuta","Grevillea dryandroides subsp. hirsuta","Hairy Phalanx Grevillea","Proteaceae","Endangered","Endangered","Endangered","","https://id.biodiversity.org.au/node/apni/2894695","Grevillea dryandroides subsp. hirsuta","Grevillea","Proteaceae","Proteales","Equisetopsida","Charophyta","Plantae","Hairy Phalanx Grevillea","exactMatch",
"Taudactylus acutirostris","Taudactylus acutirostris","Sharp-snouted Day Frog, Sharp-snouted Torrent Frog","Myobatrachidae","Extinct","Extinct","Extinct","","https://biodiversity.org.au/afd/taxa/01c82abd-dd9c-43e4-a4db-f5c0c6e5ff46","Taudactylus acutirostris","Taudactylus","Myobatrachidae","Anura","Amphibia","Chordata","Animalia","Sharp-nosed Torrent Frog","exactMatch",
"Prasophyllum tunbridgense","Prasophyllum tunbridgense","Tunbridge Leek-orchid","Orchidaceae","Endangered","Endangered","Endangered","","https://id.biodiversity.org.au/taxon/apni/51795343","Prasophyllum tunbridgense","Prasophyllum","Orchidaceae","Asparagales","Equisetopsida","Charophyta","Plantae","Tunbridge Leekorchid","exactMatch",
"Triunia robusta","Triunia robusta","Glossy Spice Bush","Proteaceae","Endangered","Endangered","Endangered","","https://id.biodiversity.org.au/taxon/apni/51293572","Triunia robusta","Triunia","Proteaceae","Proteales","Equisetopsida","Charophyta","Plantae","Glossy Spice Bush","exactMatch",
"Anthosachne kingiana subsp. kingiana","Anthosachne kingiana subsp. kingiana","Phillip Island Wheat Grass","Poaceae","Critically Endangered","Critically Endangered","Critically Endangered","","https://id.biodiversity.org.au/taxon/apni/51291193","Anthosachne kingiana subsp. kingiana","Anthosachne","Poaceae","Poales","Equisetopsida","Charophyta","Plantae","Phillip Island Wheat Grass","exactMatch",
"Eremophila vernicosa","Eremophila vernicosa","Resinous Poverty Bush","Myoporaceae","Vulnerable","Vulnerable","Vulnerable","","https://id.biodiversity.org.au/node/apni/2886966","Eremophila vernicosa","Eremophila","Scrophulariaceae","Lamiales","Equisetopsida","Charophyta","Plantae","Resinous Poverty Bush","exactMatch",
"Thomasia sp. Green Hill (S.Paust 1322)","Thomasia sp. Green Hill (S.Paust 1322)","Green Hill Thomasia","Sterculiaceae","Endangered","Endangered","Endangered","","https://id.biodiversity.org.au/node/apni/2902878","Thomasia sp. Green Hill (S.Paust 1322)","Thomasia","Malvaceae","Malvales","Equisetopsida","Charophyta","Plantae",,"exactMatch",
"Perameles papillon","Perameles papillon","Butterfly Bandicoot, Nullarbor Barred Bandicoot","Peramelidae","Extinct","Extinct","Extinct","","https://biodiversity.org.au/afd/taxa/38c54e96-231d-46bb-b695-55a1062aa396","Perameles papillon","Perameles","Peramelidae","Peramelemorphia","Mammalia","Chordata","Animalia","Nullarbor Barred Bandicoot","exactMatch",
"Hakea megalosperma","Hakea megalosperma","Lesueur Hakea","Proteaceae","Vulnerable","Vulnerable","Vulnerable","","https://id.biodiversity.org.au/node/apni/2897509","Hakea megalosperma","Hakea","Proteaceae","Proteales","Equisetopsida","Charophyta","Plantae","Lesueur Hakea","exactMatch",
"Thalassarche chrysostoma","Thalassarche chrysostoma","Grey-headed Albatross","Diomedeidae","Endangered","Endangered","Endangered","","https://biodiversity.org.au/afd/taxa/7dccf8d0-d4cb-4c64-ac85-93d52190e9e4","Thalassarche chrysostoma","Thalassarche","Diomedeidae","Procellariiformes","Aves","Chordata","Animalia","Grey-headed Albatross","exactMatch",
"Galaxias sp. nov. 'Yalmy'","Galaxias sp. nov. 'Yalmy'","Yalmy Galaxias","Galaxiidae","Critically Endangered","Critically Endangered","Critically Endangered","","ALA_DR30474_468","Galaxias sp. nov. 'Yalmy'","Galaxias","Galaxiidae","Salmoniformes","Actinopterygii","Chordata","Animalia",,"exactMatch",
"Myrmecodia beccarii","Myrmecodia beccarii","Ant Plant","Rubiaceae","Vulnerable","Vulnerable","Vulnerable","","https://id.biodiversity.org.au/node/apni/2902693","Myrmecodia beccarii","Myrmecodia","Rubiaceae","Gentianales","Equisetopsida","Charophyta","Plantae","Ant Plant","exactMatch",
"Westringia kydrensis","Westringia kydrensis","-","Lamiaceae","Endangered","Endangered","Endangered","","https://id.biodiversity.org.au/node/apni/2892271","Westringia kydrensis","Westringia","Lamiaceae","Lamiales","Equisetopsida","Charophyta","Plantae","Kydra Westringia","exactMatch",
"Eucalyptus nicholii","Eucalyptus nicholii","Narrow-leaved Peppermint, Narrow-leaved Black Peppermint","Myrtaceae","Vulnerable","Vulnerable","Vulnerable","","https://id.biodiversity.org.au/node/apni/2897969","Eucalyptus nicholii","Eucalyptus","Myrtaceae","Myrtales","Equisetopsida","Charophyta","Plantae","Narrow-leaved Black Peppermint","exactMatch",
"Vanda hindsii","Vanda hindsii","Cape York Vanda","Orchidaceae","Vulnerable","Vulnerable","Vulnerable","","https://id.biodiversity.org.au/taxon/apni/51414560","Vanda hindsii","Vanda","Orchidaceae","Asparagales","Equisetopsida","Charophyta","Plantae","Cape York Vanda","exactMatch",
"Typhonium jonesii","Typhonium jonesii","a herb","Araceae","Endangered","Endangered","Endangered","","https://id.biodiversity.org.au/node/apni/2904931","Typhonium jonesii","Typhonium","Araceae","Alismatales","Equisetopsida","Charophyta","Plantae","Typhonium","exactMatch",
"Daviesia elongata subsp. elongata","Daviesia elongata subsp. elongata","Long-leaved Daviesia","Fabaceae","Vulnerable","Vulnerable","Vulnerable","","https://id.biodiversity.org.au/node/apni/2910392","Daviesia elongata subsp. elongata","Daviesia","Fabaceae","Fabales","Equisetopsida","Charophyta","Plantae",,"exactMatch",
"Lastreopsis walleri","Lastreopsis walleri","a fern","Dryopteridaceae","Vulnerable","Vulnerable","Vulnerable","","https://id.biodiversity.org.au/node/apni/2892120","Lastreopsis walleri","Lastreopsis","Dryopteridaceae","Polypodiales","Equisetopsida","Charophyta","Plantae","A Fern","exactMatch",
"Sphyrna lewini","Sphyrna lewini","Scalloped Hammerhead","Sphyrnidae","Conservation Dependent","Conservation Dependent","Conservation Dependent","","https://biodiversity.org.au/afd/taxa/3deb7140-b57f-4c54-a55a-4c2e5770dea4","Sphyrna lewini","Sphyrna","Sphyrnidae","Carcharhiniformes","Chondrichthyes","Chordata","Animalia","Scalloped Hammerhead","exactMatch",
"Vappodes phalaenopsis","Vappodes phalaenopsis","Cooktown Orchid","Orchidaceae","Vulnerable","Vulnerable","Vulnerable","","https://id.biodiversity.org.au/taxon/apni/51459598","Dendrobium bigibbum","Dendrobium","Orchidaceae","Asparagales","Equisetopsida","Charophyta","Plantae","Cooktown Orchid","exactMatch",
"Euphrasia eichleri","Euphrasia eichleri","Bogong Eyebright","Scrophulariaceae","Vulnerable","Vulnerable","Vulnerable","","https://id.biodiversity.org.au/node/apni/2892829","Euphrasia eichleri","Euphrasia","Scrophulariaceae","Lamiales","Equisetopsida","Charophyta","Plantae","Bogong Eyebright","exactMatch",
"Prasophyllum castaneum","Prasophyllum castaneum","Chestnut Leek-orchid","Orchidaceae","Critically Endangered","Critically Endangered","Critically Endangered","","https://id.biodiversity.org.au/taxon/apni/51795032","Prasophyllum castaneum","Prasophyllum","Orchidaceae","Asparagales","Equisetopsida","Charophyta","Plantae","Chestnut Leekorchid","exactMatch",
"Pimelea spinescens subsp. pubiflora","Pimelea spinescens subsp. pubiflora","Wimmera Rice-flower","Thymelaeaceae","Critically Endangered","Critically Endangered","Critically Endangered","","https://id.biodiversity.org.au/node/apni/2900239","Pimelea spinescens subsp. pubiflora","Pimelea","Thymelaeaceae","Malvales","Equisetopsida","Charophyta","Plantae","Wimmera Rice-flower","exactMatch",
"Eryngium fontanum","Eryngium fontanum","Blue Devil","Apiaceae","Endangered","Endangered","Endangered","","https://id.biodiversity.org.au/node/apni/2907131","Eryngium fontanum","Eryngium","Apiaceae","Apiales","Equisetopsida","Charophyta","Plantae","Blue Devil","exactMatch",
"Saltuarius wyberba","Saltuarius wyberba","Granite Leaf-tailed Gecko","Carphodactylidae","Endangered","Endangered","Endangered","","https://biodiversity.org.au/afd/taxa/90f703ab-4732-4c2e-8d8f-80beea975179","Saltuarius wyberba","Saltuarius","Carphodactylidae","Squamata","Reptilia","Chordata","Animalia","Granite Leaf-tailed Gecko","exactMatch",
"Caladenia fulva","Caladenia fulva","Tawny Spider-orchid","Orchidaceae","Endangered","Endangered","Endangered","","https://id.biodiversity.org.au/taxon/apni/51399036","Caladenia fulva","Caladenia","Orchidaceae","Asparagales","Equisetopsida","Charophyta","Plantae","Tawny Spider-orchid","exactMatch",
"Grevillea floripendula","Grevillea floripendula","Drooping Grevillea, Ben Major Grevillea","Proteaceae","Vulnerable","Vulnerable","Vulnerable","","https://id.biodiversity.org.au/node/apni/2920647","Grevillea floripendula","Grevillea","Proteaceae","Proteales","Equisetopsida","Charophyta","Plantae","Ben Major Grevillea","exactMatch",
"Ardenna grisea","Ardenna grisea","Sooty Shearwater","Procellariidae","Vulnerable","Vulnerable","Vulnerable","","https://biodiversity.org.au/afd/taxa/b3e019a8-14ef-4490-a1e9-0b9f04d53a75","Ardenna grisea","Ardenna","Procellariidae","Procellariiformes","Aves","Chordata","Animalia","Sooty Shearwater","exactMatch",
"Diuris drummondii","Diuris drummondii","Tall Donkey Orchid","Orchidaceae","Vulnerable","Vulnerable","Vulnerable","","https://id.biodiversity.org.au/taxon/apni/51404213","Diuris drummondii","Diuris","Orchidaceae","Asparagales","Equisetopsida","Charophyta","Plantae","Tall Donkey Orchid","exactMatch",
"Leptomeria dielsiana","Leptomeria dielsiana","Diels' Currant Bush","Santalaceae","Vulnerable","Vulnerable","Vulnerable","","https://id.biodiversity.org.au/node/apni/2910840","Leptomeria dielsiana","Leptomeria","Santalaceae","Santalales","Equisetopsida","Charophyta","Plantae","Diel's Currant Bush","exactMatch",
"Coprosma pilosa","Coprosma pilosa","Mountain Coprosma","Rubiaceae","Endangered","Endangered","Endangered","","https://id.biodiversity.org.au/node/apni/2912364","Coprosma pilosa","Coprosma","Rubiaceae","Gentianales","Equisetopsida","Charophyta","Plantae","Mountain Coprosma","exactMatch",
"Perameles notina","Perameles notina","South-eastern Striped Bandicoot","Peramelidae","Extinct","Extinct","Extinct","","https://biodiversity.org.au/afd/taxa/b67cc91b-b9f7-4755-b474-63bbb3a55fcb","Perameles notina","Perameles","Peramelidae","Peramelemorphia","Mammalia","Chordata","Animalia","South-eastern Striped Bandicoot","exactMatch",
"Elaeocarpus williamsianus","Elaeocarpus williamsianus","Hairy Quandong","Elaeocarpaceae","Endangered","Endangered","Endangered","","https://id.biodiversity.org.au/node/apni/2906669","Elaeocarpus williamsianus","Elaeocarpus","Elaeocarpaceae","Oxalidales","Equisetopsida","Charophyta","Plantae","Hairy Quandong","exactMatch",
"Stipiturus malachurus intermedius","Stipiturus malachurus intermedius","Fleurieu Peninsula Southern Emu-wren, Mount Lofty Southern Emu-wren","Maluridae","Endangered","Endangered","Endangered","","https://biodiversity.org.au/afd/taxa/21ec5581-bdb0-4e4d-8099-622f441a0ce0","Stipiturus malachurus intermedius","Stipiturus","Maluridae","Passeriformes","Aves","Chordata","Animalia","Mount Lofty Ranges Southern Emu-wren","exactMatch",
"Grantiella picta","Grantiella picta","Painted Honeyeater","Meliphagidae","Vulnerable","Vulnerable","Vulnerable","","https://biodiversity.org.au/afd/taxa/6dad05af-065a-4b0f-ac18-ff00331a3f3e","Grantiella picta","Grantiella","Meliphagidae","Passeriformes","Aves","Chordata","Animalia","Painted Honeyeater","exactMatch",
"Haloragis exalata subsp. velutina","Haloragis exalata subsp. velutina","Tall Velvet Sea-berry","Haloragaceae","Vulnerable","Vulnerable","Vulnerable","","https://id.biodiversity.org.au/node/apni/2903322","Haloragis exalata subsp. velutina","Haloragis","Haloragaceae","Saxifragales","Equisetopsida","Charophyta","Plantae","Tall Velvet Sea-berry","exactMatch",
"Scaturiginichthys vermeilipinnis","Scaturiginichthys vermeilipinnis","Redfin Blue Eye, Redfin Blue-eye","Pseudomugilidae","Endangered","Endangered","Endangered","","https://biodiversity.org.au/afd/taxa/df4e5f69-d850-4d5b-8182-b525024c2902","Scaturiginichthys vermeilipinnis","Scaturiginichthys","Pseudomugilidae","Atheriniformes","Actinopterygii","Chordata","Animalia","Redfin Blue Eye","exactMatch",
"Leptospermum deanei","Leptospermum deanei","Deane's Tea-tree","Myrtaceae","Vulnerable","Vulnerable","Vulnerable","","https://id.biodiversity.org.au/node/apni/2909909","Leptospermum deanei","Leptospermum","Myrtaceae","Myrtales","Equisetopsida","Charophyta","Plantae","Deane's Teatree","exactMatch",
"Ozothamnus selaginoides","Ozothamnus selaginoides","Clubmoss Everlasting, Table Mountain Daisy Bush","Asteraceae","Extinct","Extinct","Extinct","","https://id.biodiversity.org.au/node/apni/2886055","Ozothamnus selaginoides","Ozothamnus","Asteraceae","Asterales","Equisetopsida","Charophyta","Plantae","Table Mountain Daisy Bush","exactMatch",
"Ptilotus uncinellus","Ptilotus uncinellus","-","Amaranthaceae","Endangered","Endangered","Endangered","","https://id.biodiversity.org.au/taxon/apni/51735798","Ptilotus uncinellus","Ptilotus","Amaranthaceae","Caryophyllales","Equisetopsida","Charophyta","Plantae",,"exactMatch",
"Aponogeton bullosus","Aponogeton bullosus","-","Aponogetonaceae","Endangered","Endangered","Endangered","","https://id.biodiversity.org.au/node/apni/2890583","Aponogeton bullosus","Aponogeton","Aponogetonaceae","Alismatales","Equisetopsida","Charophyta","Plantae","North Queensland Lace Plant","exactMatch",
"Drakaea micrantha","Drakaea micrantha","Dwarf Hammer-orchid","Orchidaceae","Vulnerable","Vulnerable","Vulnerable","","https://id.biodiversity.org.au/taxon/apni/51404663","Drakaea micrantha","Drakaea","Orchidaceae","Asparagales","Equisetopsida","Charophyta","Plantae","Dwarf Hammer Orchid","exactMatch",
"Phebalium distans","Phebalium distans","Mt Berryman Phebalium","Rutaceae","Endangered","Endangered","Endangered","","https://id.biodiversity.org.au/node/apni/2908293","Phebalium distans","Phebalium","Rutaceae","Sapindales","Equisetopsida","Charophyta","Plantae","Mt Berryman Phebalium","exactMatch",
"Pseudomys oralis","Pseudomys oralis","Hastings River Mouse, Koontoo","Muridae","Endangered","Endangered","Endangered","","https://biodiversity.org.au/afd/taxa/146c2075-050b-4395-8c8d-9ad756726bb5","Pseudomys oralis","Pseudomys","Muridae","Rodentia","Mammalia","Chordata","Animalia","Hastings River Mouse","exactMatch",
"Caladenia orientalis","Caladenia orientalis","Eastern Spider Orchid","Orchidaceae","Endangered","Endangered","Endangered","","https://id.biodiversity.org.au/taxon/apni/51399231","Caladenia orientalis","Caladenia","Orchidaceae","Asparagales","Equisetopsida","Charophyta","Plantae","Eastern Spider Orchid","exactMatch",
"Corybas sulcatus","Corybas sulcatus","Grooved Helmet-orchid","Orchidaceae","Critically Endangered","Critically Endangered","Critically Endangered","","https://id.biodiversity.org.au/taxon/apni/51401069","Corybas sulcatus","Corybas","Orchidaceae","Asparagales","Equisetopsida","Charophyta","Plantae","Grooved Helmetorchid","exactMatch",
"Andersonia annelsii","Andersonia annelsii","-","Ericaceae","Critically Endangered","Critically Endangered","Critically Endangered","","https://id.biodiversity.org.au/node/apni/2902466","Andersonia annelsii","Andersonia","Ericaceae","Ericales","Equisetopsida","Charophyta","Plantae",,"exactMatch",
"Carcharias taurus (east coast population)","Carcharias taurus (east coast population)","Grey Nurse Shark (east coast population)","Carcharhinidae","Critically Endangered","Critically Endangered","Critically Endangered","","ALA_DR30474_704","Carcharias taurus (east coast population)","Carcharias","Odontaspididae","Lamniformes","Chondrichthyes","Chordata","Animalia","Grey Nurse Shark","exactMatch",
"Persoonia micranthera","Persoonia micranthera","Small-flowered Snottygobble","Proteaceae","Critically Endangered","Critically Endangered","Critically Endangered","","https://id.biodiversity.org.au/node/apni/7829750","Persoonia micranthera","Persoonia","Proteaceae","Proteales","Equisetopsida","Charophyta","Plantae","Smallflowered Snottygobble","exactMatch",
"Pericryptodrilus nanus","Pericryptodrilus nanus","Lord Howe Earthworm","Megascolecidae","Critically Endangered","Critically Endangered","Critically Endangered","","https://biodiversity.org.au/afd/taxa/1f730244-0cb9-48a3-ae85-1ff760e37f81","Pericryptodrilus nanus","Pericryptodrilus","Megascolecidae","Crassiclitellata","Clitellata","Annelida","Animalia","Lord Howe Earthworm","exactMatch",
"Calyptorhynchus latirostris","Calyptorhynchus latirostris","Carnaby's Cockatoo,  Short-billed Black-Cockatoo","Cacatuidae","Endangered","Endangered","Endangered","","https://biodiversity.org.au/afd/taxa/4072e7ce-7ca4-4112-a9fa-c49a0f0ddd4d","Zanda latirostris","Zanda","Cacatuidae","Psittaciformes","Aves","Chordata","Animalia","Short-billed Black-cockatoo","exactMatch",
"Acacia anomala","Acacia anomala","Grass Wattle, Chittering Grass Wattle","Fabaceae","Vulnerable","Vulnerable","Vulnerable","","https://id.biodiversity.org.au/node/apni/2914483","Acacia anomala","Acacia","Fabaceae","Fabales","Equisetopsida","Charophyta","Plantae","Grass Wattle","exactMatch",
"Diuris aequalis","Diuris aequalis","Buttercup Doubletail","Orchidaceae","Endangered","Endangered","Endangered","","https://id.biodiversity.org.au/taxon/apni/51404157","Diuris aequalis","Diuris","Orchidaceae","Asparagales","Equisetopsida","Charophyta","Plantae","Buttercup Doubletail","exactMatch",
"Hipposideros semoni","Hipposideros semoni","Semon's Leaf-nosed Bat, Greater Wart-nosed Horseshoe-bat","Hipposideridae","Vulnerable","Vulnerable","Vulnerable","","https://biodiversity.org.au/afd/taxa/1b98dfce-7d28-4513-a6f4-c9b95e760503","Hipposideros semoni","Hipposideros","Hipposideridae","Chiroptera","Mammalia","Chordata","Animalia","Semon's Leaf-nosed Bat","exactMatch",
"Thynninorchis nothofagicola","Thynninorchis nothofagicola","Myrtle Elbow Orchid","Orchidaceae","Critically Endangered","Critically Endangered","Critically Endangered","","https://id.biodiversity.org.au/taxon/apni/51414497","Thynninorchis nothofagicola","Thynninorchis","Orchidaceae","Asparagales","Equisetopsida","Charophyta","Plantae","Myrtle Elbow Orchid","exactMatch",
"Banksia goodii","Banksia goodii","Good's Banksia","Proteaceae","Vulnerable","Vulnerable","Vulnerable","","https://id.biodiversity.org.au/node/apni/2889114","Banksia goodii","Banksia","Proteaceae","Proteales","Equisetopsida","Charophyta","Plantae","Good's Banksia","exactMatch",
"Calidris ferruginea","Calidris ferruginea","Curlew Sandpiper","Scolopacidae","Critically Endangered","Critically Endangered","Critically Endangered","","https://biodiversity.org.au/afd/taxa/e6ea1087-ce34-4cf8-be85-546a9d732965","Calidris (Erolia) ferruginea","Calidris","Scolopacidae","Charadriiformes","Aves","Chordata","Animalia","Curlew Sandpiper","exactMatch",
"Logania diffusa","Logania diffusa","-","Loganiaceae","Vulnerable","Vulnerable","Vulnerable","","https://id.biodiversity.org.au/node/apni/2903012","Logania diffusa","Logania","Loganiaceae","Gentianales","Equisetopsida","Charophyta","Plantae",,"exactMatch",
"Lepidium aschersonii","Lepidium aschersonii","Spiny Peppercress","Brassicaceae","Vulnerable","Vulnerable","Vulnerable","","https://id.biodiversity.org.au/node/apni/2919081","Lepidium aschersonii","Lepidium","Brassicaceae","Brassicales","Equisetopsida","Charophyta","Plantae","Spiny Peppercress","exactMatch",
"Leucopogon sp. Flynn (F.Hort, J.Hort & A.Lowrie 859)","Leucopogon sp. Flynn (F.Hort, J.Hort & A.Lowrie 859)","-","Ericaceae","Critically Endangered","Critically Endangered","Critically Endangered","","https://id.biodiversity.org.au/taxon/apni/51767560","Styphelia capillaris","Styphelia","Ericaceae","Ericales","Equisetopsida","Charophyta","Plantae","Horts' Styphelia","exactMatch",
"Pultenaea elusa","Pultenaea elusa","Elusive Bush-pea","Fabaceae","Endangered","Endangered","Endangered","","https://id.biodiversity.org.au/node/apni/2921308","Pultenaea elusa","Pultenaea","Fabaceae","Fabales","Equisetopsida","Charophyta","Plantae","Elusive Bush-pea","exactMatch",
"Marginaster littoralis","Marginaster littoralis","Derwent River Seastar","Poraniidae","Critically Endangered","Critically Endangered","Critically Endangered","","https://biodiversity.org.au/afd/taxa/8dfd949e-d8a4-4042-9ddd-f3cb3ca2a73f","Patiriella littoralis","Patiriella","Asterinidae","Valvatida","Asteroidea","Echinodermata","Animalia",,"exactMatch",
"Acacia enterocarpa","Acacia enterocarpa","Jumping-jack Wattle","Fabaceae","Endangered","Endangered","Endangered","","https://id.biodiversity.org.au/node/apni/2901643","Acacia enterocarpa","Acacia","Fabaceae","Fabales","Equisetopsida","Charophyta","Plantae","Jumping-jack Wattle","exactMatch",
"Eucalyptus macarthurii","Eucalyptus macarthurii","Camden Woollybutt, Paddys River Box","Myrtaceae","Endangered","Endangered","Endangered","","https://id.biodiversity.org.au/node/apni/2903954","Eucalyptus macarthurii","Eucalyptus","Myrtaceae","Myrtales","Equisetopsida","Charophyta","Plantae","Camden Woollybutt","exactMatch",
"Prostanthera schultzii","Prostanthera schultzii","-","Lamiaceae","Vulnerable","Vulnerable","Vulnerable","","https://id.biodiversity.org.au/node/apni/2897067","Prostanthera schultzii","Prostanthera","Lamiaceae","Lamiales","Equisetopsida","Charophyta","Plantae","Wrixonia","exactMatch",
"Eucalyptus beaniana","Eucalyptus beaniana","Bean's Ironbark","Myrtaceae","Vulnerable","Vulnerable","Vulnerable","","https://id.biodiversity.org.au/node/apni/2906151","Eucalyptus beaniana","Eucalyptus","Myrtaceae","Myrtales","Equisetopsida","Charophyta","Plantae","Bean's Ironbark","exactMatch",
"Andersonia gracilis","Andersonia gracilis","Slender Andersonia","Epacridaceae","Endangered","Endangered","Endangered","","https://id.biodiversity.org.au/node/apni/2913332","Andersonia gracilis","Andersonia","Ericaceae","Ericales","Equisetopsida","Charophyta","Plantae","Slender Andersonia","exactMatch",
"Conilurus albipes","Conilurus albipes","White-footed Rabbit-rat, Parroo, White-footed Tree-rat","Muridae","Extinct","Extinct","Extinct","","https://biodiversity.org.au/afd/taxa/26661cf7-c6ef-428a-8663-37ea8b94eec7","Conilurus albipes","Conilurus","Muridae","Rodentia","Mammalia","Chordata","Animalia","White-footed Rabbit-rat","exactMatch",
"Acacia attenuata","Acacia attenuata","-","Fabaceae","Vulnerable","Vulnerable","Vulnerable","","https://id.biodiversity.org.au/node/apni/2887463","Acacia attenuata","Acacia","Fabaceae","Fabales","Equisetopsida","Charophyta","Plantae",,"exactMatch",
"Cairnsichthys rhombosomoides","Cairnsichthys rhombosomoides","Cairns Rainbowfish, Northern Soft-spined Sunfish","Melanotaeniidae","Endangered","Endangered","Endangered","","https://biodiversity.org.au/afd/taxa/a2520afe-f40b-479c-a8f6-725bd986f764","Cairnsichthys rhombosomoides","Cairnsichthys","Melanotaeniidae","Atheriniformes","Actinopterygii","Chordata","Animalia","Cairns Rainbowfish","exactMatch",
"Persoonia glaucescens","Persoonia glaucescens","Mittagong Geebung","Proteaceae","Vulnerable","Vulnerable","Vulnerable","","https://id.biodiversity.org.au/node/apni/2908545","Persoonia glaucescens","Persoonia","Proteaceae","Proteales","Equisetopsida","Charophyta","Plantae","Mittagong Geebung","exactMatch",
"Engaeus granulatus","Engaeus granulatus","Central North Burrowing Crayfish","Parastacidae","Endangered","Endangered","Endangered","","https://biodiversity.org.au/afd/taxa/a9d44d5e-ef68-4ef0-a658-888e9c1b750e","Engaeus granulatus","Engaeus","Parastacidae","Decapoda","Malacostraca","Arthropoda","Animalia","Central North Burrowing Crayfish","exactMatch",
"Glycine latrobeana","Glycine latrobeana","Clover Glycine, Purple Clover","Fabaceae","Vulnerable","Vulnerable","Vulnerable","","https://id.biodiversity.org.au/taxon/apni/51770897","Glycine latrobeana","Glycine","Fabaceae","Fabales","Equisetopsida","Charophyta","Plantae","Clover Glycine","exactMatch",
"Gossia fragrantissima","Gossia fragrantissima","Sweet Myrtle, Small-leaved Myrtle","Myrtaceae","Endangered","Endangered","Endangered","","https://id.biodiversity.org.au/taxon/apni/51782269","Gossia fragrantissima","Gossia","Myrtaceae","Myrtales","Equisetopsida","Charophyta","Plantae","Sweet Myrtle","exactMatch",
"Melichrus sp. Newfoundland State Forest (P.Gilmour 7852)","Melichrus sp. Newfoundland State Forest (P.Gilmour 7852)","Hairy Melichrus","Epacridaceae","Endangered","Endangered","Endangered","","https://id.biodiversity.org.au/taxon/apni/51767482","Melichrus hirsutus","Melichrus","Ericaceae","Ericales","Equisetopsida","Charophyta","Plantae","Hairy Melichrus","exactMatch",
"Verticordia staminosa var. cylindracea","Verticordia staminosa var. cylindracea","Granite Featherflower","Myrtaceae","Endangered","Endangered","Endangered","","https://id.biodiversity.org.au/node/apni/2909220","Verticordia staminosa var. cylindracea","Verticordia","Myrtaceae","Myrtales","Equisetopsida","Charophyta","Plantae",,"exactMatch",
"Gastrolobium lehmannii","Gastrolobium lehmannii","Cranbrook Pea","Fabaceae","Vulnerable","Vulnerable","Vulnerable","","https://id.biodiversity.org.au/node/apni/2903725","Gastrolobium lehmannii","Gastrolobium","Fabaceae","Fabales","Equisetopsida","Charophyta","Plantae","Cranbrook Pea","exactMatch",
"Gentiana wingecarribiensis","Gentiana wingecarribiensis","Wingecarribee Gentian","Gentianaceae","Endangered","Endangered","Endangered","","https://id.biodiversity.org.au/node/apni/2915610","Gentiana wingecarribiensis","Gentiana","Gentianaceae","Gentianales","Equisetopsida","Charophyta","Plantae","Wingecarribee Gentian","exactMatch",
"Platycercus elegans melanopterus","Platycercus elegans melanopterus","Kangaroo Island Crimson Rosella","Psittacidae","Vulnerable","Vulnerable","Vulnerable","","https://biodiversity.org.au/afd/taxa/7471a6a4-bdc4-4926-bcda-b9214faff8a0","Platycercus (Platycercus) elegans melanopterus","Platycercus","Psittacidae","Psittaciformes","Aves","Chordata","Animalia","Kangaroo Island Crimson Rosella","exactMatch",
"Duma horrida subsp. abdita","Duma horrida subsp. abdita","Remote Thorny Lignum","Polygonaceae","Critically Endangered","Critically Endangered","Critically Endangered","","https://id.biodiversity.org.au/node/apni/2903250","Duma horrida subsp. abdita","Duma","Polygonaceae","Caryophyllales","Equisetopsida","Charophyta","Plantae","Remote Thorny Lignum","exactMatch",
"Cyperus cephalotes","Cyperus cephalotes","-","Cyperaceae","Endangered","Endangered","Endangered","","https://id.biodiversity.org.au/node/apni/2918613","Cyperus cephalotes","Cyperus","Cyperaceae","Poales","Equisetopsida","Charophyta","Plantae",,"exactMatch",
"Carinascincus orocryptus","Carinascincus orocryptus","Heath Cool-skink, Mountain Skink","Scincidae","Endangered","Endangered","Endangered","","https://biodiversity.org.au/afd/taxa/abdeb0f6-25da-4ac6-a9cb-3db939a77785","Carinascincus orocryptus","Carinascincus","Scincidae","Squamata","Reptilia","Chordata","Animalia","Heath Cool-skink","exactMatch",
"Prasophyllum wallum","Prasophyllum wallum","Wallum Leek-orchid","Orchidaceae","Vulnerable","Vulnerable","Vulnerable","","https://id.biodiversity.org.au/taxon/apni/51795363","Prasophyllum wallum","Prasophyllum","Orchidaceae","Asparagales","Equisetopsida","Charophyta","Plantae","Wallum Leek Orchid","exactMatch",
"Hibbertia humifusa subsp. erigens","Hibbertia humifusa subsp. erigens","Euroa Guinea-flower","Dilleniaceae","Vulnerable","Vulnerable","Vulnerable","","https://id.biodiversity.org.au/node/apni/2916336","Hibbertia humifusa subsp. erigens","Hibbertia","Dilleniaceae",,"Equisetopsida","Charophyta","Plantae","Euroa Guinea-flower","exactMatch",
"Pseudomys novaehollandiae","Pseudomys novaehollandiae","New Holland Mouse, Pookila","Muridae","Vulnerable","Vulnerable","Vulnerable","","https://biodiversity.org.au/afd/taxa/0058f9b2-a9c1-49a2-811b-9b2efcc8e279","Pseudomys novaehollandiae","Pseudomys","Muridae","Rodentia","Mammalia","Chordata","Animalia","New Holland Mouse","exactMatch",
"Spyridium fontis-woodii","Spyridium fontis-woodii","Woods Well Spyridium","Rhamnaceae","Critically Endangered","Critically Endangered","Critically Endangered","","https://id.biodiversity.org.au/node/apni/2897404","Spyridium fontis-woodii","Spyridium","Rhamnaceae","Rosales","Equisetopsida","Charophyta","Plantae","Woods Well Spyridium","exactMatch",
"Amytornis striatus howei","Amytornis striatus howei","Murray Mallee Striated Grasswren, Striated Grasswren (sandplain)","Maluridae","Endangered","Endangered","Endangered","","https://biodiversity.org.au/afd/taxa/5346cce2-f174-4a8e-b4ca-b4be088ac7e0","Amytornis (Magnamytis) striatus howei","Amytornis","Maluridae","Passeriformes","Aves","Chordata","Animalia","Murray Mallee Striated Grasswren","exactMatch",
"Advena campbellii","Advena campbellii","Campbell's Keeled Glass-snail","Microcystidae","Critically Endangered","Critically Endangered","Critically Endangered","","https://biodiversity.org.au/afd/taxa/6876a1f3-113c-4136-bc9b-d0a345069824","Advena campbellii","Advena","Microcystidae","Stylommatophora","Gastropoda","Mollusca","Animalia","Campbell's Keeled Glass-snail","exactMatch",
"Chaeropus yirratji","Chaeropus yirratji","Yirratji, Northern Pig-footed Bandicoot","Peramelidae","Extinct","Extinct","Extinct","","https://biodiversity.org.au/afd/taxa/8f543a3a-d2b7-4a2c-88e1-2bec13e5462e","Chaeropus yirratji","Chaeropus","Chaeropodidae","Peramelemorphia","Mammalia","Chordata","Animalia","Northern Pigfooted Bandicoot","exactMatch",
"Veronica lithophila","Veronica lithophila","-","Plantaginaceae","Endangered","Endangered","Endangered","","https://id.biodiversity.org.au/node/apni/2920143","Veronica lithophila","Veronica","Plantaginaceae","Lamiales","Equisetopsida","Charophyta","Plantae",,"exactMatch",
"Lagorchestes hirsutus hirsutus","Lagorchestes hirsutus hirsutus","Rufous Hare-wallaby (south-western), Woorap","Macropodidae","Extinct","Extinct","Extinct","","https://biodiversity.org.au/afd/taxa/43b0abb2-bdfd-44ca-8880-5d3a1e9ab002","Lagorchestes hirsutus hirsutus","Lagorchestes","Macropodidae","Diprotodontia","Mammalia","Chordata","Animalia","Rufous Hare-wallaby (south-western)","exactMatch",
"Heleioporus australiacus australiacus","Heleioporus australiacus australiacus","Giant Burrowing Frog, Eastern Owl Frog","Limnodynastidae","Endangered","Endangered","Endangered","","https://biodiversity.org.au/afd/taxa/f75d01ff-5e60-414e-b4e3-5b1ecb3eea45","Heleioporus australiacus australiacus","Heleioporus","Limnodynastidae","Anura","Amphibia","Chordata","Animalia","Eastern Owl Frog","exactMatch",
"Rhodamnia longisepala","Rhodamnia longisepala","-","Myrtaceae","Critically Endangered","Critically Endangered","Critically Endangered","","https://id.biodiversity.org.au/node/apni/2908475","Rhodamnia longisepala","Rhodamnia","Myrtaceae","Myrtales","Equisetopsida","Charophyta","Plantae",,"exactMatch",
"Vanvoorstia bennettiana","Vanvoorstia bennettiana","Bennett's Seaweed","Delesseriaceae","Extinct","Extinct","Extinct","","https://id.biodiversity.org.au/name/algae/20010554","Vanvoorstia bennettiana","Vanvoorstia","Delesseriaceae","Ceramiales","Florideophyceae","Rhodophyta","Plantae","Bennetts Seaweed","exactMatch",
"Homoranthus montanus","Homoranthus montanus","-","Myrtaceae","Vulnerable","Vulnerable","Vulnerable","","https://id.biodiversity.org.au/node/apni/2911069","Homoranthus montanus","Homoranthus","Myrtaceae","Myrtales","Equisetopsida","Charophyta","Plantae",,"exactMatch",
"Xerothamnella parvifolia","Xerothamnella parvifolia","-","Acanthaceae","Vulnerable","Vulnerable","Vulnerable","","https://id.biodiversity.org.au/node/apni/2891701","Xerothamnella parvifolia","Xerothamnella","Acanthaceae","Lamiales","Equisetopsida","Charophyta","Plantae","Small-leaved Little Dry Shrub","exactMatch",
"Zephyrarchaea austini","Zephyrarchaea austini","Kangaroo Island Assassin Spider","Archaeidae","Critically Endangered","Critically Endangered","Critically Endangered","","https://biodiversity.org.au/afd/taxa/a12af08d-2a17-4458-83f1-197ef5b8cb50","Zephyrarchaea austini","Zephyrarchaea","Archaeidae","Araneae","Arachnida","Arthropoda","Animalia","Kangaroo Island Assassin Spider","exactMatch",
"Dasyuroides byrnei","Dasyuroides byrnei","Kowari, brushy-tailed marsupial rat, Byrne's crest-tailed marsupial rat","Dasyuridae","Endangered","Endangered","Endangered","","https://biodiversity.org.au/afd/taxa/b111adb3-c191-4c2b-86c9-b4532373c18e","Dasyuroides byrnei","Dasyuroides","Dasyuridae","Dasyuromorphia","Mammalia","Chordata","Animalia","Kowari","exactMatch",
"Tropilis callitrophilis","Tropilis callitrophilis","Thin Feather Orchid","Orchidaceae","Vulnerable","Vulnerable","Vulnerable","","https://id.biodiversity.org.au/taxon/apni/51402834","Dendrobium callitrophilum","Dendrobium","Orchidaceae","Asparagales","Equisetopsida","Charophyta","Plantae","Cypress Orchid","exactMatch",
"Gymnobelideus leadbeateri","Gymnobelideus leadbeateri","Leadbeater's Possum","Petauridae","Critically Endangered","Critically Endangered","Critically Endangered","","https://biodiversity.org.au/afd/taxa/d051536b-5b94-4317-a2b0-344a2ef25616","Gymnobelideus leadbeateri","Gymnobelideus","Petauridae","Diprotodontia","Mammalia","Chordata","Animalia","Leadbeater's Possum","exactMatch",
"Cycas silvestris","Cycas silvestris","-","Cycadaceae","Vulnerable","Vulnerable","Vulnerable","","https://id.biodiversity.org.au/node/apni/2896080","Cycas silvestris","Cycas","Cycadaceae","Cycadales","Equisetopsida","Charophyta","Plantae",,"exactMatch",
"Dromaius novaehollandiae diemenensis","Dromaius novaehollandiae diemenensis","Tasmanian Emu, Emu (Tasmanian)","Casuariidae","Extinct","Extinct","Extinct","","https://biodiversity.org.au/afd/taxa/fa037178-641c-4835-adfe-8df832db69c9","Dromaius novaehollandiae diemenianus","Dromaius","Casuariidae","Struthioniformes","Aves","Chordata","Animalia","Emu","exactMatch",
"Aprasia parapulchella","Aprasia parapulchella","Pink-tailed Worm-lizard, Pink-tailed Legless Lizard","Pygopodidae","Vulnerable","Vulnerable","Vulnerable","","https://biodiversity.org.au/afd/taxa/43b7edc0-009d-432a-82f4-0e7f71e1f7cf","Aprasia parapulchella","Aprasia","Pygopodidae","Squamata","Reptilia","Chordata","Animalia","Pink-tailed Worm-lizard","exactMatch",
"Galaxias longifundus","Galaxias longifundus","West Gippsland Galaxias","Galaxiidae","Critically Endangered","Critically Endangered","Critically Endangered","","https://biodiversity.org.au/afd/taxa/7c3782b3-ada2-42e4-8a2b-3201a779e7f3","Galaxias longifundus","Galaxias","Galaxiidae","Salmoniformes","Actinopterygii","Chordata","Animalia","West Gippsland Galaxias","exactMatch",
"Choretrum spicatum subsp. spicatum","Choretrum spicatum subsp. spicatum","Spiked Sour-bush","Santalaceae","Endangered","Endangered","Endangered","","https://id.biodiversity.org.au/taxon/apni/51294081","Choretrum spicatum subsp. spicatum","Choretrum","Santalaceae","Santalales","Equisetopsida","Charophyta","Plantae",,"exactMatch",
"Olearia pannosa subsp. pannosa","Olearia pannosa subsp. pannosa","Silver Daisy-bush, Silver-leaved Daisy, Velvet Daisy-bush","Asteraceae","Vulnerable","Vulnerable","Vulnerable","","https://id.biodiversity.org.au/node/apni/2904548","Olearia pannosa subsp. pannosa","Olearia","Asteraceae","Asterales","Equisetopsida","Charophyta","Plantae","Velvet Daisybush","exactMatch",
"Carinascincus palfreymani","Carinascincus palfreymani","Pedra Branca Skink,  Pedra Branca Cool-skink, Red-throated Skink","Scincidae","Critically Endangered","Critically Endangered","Critically Endangered","","https://biodiversity.org.au/afd/taxa/38185d5b-f373-49a2-9e6f-e48481a128e8","Carinascincus palfreymani","Carinascincus","Scincidae","Squamata","Reptilia","Chordata","Animalia","Pedra Branca Cool-skink","exactMatch",
"Crepidium lawleri","Crepidium lawleri","-","Orchidaceae","Endangered","Endangered","Endangered","","https://id.biodiversity.org.au/taxon/apni/51403325","Dienia lawleri","Dienia","Orchidaceae","Asparagales","Equisetopsida","Charophyta","Plantae","Small Spur Orchid","exactMatch",
"Tecticornia flabelliformis","Tecticornia flabelliformis","Bead Glasswort, Bead Samphire","Chenopodiaceae","Vulnerable","Vulnerable","Vulnerable","","https://id.biodiversity.org.au/node/apni/2902861","Tecticornia flabelliformis","Tecticornia","Chenopodiaceae","Caryophyllales","Equisetopsida","Charophyta","Plantae","Bead Samphire","exactMatch",
"Acacia imitans","Acacia imitans","Gibson Wattle","Fabaceae","Endangered","Endangered","Endangered","","https://id.biodiversity.org.au/node/apni/2891980","Acacia imitans","Acacia","Fabaceae","Fabales","Equisetopsida","Charophyta","Plantae","Gibson Wattle","exactMatch",
"Pseudemydura umbrina","Pseudemydura umbrina","Western Swamp Tortoise","Chelidae","Critically Endangered","Critically Endangered","Critically Endangered","","https://biodiversity.org.au/afd/taxa/8308a376-50a5-483b-ac9f-39d702b817ec","Pseudemydura umbrina","Pseudemydura","Chelidae","Testudines","Reptilia","Chordata","Animalia","Western Swamp Turtle","exactMatch",
"Prasophyllum goldsackii","Prasophyllum goldsackii","Goldsack's Leek-orchid","Orchidaceae","Endangered","Endangered","Endangered","","https://id.biodiversity.org.au/taxon/apni/51795108","Prasophyllum goldsackii","Prasophyllum","Orchidaceae","Asparagales","Equisetopsida","Charophyta","Plantae","Goldsack's Leek-orchid","exactMatch",
"Prasophyllum stellatum","Prasophyllum stellatum","Ben Lomond Leek-orchid","Orchidaceae","Critically Endangered","Critically Endangered","Critically Endangered","","https://id.biodiversity.org.au/taxon/apni/51795308","Prasophyllum stellatum","Prasophyllum","Orchidaceae","Asparagales","Equisetopsida","Charophyta","Plantae","Ben Lomond Leekorchid","exactMatch",
"Micromyrtus grandis","Micromyrtus grandis","-","Myrtaceae","Endangered","Endangered","Endangered","","https://id.biodiversity.org.au/node/apni/2898424","Micromyrtus grandis","Micromyrtus","Myrtaceae","Myrtales","Equisetopsida","Charophyta","Plantae","Severn River Heath-myrtle","exactMatch",
"Rheobatrachus silus","Rheobatrachus silus","Southern Gastric-brooding Frog","Myobatrachidae","Extinct","Extinct","Extinct","","https://biodiversity.org.au/afd/taxa/8417f80d-acd6-4c01-a621-ae56142d3470","Rheobatrachus silus","Rheobatrachus","Myobatrachidae","Anura","Amphibia","Chordata","Animalia","Southern Gastric Brooding Frog","exactMatch",
"Irenepharsus trypherus","Irenepharsus trypherus","Delicate Cress, Illawarra Irene","Brassicaceae","Endangered","Endangered","Endangered","","https://id.biodiversity.org.au/node/apni/2888844","Irenepharsus trypherus","Irenepharsus","Brassicaceae","Brassicales","Equisetopsida","Charophyta","Plantae","Illawarra Irene","exactMatch",
"Saltuarius eximius","Saltuarius eximius","Cape Melville Leaf-tail Gecko","Carphodactylidae","Critically Endangered","Critically Endangered","Critically Endangered","","https://biodiversity.org.au/afd/taxa/076b9d9c-cdfd-4d8f-8e73-eaaa00a33259","Saltuarius eximius","Saltuarius","Carphodactylidae","Squamata","Reptilia","Chordata","Animalia","Cape Melville Leaf-tailed Gecko","exactMatch",
"Grevillea parviflora subsp. parviflora","Grevillea parviflora subsp. parviflora","Small-flower Grevillea","Proteaceae","Vulnerable","Vulnerable","Vulnerable","","https://id.biodiversity.org.au/node/apni/2906703","Grevillea parviflora subsp. parviflora","Grevillea","Proteaceae","Proteales","Equisetopsida","Charophyta","Plantae","Small-flower Grevillea","exactMatch",
"Hibbertia acaulothrix","Hibbertia acaulothrix","-","Dilleniaceae","Endangered","Endangered","Endangered","","https://id.biodiversity.org.au/node/apni/2913697","Hibbertia acaulothrix","Hibbertia","Dilleniaceae",,"Equisetopsida","Charophyta","Plantae",,"exactMatch",
"Carronia pedicellata","Carronia pedicellata","-","Menispermaceae","Endangered","Endangered","Endangered","","https://id.biodiversity.org.au/node/apni/2887174","Carronia pedicellata","Carronia","Menispermaceae","Ranunculales","Equisetopsida","Charophyta","Plantae",,"exactMatch",
"Eucalyptus brevipes","Eucalyptus brevipes","Mukinbudin Mallee","Myrtaceae","Endangered","Endangered","Endangered","","https://id.biodiversity.org.au/node/apni/2908443","Eucalyptus brevipes","Eucalyptus","Myrtaceae","Myrtales","Equisetopsida","Charophyta","Plantae","Mukinbudin Mallee","exactMatch",
"Phlegmariurus lockyeri","Phlegmariurus lockyeri","-","Lycopodiaceae","Vulnerable","Vulnerable","Vulnerable","","https://id.biodiversity.org.au/node/apni/2903009","Phlegmariurus lockyeri","Phlegmariurus","Lycopodiaceae","Lycopodiales","Equisetopsida","Charophyta","Plantae",,"exactMatch",
"Pomaderris gilmourii var. cana","Pomaderris gilmourii var. cana","Grey Deua Pomaderris","Rhamnaceae","Critically Endangered","Critically Endangered","Critically Endangered","","https://id.biodiversity.org.au/node/apni/2901046","Pomaderris gilmourii var. cana","Pomaderris","Rhamnaceae","Rosales","Equisetopsida","Charophyta","Plantae","Grey Deua Pomaderris","exactMatch",
"Dasyornis broadbenti litoralis","Dasyornis broadbenti litoralis","Rufous Bristlebird (western), South-western Rufous Bristlebird","Dasyornithidae","Extinct","Extinct","Extinct","","https://biodiversity.org.au/afd/taxa/c3ee1656-d557-40d4-8251-817fbdaab7ba","Dasyornis (Maccoyornis) broadbenti litoralis","Dasyornis","Dasyornithidae","Passeriformes","Aves","Chordata","Animalia","Western Rufous Bristlebird","exactMatch",
"Eucalyptus x phylacis","Eucalyptus x phylacis","Meelup Mallee","Myrtaceae","Endangered","Endangered","Endangered","","https://id.biodiversity.org.au/taxon/apni/51289990","Eucalyptus x phylacis","Eucalyptus","Myrtaceae","Myrtales","Equisetopsida","Charophyta","Plantae","Meelup Mallee","exactMatch",
"Prasophyllum pallidum","Prasophyllum pallidum","Pale Leek-orchid","Orchidaceae","Vulnerable","Vulnerable","Vulnerable","","https://id.biodiversity.org.au/taxon/apni/51795220","Prasophyllum pallidum","Prasophyllum","Orchidaceae","Asparagales","Equisetopsida","Charophyta","Plantae","Pale Leek-orchid","exactMatch",
"Nannoperca pygmaea","Nannoperca pygmaea","Little Pygmy Perch","Percichthyidae","Endangered","Endangered","Endangered","","https://biodiversity.org.au/afd/taxa/db85c20b-0b9e-487b-abee-7ec8f90d302e","Nannoperca pygmaea","Nannoperca","Percichthyidae","Perciformes","Actinopterygii","Chordata","Animalia","Little Pygmy Perch","exactMatch",
"Typhonium mirabile","Typhonium mirabile","a herb","Araceae","Endangered","Endangered","Endangered","","https://id.biodiversity.org.au/node/apni/2900370","Typhonium mirabile","Typhonium","Araceae","Alismatales","Equisetopsida","Charophyta","Plantae","Typhonium","exactMatch",
"Phyllodes imperialis smithersi","Phyllodes imperialis smithersi","Pink Underwing Moth","Noctuidae","Endangered","Endangered","Endangered","","https://biodiversity.org.au/afd/taxa/80cf15e7-fd8d-44b2-a376-5de7bdf13963","Phyllodes imperialis smithersi","Phyllodes","Erebidae","Lepidoptera","Insecta","Arthropoda","Animalia","Pink Underwing Moth","exactMatch",
"Ranunculus prasinus","Ranunculus prasinus","Midlands Buttercup, Tunbridge Buttercup","Ranunculaceae","Endangered","Endangered","Endangered","","https://id.biodiversity.org.au/node/apni/2890570","Ranunculus prasinus","Ranunculus","Ranunculaceae","Ranunculales","Equisetopsida","Charophyta","Plantae","Tunbridge Buttercup","exactMatch",
"Eubalaena australis","Eubalaena australis","Southern Right Whale","Balaenidae","Endangered","Endangered","Endangered","","https://biodiversity.org.au/afd/taxa/0c5bfca8-f73a-4c8e-be98-fa8c8556d06d","Eubalaena australis","Eubalaena","Balaenidae","Artiodactyla","Mammalia","Chordata","Animalia","Southern Right Whale","exactMatch",
"Cyanoramphus cookii","Cyanoramphus cookii","Norfolk Island Green Parrot, Tasman Parakeet, Norfolk Island Parakeet","Psittacidae","Endangered","Endangered","Endangered","","https://biodiversity.org.au/afd/taxa/45dfd244-d0c9-447c-ab19-0ac46382e0de","Cyanoramphus cookii","Cyanoramphus","Psittacidae","Psittaciformes","Aves","Chordata","Animalia","Norfolk Island Parakeet","exactMatch",
"Rhagodia acicularis","Rhagodia acicularis","Wongan Rhagodia","Chenopodiaceae","Vulnerable","Vulnerable","Vulnerable","","https://id.biodiversity.org.au/node/apni/2914720","Rhagodia acicularis","Rhagodia","Chenopodiaceae","Caryophyllales","Equisetopsida","Charophyta","Plantae","Wongan Rhagodia","exactMatch",
"Galaxiella nigrostriata","Galaxiella nigrostriata","Blackstriped Dwarf Galaxias, Black-stripe Minnow","Galaxiidae","Endangered","Endangered","Endangered","","https://biodiversity.org.au/afd/taxa/0337967c-90b3-4106-b211-b29f5ca7a9b7","Galaxiella nigrostriata","Galaxiella","Galaxiidae","Salmoniformes","Actinopterygii","Chordata","Animalia","Blackstriped Dwarf Galaxias","exactMatch",
"Myrmecobius fasciatus","Myrmecobius fasciatus","Numbat","Myrmecobiidae","Endangered","Endangered","Endangered","","https://biodiversity.org.au/afd/taxa/2b493cde-13bf-4144-a270-7be0f38d7cc0","Myrmecobius fasciatus","Myrmecobius","Myrmecobiidae","Dasyuromorphia","Mammalia","Chordata","Animalia","Numbat","exactMatch",
"Leucopogon nitidus","Leucopogon nitidus","-","Ericaceae","Endangered","Endangered","Endangered","","https://id.biodiversity.org.au/node/apni/2910741","Leucopogon nitidus","Leucopogon","Ericaceae","Ericales","Equisetopsida","Charophyta","Plantae",,"exactMatch",
"Kunzea ericifolia subsp. subulata","Kunzea ericifolia subsp. subulata","-","Myrtaceae","Vulnerable","Vulnerable","Vulnerable","","https://id.biodiversity.org.au/node/apni/2911944","Kunzea ericifolia subsp. subulata","Kunzea","Myrtaceae","Myrtales","Equisetopsida","Charophyta","Plantae",,"exactMatch",
"Persicaria elatior","Persicaria elatior","Knotweed, Tall Knotweed","Polygonaceae","Vulnerable","Vulnerable","Vulnerable","","https://id.biodiversity.org.au/node/apni/2905054","Persicaria elatior","Persicaria","Polygonaceae","Caryophyllales","Equisetopsida","Charophyta","Plantae","Tall Knotweed","exactMatch",
"Euastacus eungella","Euastacus eungella","Eungella Spiny Crayfish","Parastacidae","Endangered","Endangered","Endangered","","https://biodiversity.org.au/afd/taxa/be39baab-b1fe-484a-aafd-6844c52ea655","Euastacus eungella","Euastacus","Parastacidae","Decapoda","Malacostraca","Arthropoda","Animalia",,"exactMatch",
"Daviesia pseudaphylla","Daviesia pseudaphylla","Stirling Range Daviesia","Fabaceae","Critically Endangered","Critically Endangered","Critically Endangered","","https://id.biodiversity.org.au/node/apni/2917692","Daviesia pseudaphylla","Daviesia","Fabaceae","Fabales","Equisetopsida","Charophyta","Plantae","Stirling Range Daviesia","exactMatch",
"Daviesia cunderdin","Daviesia cunderdin","Cunderdin Daviesia","Fabaceae","Endangered","Endangered","Endangered","","https://id.biodiversity.org.au/node/apni/2905232","Daviesia cunderdin","Daviesia","Fabaceae","Fabales","Equisetopsida","Charophyta","Plantae","Cunderdin Daviesia","exactMatch",
"Leionema westonii","Leionema westonii","-","Rutaceae","Critically Endangered","Critically Endangered","Critically Endangered","","https://id.biodiversity.org.au/taxon/apni/51446906","Leionema westonii","Leionema","Rutaceae","Sapindales","Equisetopsida","Charophyta","Plantae",,"exactMatch",
"Xanthostemon formosus","Xanthostemon formosus","-","Myrtaceae","Endangered","Endangered","Endangered","","https://id.biodiversity.org.au/taxon/apni/51440419","Xanthostemon formosus","Xanthostemon","Myrtaceae","Myrtales","Equisetopsida","Charophyta","Plantae",,"exactMatch",
"Zosterops strenuus","Zosterops strenuus","Robust White-eye","Zosteropidae","Extinct","Extinct","Extinct","","https://biodiversity.org.au/afd/taxa/942564ee-c0b7-4f04-b3fd-de918e7ddeac","Zosterops strenuus","Zosterops","Zosteropidae","Passeriformes","Aves","Chordata","Animalia","Robust White-eye","exactMatch",
"Pomaderris halmaturina subsp. halmaturina","Pomaderris halmaturina subsp. halmaturina","Kangaroo Island Pomaderris","Rhamnaceae","Vulnerable","Vulnerable","Vulnerable","","https://id.biodiversity.org.au/node/apni/2899527","Pomaderris halmaturina subsp. halmaturina","Pomaderris","Rhamnaceae","Rosales","Equisetopsida","Charophyta","Plantae","Kangaroo Island Pomaderris","exactMatch",
"Apium prostratum subsp. Porongurup Range (G.J.Keighery 8631)","Apium prostratum subsp. Porongurup Range (G.J.Keighery 8631)","Fine-leaved Apium, Porongurup Celery","Apiaceae","Vulnerable","Vulnerable","Vulnerable","","https://id.biodiversity.org.au/taxon/apni/51736320","Apium prostratum subsp. phillipii","Apium","Apiaceae","Apiales","Equisetopsida","Charophyta","Plantae","Fine Leaved Sea Celery","exactMatch",
"Taudactylus eungellensis","Taudactylus eungellensis","Eungella Day Frog","Myobatrachidae","Endangered","Endangered","Endangered","","https://biodiversity.org.au/afd/taxa/a7c7c1e0-85ee-41fe-8b79-ac12e24a67e1","Taudactylus eungellensis","Taudactylus","Myobatrachidae","Anura","Amphibia","Chordata","Animalia","Eungella Torrent Frog","exactMatch",
"Thelymitra dedmaniarum","Thelymitra dedmaniarum","Cinnamon Sun Orchid","Orchidaceae","Endangered","Endangered","Endangered","","https://id.biodiversity.org.au/taxon/apni/51414272","Thelymitra dedmaniarum","Thelymitra","Orchidaceae","Asparagales","Equisetopsida","Charophyta","Plantae","Cinnamon Sun Orchid","exactMatch",
"Senecio megaglossus","Senecio megaglossus","Superb Groundsel","Asteraceae","Vulnerable","Vulnerable","Vulnerable","","https://id.biodiversity.org.au/node/apni/2892744","Senecio megaglossus","Senecio","Asteraceae","Asterales","Equisetopsida","Charophyta","Plantae","Large-flower Groundsel","exactMatch",
"Toechima pterocarpum","Toechima pterocarpum","-","Sapindaceae","Endangered","Endangered","Endangered","","https://id.biodiversity.org.au/node/apni/2909457","Toechima pterocarpum","Toechima","Sapindaceae","Sapindales","Equisetopsida","Charophyta","Plantae","Orange Tamarind","exactMatch",
"Boronia repanda","Boronia repanda","Repand Boronia, Border Boronia","Rutaceae","Endangered","Endangered","Endangered","","https://id.biodiversity.org.au/node/apni/2920124","Boronia repanda","Boronia","Rutaceae","Sapindales","Equisetopsida","Charophyta","Plantae","Repand Border Granite Rose","exactMatch",
"Grevillea curviloba subsp. curviloba","Grevillea curviloba subsp. curviloba","Curved-leaf Grevillea","Proteaceae","Endangered","Endangered","Endangered","","https://id.biodiversity.org.au/node/apni/7814423","Grevillea curviloba subsp. curviloba","Grevillea","Proteaceae","Proteales","Equisetopsida","Charophyta","Plantae","Curvedleaf Grevillea","exactMatch",
"Milyeringa justitia","Milyeringa justitia","Barrow Cave Gudgeon","Eleotridae","Endangered","Endangered","Endangered","","https://biodiversity.org.au/afd/taxa/4284bd98-dc7f-427b-baa2-147ef645090f","Milyeringa justitia","Milyeringa","Eleotridae","Perciformes","Actinopterygii","Chordata","Animalia","Barrow Cave Gudgeon","exactMatch",
"Chamelaucium sp. Cataby (G.J.Keighery 11009)","Chamelaucium sp. Cataby (G.J.Keighery 11009)","Griffin's Waxflower","Myrtaceae","Vulnerable","Vulnerable","Vulnerable","","https://id.biodiversity.org.au/node/apni/2911451","Chamelaucium sp. Cataby (G.J.Keighery 11009)","Chamelaucium","Myrtaceae","Myrtales","Equisetopsida","Charophyta","Plantae","Griffin's Wax Flower","exactMatch",
"Eucalyptus impensa","Eucalyptus impensa","Eneabba Mallee","Myrtaceae","Endangered","Endangered","Endangered","","https://id.biodiversity.org.au/node/apni/2908082","Eucalyptus x impensa","Eucalyptus","Myrtaceae","Myrtales","Equisetopsida","Charophyta","Plantae","Eneabba Mallee","exactMatch",
"Persoonia mollis subsp. revoluta","Persoonia mollis subsp. revoluta","-","Proteaceae","Vulnerable","Vulnerable","Vulnerable","","https://id.biodiversity.org.au/node/apni/2918339","Persoonia mollis subsp. revoluta","Persoonia","Proteaceae","Proteales","Equisetopsida","Charophyta","Plantae",,"exactMatch",
"Cassinia theodorii","Cassinia theodorii","Kaputar Cassinia","Asteraceae","Endangered","Endangered","Endangered","","https://id.biodiversity.org.au/taxon/apni/51431823","Cassinia theodorii","Cassinia","Asteraceae","Asterales","Equisetopsida","Charophyta","Plantae",,"exactMatch",
"Corunastylis littoralis","Corunastylis littoralis","Tuncurry Midge Orchid","Orchidaceae","Critically Endangered","Critically Endangered","Critically Endangered","","https://id.biodiversity.org.au/taxon/apni/51441242","Corunastylis littoralis","Corunastylis","Orchidaceae","Asparagales","Equisetopsida","Charophyta","Plantae","Tuncurry Midge Orchid","exactMatch",
"Leipoa ocellata","Leipoa ocellata","Malleefowl","Megapodiidae","Vulnerable","Vulnerable","Vulnerable","","https://biodiversity.org.au/afd/taxa/c44c9098-c4fc-4f64-884c-e367389b194f","Leipoa ocellata","Leipoa","Megapodiidae","Galliformes","Aves","Chordata","Animalia","Malleefowl","exactMatch",
"Litoria aurea","Litoria aurea","Green and Golden Bell Frog","Pelodryadidae","Vulnerable","Vulnerable","Vulnerable","","https://biodiversity.org.au/afd/taxa/51a873f5-30e1-4e87-bf2b-455bbde028f6","Litoria aurea","Litoria","Pelodryadidae","Anura","Amphibia","Chordata","Animalia","Green And Gold Bell Frog","exactMatch",
"Sarcophilus harrisii","Sarcophilus harrisii","Tasmanian Devil","Dasyuridae","Endangered","Endangered","Endangered","","https://biodiversity.org.au/afd/taxa/c6b5ff5a-a991-4972-b5b0-4214141d5bd6","Sarcophilus harrisii","Sarcophilus","Dasyuridae","Dasyuromorphia","Mammalia","Chordata","Animalia","Tasmanian Devil","exactMatch",
"Carettochelys insculpta","Carettochelys insculpta","Pig-nosed Turtle, Pitted Shell Turtle","Carettochelydidae","Vulnerable","Vulnerable","Vulnerable","","https://biodiversity.org.au/afd/taxa/c8ddc708-d14a-4e6b-84b0-c3a5d837dda8","Carettochelys insculpta","Carettochelys","Carettochelyidae","Testudines","Reptilia","Chordata","Animalia","Pitted-shelled Turtle","exactMatch",
"Prostanthera eurybioides","Prostanthera eurybioides","Monarto Mintbush","Lamiaceae","Endangered","Endangered","Endangered","","https://id.biodiversity.org.au/node/apni/2886956","Prostanthera eurybioides","Prostanthera","Lamiaceae","Lamiales","Equisetopsida","Charophyta","Plantae","Monarto Mintbush","exactMatch",
"Acanthiza pusilla magnirostris","Acanthiza pusilla magnirostris","King Island Brown Thornbill, Brown Thornbill (King Island)","Acanthizidae","Endangered","Endangered","Endangered","","https://biodiversity.org.au/afd/taxa/fe7de157-e9c1-4672-be08-71b411847570","Acanthiza (Acanthiza) pusilla magnirostris","Acanthiza","Acanthizidae","Passeriformes","Aves","Chordata","Animalia","King Island Brown Thornbill","exactMatch",
"Boronia adamsiana","Boronia adamsiana","Barbalin Boronia","Rutaceae","Vulnerable","Vulnerable","Vulnerable","","https://id.biodiversity.org.au/node/apni/2887981","Boronia adamsiana","Boronia","Rutaceae","Sapindales","Equisetopsida","Charophyta","Plantae","Barbalin Boronia","exactMatch",
"Haloragis exalata subsp. exalata","Haloragis exalata subsp. exalata","Wingless Raspwort, Square Raspwort","Haloragaceae","Vulnerable","Vulnerable","Vulnerable","","https://id.biodiversity.org.au/node/apni/2894768","Haloragis exalata subsp. exalata","Haloragis","Haloragaceae","Saxifragales","Equisetopsida","Charophyta","Plantae","Square Raspwort","exactMatch",
"Pultenaea williamsoniana","Pultenaea williamsoniana","Williamsons Bush-pea","Fabaceae","Vulnerable","Vulnerable","Vulnerable","","https://id.biodiversity.org.au/node/apni/2898479","Pultenaea williamsoniana","Pultenaea","Fabaceae","Fabales","Equisetopsida","Charophyta","Plantae","Williamson's Bush-pea","exactMatch",
"Epacris graniticola","Epacris graniticola","Mt Cameron Heath, Granite Heath","Epacridaceae","Critically Endangered","Critically Endangered","Critically Endangered","","https://id.biodiversity.org.au/node/apni/2888537","Epacris graniticola","Epacris","Ericaceae","Ericales","Equisetopsida","Charophyta","Plantae","Granite Heath","exactMatch",
"Fimbristylis adjuncta","Fimbristylis adjuncta","-","Cyperaceae","Endangered","Endangered","Endangered","","https://id.biodiversity.org.au/node/apni/2913732","Fimbristylis adjuncta","Fimbristylis","Cyperaceae","Poales","Equisetopsida","Charophyta","Plantae",,"exactMatch",
"Heleioporus australiacus flavopunctatus","Heleioporus australiacus flavopunctatus","Southern Owl Frog, Southern Giant Burrowing Frog","Limnodynastidae","Endangered","Endangered","Endangered","","https://biodiversity.org.au/afd/taxa/a6a0b147-0b68-4042-b59d-252a051f95c9","Heleioporus australiacus flavopunctatus","Heleioporus","Limnodynastidae","Anura","Amphibia","Chordata","Animalia","Southern Owl Frog, Southern Giant Burrowing Frog","exactMatch",
"Acacia blayana","Acacia blayana","Blay's Wattle","Fabaceae","Critically Endangered","Critically Endangered","Critically Endangered","","https://id.biodiversity.org.au/node/apni/2899631","Acacia blayana","Acacia","Fabaceae","Fabales","Equisetopsida","Charophyta","Plantae","Blay's Wattle","exactMatch",
"Androcalva procumbens","Androcalva procumbens","-","Malvaceae","Vulnerable","Vulnerable","Vulnerable","","https://id.biodiversity.org.au/node/apni/2911037","Androcalva procumbens","Androcalva","Malvaceae","Malvales","Equisetopsida","Charophyta","Plantae",,"exactMatch",
"Caladenia colorata","Caladenia colorata","Coloured Spider-orchid, Small Western Spider-orchid, Painted Spider-orchid","Orchidaceae","Endangered","Endangered","Endangered","","https://id.biodiversity.org.au/taxon/apni/51398907","Caladenia colorata","Caladenia","Orchidaceae","Asparagales","Equisetopsida","Charophyta","Plantae","Colourful Spider-orchid","exactMatch",
"Darwinia polychroma","Darwinia polychroma","Harlequin Bell","Myrtaceae","Endangered","Endangered","Endangered","","https://id.biodiversity.org.au/node/apni/2890139","Darwinia polychroma","Darwinia","Myrtaceae","Myrtales","Equisetopsida","Charophyta","Plantae","Harlequin Bell","exactMatch",
"Eremophila resinosa","Eremophila resinosa","Resinous Eremophila","Myoporaceae","Endangered","Endangered","Endangered","","https://id.biodiversity.org.au/node/apni/2886949","Eremophila resinosa","Eremophila","Scrophulariaceae","Lamiales","Equisetopsida","Charophyta","Plantae","Resinous Eremophila","exactMatch",
"Solanum dissectum","Solanum dissectum","-","Solanaceae","Endangered","Endangered","Endangered","","https://id.biodiversity.org.au/node/apni/2896963","Solanum dissectum","Solanum","Solanaceae","Solanales","Equisetopsida","Charophyta","Plantae",,"exactMatch",
"Allocasuarina robusta","Allocasuarina robusta","Mount Compass Oak-bush","Casuarinaceae","Endangered","Endangered","Endangered","","https://id.biodiversity.org.au/node/apni/2891188","Allocasuarina robusta","Allocasuarina","Casuarinaceae","Fagales","Equisetopsida","Charophyta","Plantae","Mount Compass Oakbush","exactMatch",
"Acacia cochlocarpa subsp. cochlocarpa","Acacia cochlocarpa subsp. cochlocarpa","Spiral-fruited Wattle","Fabaceae","Endangered","Endangered","Endangered","","https://id.biodiversity.org.au/node/apni/2897998","Acacia cochlocarpa subsp. cochlocarpa","Acacia","Fabaceae","Fabales","Equisetopsida","Charophyta","Plantae","Spiralfruited Wattle","exactMatch",
"Macadamia tetraphylla","Macadamia tetraphylla","Rough-shelled Bush Nut, Macadamia Nut, Rough-shelled Macadamia, Rough-leaved Queensland Nut","Proteaceae","Vulnerable","Vulnerable","Vulnerable","","https://id.biodiversity.org.au/node/apni/2890983","Macadamia tetraphylla","Macadamia","Proteaceae","Proteales","Equisetopsida","Charophyta","Plantae","Rough-shelled Bush Nut","exactMatch",
"Eremophila viscida","Eremophila viscida","Varnish Bush","Myoporaceae","Endangered","Endangered","Endangered","","https://id.biodiversity.org.au/node/apni/2902451","Eremophila viscida","Eremophila","Scrophulariaceae","Lamiales","Equisetopsida","Charophyta","Plantae","Varnish Bush","exactMatch",
"Balaenoptera borealis","Balaenoptera borealis","Sei Whale","Balaenopteridae","Vulnerable","Vulnerable","Vulnerable","","https://biodiversity.org.au/afd/taxa/450bbdd2-cd50-4505-9466-15c1e24f7aa0","Balaenoptera borealis","Balaenoptera","Balaenopteridae","Artiodactyla","Mammalia","Chordata","Animalia","Sei Whale","exactMatch",
"Grevillea rhizomatosa","Grevillea rhizomatosa","-","Proteaceae","Endangered","Endangered","Endangered","","https://id.biodiversity.org.au/node/apni/2886366","Grevillea rhizomatosa","Grevillea","Proteaceae","Proteales","Equisetopsida","Charophyta","Plantae","Gibraltar Grevillea","exactMatch",
"Caladenia tensa","Caladenia tensa","Greencomb Spider-orchid, Rigid Spider-orchid","Orchidaceae","Endangered","Endangered","Endangered","","https://id.biodiversity.org.au/taxon/apni/51399400","Caladenia tensa","Caladenia","Orchidaceae","Asparagales","Equisetopsida","Charophyta","Plantae","Rigid Spider-orchid","exactMatch",
"Argyrotegium nitidulum","Argyrotegium nitidulum","Shining Cudweed","Asteraceae","Vulnerable","Vulnerable","Vulnerable","","https://id.biodiversity.org.au/node/apni/2918399","Argyrotegium nitidulum","Argyrotegium","Asteraceae","Asterales","Equisetopsida","Charophyta","Plantae","Shining Cudweed","exactMatch",
"Colobanthus curtisiae","Colobanthus curtisiae","Curtis' Colobanth","Caryophyllaceae","Vulnerable","Vulnerable","Vulnerable","","https://id.biodiversity.org.au/node/apni/2886528","Colobanthus curtisiae","Colobanthus","Caryophyllaceae","Caryophyllales","Equisetopsida","Charophyta","Plantae","Curtis' Colobanth","exactMatch",
"Fregetta grallaria grallaria","Fregetta grallaria grallaria","White-bellied Storm-Petrel (Tasman Sea), White-bellied Storm-Petrel (Australasian)","Hydrobatidae","Vulnerable","Vulnerable","Vulnerable","","https://biodiversity.org.au/afd/taxa/9247668f-abad-4aee-b7ca-9c8974351537","Fregetta grallaria grallaria","Fregetta","Oceanitidae","Procellariiformes","Aves","Chordata","Animalia","Tasman White-bellied Storm-petrel","exactMatch",
"Marsdenia paludicola","Marsdenia paludicola","-","Apocynaceae","Vulnerable","Vulnerable","Vulnerable","","https://id.biodiversity.org.au/taxon/apni/51689186","Leichhardtia paludicola","Leichhardtia","Apocynaceae","Gentianales","Equisetopsida","Charophyta","Plantae",,"exactMatch",
"Eremophila ciliata","Eremophila ciliata","-","Scrophulariaceae","Endangered","Endangered","Endangered","","https://id.biodiversity.org.au/node/apni/2894052","Eremophila ciliata","Eremophila","Scrophulariaceae","Lamiales","Equisetopsida","Charophyta","Plantae","Archer's Eremophila","exactMatch",
"Phascolarctos cinereus (combined populations of Qld, NSW and the ACT)","Phascolarctos cinereus (combined populations of Qld, NSW and the ACT)","Koala (combined populations of Queensland, New South Wales and the Australian Capital Territory)","Phascolarctidae","Endangered","Endangered","Endangered","","ALA_DR30474_560","Phascolarctos cinereus (combined populations of Qld, NSW and the ACT)","Phascolarctos","Phascolarctidae","Diprotodontia","Mammalia","Chordata","Animalia","New South Wales And The Australian Capital Territory)","exactMatch",
"Eriocaulon australasicum","Eriocaulon australasicum","Austral Pipewort, Southern Pipewort","Eriocaulaceae","Endangered","Endangered","Endangered","","https://id.biodiversity.org.au/node/apni/2903280","Eriocaulon australasicum","Eriocaulon","Eriocaulaceae","Poales","Equisetopsida","Charophyta","Plantae","Austral Pipewort","exactMatch",
"Rhinolophus robertsi","Rhinolophus robertsi","Large-eared Horseshoe Bat, Greater Large-eared Horseshoe Bat, Lesser Large-eared Horseshoe Bat","Rhinolophidae","Vulnerable","Vulnerable","Vulnerable","","https://biodiversity.org.au/afd/taxa/c9fb6300-18c6-4a76-a187-a8b18943f6ac","Rhinolophus robertsi","Rhinolophus","Rhinolophidae","Chiroptera","Mammalia","Chordata","Animalia","Greater Largeeared Horseshoe Bat","exactMatch",
"Zieria floydii","Zieria floydii","-","Rutaceae","Endangered","Endangered","Endangered","","https://id.biodiversity.org.au/node/apni/2914348","Zieria floydii","Zieria","Rutaceae","Sapindales","Equisetopsida","Charophyta","Plantae","Floyd's Zieria","exactMatch",
"Acacia aristulata","Acacia aristulata","Watheroo Wattle","Fabaceae","Endangered","Endangered","Endangered","","https://id.biodiversity.org.au/node/apni/2909621","Acacia aristulata","Acacia","Fabaceae","Fabales","Equisetopsida","Charophyta","Plantae","Watheroo Wattle","exactMatch",
"Lerista rochfordensis","Lerista rochfordensis","Rochford Slider","Scincidae","Endangered","Endangered","Endangered","","https://biodiversity.org.au/afd/taxa/119c0a0c-d104-4df2-8f72-764c6e4476a1","Lerista rochfordensis","Lerista","Scincidae","Squamata","Reptilia","Chordata","Animalia","Rochford Slider","exactMatch",
"Arenaria interpres","Arenaria interpres","Ruddy Turnstone","Scolopacidae","Vulnerable","Vulnerable","Vulnerable","","https://biodiversity.org.au/afd/taxa/2fa47871-3637-4b3a-bfd8-89750d53e8fa","Arenaria interpres","Arenaria","Scolopacidae","Charadriiformes","Aves","Chordata","Animalia","Ruddy Turnstone","exactMatch",
"Bettongia tropica","Bettongia tropica","Northern Bettong","Potoroidae","Endangered","Endangered","Endangered","","https://biodiversity.org.au/afd/taxa/097cb960-d24c-42d5-9ec1-a7e3cbf6fec1","Bettongia tropica","Bettongia","Potoroidae","Diprotodontia","Mammalia","Chordata","Animalia","Northern Bettong","exactMatch",
"Xanthorrhoea bracteata","Xanthorrhoea bracteata","Shiny Grasstree","Xanthorrhoeaceae","Endangered","Endangered","Endangered","","https://id.biodiversity.org.au/node/apni/2911139","Xanthorrhoea bracteata","Xanthorrhoea","Xanthorrhoeaceae","Asparagales","Equisetopsida","Charophyta","Plantae","Shiny Grasstree","exactMatch",
"Leucopogon exolasius","Leucopogon exolasius","Woronora Beard-heath","Epacridaceae","Vulnerable","Vulnerable","Vulnerable","","https://id.biodiversity.org.au/taxon/apni/51767657","Styphelia exolasia","Styphelia","Ericaceae","Ericales","Equisetopsida","Charophyta","Plantae",,"exactMatch",
"Callistemon purpurascens","Callistemon purpurascens","a bottlebrush","Myrtaceae","Critically Endangered","Critically Endangered","Critically Endangered","","https://id.biodiversity.org.au/taxon/apni/51288952","Callistemon purpurascens","Callistemon","Myrtaceae","Myrtales","Equisetopsida","Charophyta","Plantae",,"exactMatch",
"Semotrachia euzyga","Semotrachia euzyga","a land snail","Camaenidae","Endangered","Endangered","Endangered","","https://biodiversity.org.au/afd/taxa/a341bafb-edfe-4e03-a947-d3f9aeb28bc6","Catellotrachia euzyga","Catellotrachia","Camaenidae","Stylommatophora","Gastropoda","Mollusca","Animalia",,"exactMatch",
"Fontainea australis","Fontainea australis","Southern Fontainea","Euphorbiaceae","Vulnerable","Vulnerable","Vulnerable","","https://id.biodiversity.org.au/node/apni/2895517","Fontainea australis","Fontainea","Euphorbiaceae","Malpighiales","Equisetopsida","Charophyta","Plantae","Southern Fontainea","exactMatch",
"Lasiopetalum sp. Mount Caroline (S.D.Hopper SDH 6381)","Lasiopetalum sp. Mount Caroline (S.D.Hopper SDH 6381)","-","Malvaceae","Critically Endangered","Critically Endangered","Critically Endangered","","https://id.biodiversity.org.au/taxon/apni/51439146","Lasiopetalum moullean","Lasiopetalum","Malvaceae","Malvales","Equisetopsida","Charophyta","Plantae",,"exactMatch",
"Lobelia claviflora","Lobelia claviflora","-","Campanulaceae","Critically Endangered","Critically Endangered","Critically Endangered","","https://id.biodiversity.org.au/taxon/apni/51432851","Lobelia claviflora","Lobelia","Campanulaceae","Asterales","Equisetopsida","Charophyta","Plantae",,"exactMatch",
"Sarcochilus fitzgeraldii","Sarcochilus fitzgeraldii","Ravine Orchid","Orchidaceae","Vulnerable","Vulnerable","Vulnerable","","https://id.biodiversity.org.au/taxon/apni/51413233","Sarcochilus fitzgeraldii","Sarcochilus","Orchidaceae","Asparagales","Equisetopsida","Charophyta","Plantae","Ravine Orchid","exactMatch",
"Gastrolobium luteifolium","Gastrolobium luteifolium","Yellow-leafed Gastrolobium","Fabaceae","Critically Endangered","Critically Endangered","Critically Endangered","","https://id.biodiversity.org.au/node/apni/2900171","Gastrolobium luteifolium","Gastrolobium","Fabaceae","Fabales","Equisetopsida","Charophyta","Plantae","Yellowleafed Gastrolobium","exactMatch",
"Eulamprus tympanum marnieae","Eulamprus tympanum marnieae","Corangamite Water Skink, Dreeite Water Skink","Scincidae","Endangered","Endangered","Endangered","","https://biodiversity.org.au/afd/taxa/0d0dafa8-5aa2-4b42-8bce-7452db362ca5","Eulamprus tympanum marnieae","Eulamprus","Scincidae","Squamata","Reptilia","Chordata","Animalia","Dreeite Water Skink","exactMatch",
"Zieria buxijugum","Zieria buxijugum","Box Range Zieria","Rutaceae","Critically Endangered","Critically Endangered","Critically Endangered","","https://id.biodiversity.org.au/node/apni/2905774","Zieria buxijugum","Zieria","Rutaceae","Sapindales","Equisetopsida","Charophyta","Plantae","Box Range Zieria","exactMatch",
"Macadamia ternifolia","Macadamia ternifolia","Small-fruited Queensland Nut, Gympie Nut","Proteaceae","Vulnerable","Vulnerable","Vulnerable","","https://id.biodiversity.org.au/node/apni/2899958","Macadamia ternifolia","Macadamia","Proteaceae","Proteales","Equisetopsida","Charophyta","Plantae","Bopple Nut","exactMatch",
"Acacia pubifolia","Acacia pubifolia","Velvet Wattle","Fabaceae","Endangered","Endangered","Endangered","","https://id.biodiversity.org.au/taxon/apni/51299734","Acacia pubifolia","Acacia","Fabaceae","Fabales","Equisetopsida","Charophyta","Plantae","Velvet Wattle","exactMatch",
"Selaginella andrewsii","Selaginella andrewsii","Tallebudgera spikemoss","Selaginellaceae","Vulnerable","Vulnerable","Vulnerable","","https://id.biodiversity.org.au/node/apni/2889238","Selaginella andrewsii","Selaginella","Selaginellaceae","Selaginellales","Equisetopsida","Charophyta","Plantae","Tallebudgera Spikemoss","exactMatch",
"Westringia davidii","Westringia davidii","-","Lamiaceae","Vulnerable","Vulnerable","Vulnerable","","https://id.biodiversity.org.au/node/apni/2906380","Westringia davidii","Westringia","Lamiaceae","Lamiales","Equisetopsida","Charophyta","Plantae","David's Westringia","exactMatch",
"Pommerhelix duralensis","Pommerhelix duralensis","Dural Land Snail","Camaenidae","Endangered","Endangered","Endangered","","https://biodiversity.org.au/afd/taxa/b8d24240-2a8b-4d25-84b7-4c529dd038d9","Pommerhelix duralensis","Pommerhelix","Camaenidae","Stylommatophora","Gastropoda","Mollusca","Animalia","Dural Woodland Snail","exactMatch",
"Banksia pseudoplumosa","Banksia pseudoplumosa","False Plumed-Banksia","Proteaceae","Endangered","Endangered","Endangered","","https://id.biodiversity.org.au/node/apni/2888568","Banksia pseudoplumosa","Banksia","Proteaceae","Proteales","Equisetopsida","Charophyta","Plantae","False Plumedbanksia","exactMatch",
"Chiloglottis anaticeps","Chiloglottis anaticeps","Duck's-head Wasp-orchid","Orchidaceae","Endangered","Endangered","Endangered","","https://id.biodiversity.org.au/taxon/apni/51400590","Chiloglottis anaticeps","Chiloglottis","Orchidaceae","Asparagales","Equisetopsida","Charophyta","Plantae","Duck'shead Wasporchid","exactMatch",
"Cassinia rugata","Cassinia rugata","Wrinkled Cassinia, Wrinkled Dollybush","Asteraceae","Vulnerable","Vulnerable","Vulnerable","","https://id.biodiversity.org.au/node/apni/2904582","Cassinia rugata","Cassinia","Asteraceae","Asterales","Equisetopsida","Charophyta","Plantae","Wrinkled Dollybush","exactMatch",
"Daphnandra johnsonii","Daphnandra johnsonii","Illawarra Socketwood","Monimiaceae","Endangered","Endangered","Endangered","","https://id.biodiversity.org.au/node/apni/2887039","Daphnandra johnsonii","Daphnandra","Atherospermataceae","Laurales","Equisetopsida","Charophyta","Plantae","Illawarra Socketwood","exactMatch",
"Lagostrophus fasciatus fasciatus","Lagostrophus fasciatus fasciatus","Banded Hare-wallaby, Merrnine, Marnine, Munning","Macropodidae","Vulnerable","Vulnerable","Vulnerable","","https://biodiversity.org.au/afd/taxa/e1e000ed-ac2e-453c-865d-65ac2f7d2813","Lagostrophus fasciatus fasciatus","Lagostrophus","Macropodidae","Diprotodontia","Mammalia","Chordata","Animalia","Mernine","exactMatch",
"Microtis angusii","Microtis angusii","Angus's Onion Orchid","Orchidaceae","Endangered","Endangered","Endangered","","https://id.biodiversity.org.au/taxon/apni/51406608","Microtis angusii","Microtis","Orchidaceae","Asparagales","Equisetopsida","Charophyta","Plantae","Angus's Onion Orchid","exactMatch",
"Onychogalea fraenata","Onychogalea fraenata","Bridled Nail-tail Wallaby, Bridled Nailtail Wallaby","Macropodidae","Endangered","Endangered","Endangered","","https://biodiversity.org.au/afd/taxa/112ea671-d2d9-40d9-a507-dc1614e048c2","Onychogalea fraenata","Onychogalea","Macropodidae","Diprotodontia","Mammalia","Chordata","Animalia","Bridled Nailtail Wallaby","exactMatch",
"Mitrantia bilocularis","Mitrantia bilocularis","-","Myrtaceae","Critically Endangered","Critically Endangered","Critically Endangered","","https://id.biodiversity.org.au/taxon/apni/51440296","Mitrantia bilocularis","Mitrantia","Myrtaceae","Myrtales","Equisetopsida","Charophyta","Plantae",,"exactMatch",
"Prasophyllum olidum","Prasophyllum olidum","Pungent Leek-orchid","Orchidaceae","Critically Endangered","Critically Endangered","Critically Endangered","","https://id.biodiversity.org.au/taxon/apni/51795211","Prasophyllum olidum","Prasophyllum","Orchidaceae","Asparagales","Equisetopsida","Charophyta","Plantae","Pungent Leekorchid","exactMatch",
"Caladenia brachyscapa","Caladenia brachyscapa","Short Spider-orchid","Orchidaceae","Extinct","Extinct","Extinct","","https://id.biodiversity.org.au/taxon/apni/51398835","Caladenia brachyscapa","Caladenia","Orchidaceae","Asparagales","Equisetopsida","Charophyta","Plantae","Short Spiderorchid","exactMatch",
"Monogramma dareicarpa","Monogramma dareicarpa","Grass Fern","Pteridaceae","Extinct","Extinct","Extinct","","https://id.biodiversity.org.au/node/apni/2920709","Monogramma dareicarpa","Monogramma","Pteridaceae",,"Equisetopsida","Charophyta","Plantae","Grass Fern","exactMatch",
"Tephrosia leveillei","Tephrosia leveillei","-","Fabaceae","Vulnerable","Vulnerable","Vulnerable","","https://id.biodiversity.org.au/taxon/apni/51771188","Tephrosia flagellaris","Tephrosia","Fabaceae","Fabales","Equisetopsida","Charophyta","Plantae",,"exactMatch",
"Prostanthera galbraithiae","Prostanthera galbraithiae","Wellington Mintbush","Lamiaceae","Vulnerable","Vulnerable","Vulnerable","","https://id.biodiversity.org.au/node/apni/2915516","Prostanthera galbraithiae","Prostanthera","Lamiaceae","Lamiales","Equisetopsida","Charophyta","Plantae","Wellington Mint-bush","exactMatch",
"Ctenotus zastictus","Ctenotus zastictus","Hamelin Ctenotus","Scincidae","Vulnerable","Vulnerable","Vulnerable","","https://biodiversity.org.au/afd/taxa/d37e21f5-0afb-4d0e-8563-dc0f60cc4256","Ctenotus zastictus","Ctenotus","Scincidae","Squamata","Reptilia","Chordata","Animalia","Hamelin Pool Ctenotus","exactMatch",
"Callitris oblonga subsp. corangensis","Callitris oblonga subsp. corangensis","Corang Pine","Cupressaceae","Critically Endangered","Critically Endangered","Critically Endangered","","https://id.biodiversity.org.au/node/apni/2895554","Callitris oblonga subsp. corangensis","Callitris","Cupressaceae","Pinales","Equisetopsida","Charophyta","Plantae",,"exactMatch",
"Acacia baueri subsp. aspera","Acacia baueri subsp. aspera","-","Fabaceae","Endangered","Endangered","Endangered","","https://id.biodiversity.org.au/node/apni/2892219","Acacia baueri subsp. aspera","Acacia","Fabaceae","Fabales","Equisetopsida","Charophyta","Plantae",,"exactMatch",
"Acacia menzelii","Acacia menzelii","Menzel's Wattle","Fabaceae","Vulnerable","Vulnerable","Vulnerable","","https://id.biodiversity.org.au/node/apni/2912054","Acacia menzelii","Acacia","Fabaceae","Fabales","Equisetopsida","Charophyta","Plantae","Menzel's Wattle","exactMatch",
"Leucopogon confertus","Leucopogon confertus","Torrington Beard-heath","Epacridaceae","Endangered","Endangered","Endangered","","https://id.biodiversity.org.au/taxon/apni/51767588","Styphelia conferta","Styphelia","Ericaceae","Ericales","Equisetopsida","Charophyta","Plantae",,"exactMatch",
"Erythrura gouldiae","Erythrura gouldiae","Gouldian Finch","Estrildidae","Endangered","Endangered","Endangered","","https://biodiversity.org.au/afd/taxa/27d27be2-4adb-407e-9f27-ee2d96164d18","Chloebia gouldiae","Chloebia","Estrildidae","Passeriformes","Aves","Chordata","Animalia","Gouldian Finch","exactMatch",
"Hybanthus cymulosus","Hybanthus cymulosus","Ninghan Violet","Violaceae","Critically Endangered","Critically Endangered","Critically Endangered","","https://id.biodiversity.org.au/node/apni/2911405","Hybanthus cymulosus","Hybanthus","Violaceae","Malpighiales","Equisetopsida","Charophyta","Plantae","Ninghan Violet","exactMatch",
"Isoodon obesulus obesulus","Isoodon obesulus obesulus","Southern Brown Bandicoot (eastern), Southern Brown Bandicoot (south-eastern)","Peramelidae","Endangered","Endangered","Endangered","","https://biodiversity.org.au/afd/taxa/cb5d07e1-76ba-4e07-ae4b-200b0200a0cf","Isoodon obesulus obesulus","Isoodon","Peramelidae","Peramelemorphia","Mammalia","Chordata","Animalia","Southern Brown Bandicoot (eastern)","exactMatch",
"Neosilurus gloveri","Neosilurus gloveri","Dalhousie Catfish","Plotosidae","Critically Endangered","Critically Endangered","Critically Endangered","","https://biodiversity.org.au/afd/taxa/9bdd61c1-9b46-4590-bfd9-80b3bff08ccf","Neosilurus gloveri","Neosilurus","Plotosidae","Siluriformes","Actinopterygii","Chordata","Animalia","Dalhousie Catfish","exactMatch",
"Epacris limbata","Epacris limbata","Border Heath, Bordered Heath","Epacridaceae","Critically Endangered","Critically Endangered","Critically Endangered","","https://id.biodiversity.org.au/node/apni/2901387","Epacris limbata","Epacris","Ericaceae","Ericales","Equisetopsida","Charophyta","Plantae","Bordered Heath","exactMatch",
"Neophoca cinerea","Neophoca cinerea","Australian Sea-lion, Australian Sea Lion","Otariidae","Endangered","Endangered","Endangered","","https://biodiversity.org.au/afd/taxa/68942162-d312-4934-b633-aee95c166e00","Neophoca cinerea","Neophoca","Otariidae","Carnivora","Mammalia","Chordata","Animalia","Australian Sea-lion","exactMatch",
"Orcaella heinsohni","Orcaella heinsohni","Australian Snubfin  Dolphin","Delphinidae","Vulnerable","Vulnerable","Vulnerable","","https://biodiversity.org.au/afd/taxa/70d0cb6f-e664-4b6c-9b8b-2b6c34143ad6","Orcaella heinsohni","Orcaella","Delphinidae","Artiodactyla","Mammalia","Chordata","Animalia","Australian Snubfin Dolphin","exactMatch",
"Euphrasia gibbsiae subsp. psilantherea","Euphrasia gibbsiae subsp. psilantherea","Swamp Eyebright","Scrophulariaceae","Critically Endangered","Critically Endangered","Critically Endangered","","https://id.biodiversity.org.au/node/apni/2889064","Euphrasia gibbsiae subsp. psilantherea","Euphrasia","Scrophulariaceae","Lamiales","Equisetopsida","Charophyta","Plantae","Swamp Eyebright","exactMatch",
"Eriocaulon carsonii","Eriocaulon carsonii","Salt Pipewort, Button Grass","Eriocaulaceae","Endangered","Endangered","Endangered","","https://id.biodiversity.org.au/taxon/apni/51435391","Eriocaulon carsonii","Eriocaulon","Eriocaulaceae","Poales","Equisetopsida","Charophyta","Plantae","Salt Pipewort","exactMatch",
"Lagorchestes leporides","Lagorchestes leporides","Eastern Hare-wallaby","Macropodidae","Extinct","Extinct","Extinct","","https://biodiversity.org.au/afd/taxa/1a8be414-b418-4d65-b0b1-70fe24e092ec","Lagorchestes leporides","Lagorchestes","Macropodidae","Diprotodontia","Mammalia","Chordata","Animalia","Eastern Hare-wallaby","exactMatch",
"Drummondita ericoides","Drummondita ericoides","Morseby Range Drummondita","Rutaceae","Endangered","Endangered","Endangered","","https://id.biodiversity.org.au/node/apni/2896765","Drummondita ericoides","Drummondita","Rutaceae","Sapindales","Equisetopsida","Charophyta","Plantae","Moresby Range Drummondita","exactMatch",
"Hakea aculeata","Hakea aculeata","Column Hakea","Proteaceae","Vulnerable","Vulnerable","Vulnerable","","https://id.biodiversity.org.au/node/apni/2919508","Hakea aculeata","Hakea","Proteaceae","Proteales","Equisetopsida","Charophyta","Plantae","Column Hakea","exactMatch",
"Ochrosia moorei","Ochrosia moorei","Southern Ochrosia","Apocynaceae","Endangered","Endangered","Endangered","","https://id.biodiversity.org.au/node/apni/2897687","Ochrosia moorei","Ochrosia","Apocynaceae","Gentianales","Equisetopsida","Charophyta","Plantae","Southern Ochrosia","exactMatch",
"Drummondita longifolia","Drummondita longifolia","Peak Charles Drummondita","Rutaceae","Vulnerable","Vulnerable","Vulnerable","","https://id.biodiversity.org.au/node/apni/2887752","Drummondita longifolia","Drummondita","Rutaceae","Sapindales","Equisetopsida","Charophyta","Plantae","Peak Charles Drummondita","exactMatch",
"Grevillea brachystylis subsp. grandis","Grevillea brachystylis subsp. grandis","Large-flowered Short-styled Grevillea","Proteaceae","Critically Endangered","Critically Endangered","Critically Endangered","","https://id.biodiversity.org.au/node/apni/2918130","Grevillea brachystylis subsp. grandis","Grevillea","Proteaceae","Proteales","Equisetopsida","Charophyta","Plantae","Largeflowered Shortstyled Grevillea","exactMatch",
"Geophaps smithii smithii","Geophaps smithii smithii","Partridge Pigeon (eastern)","Columbidae","Vulnerable","Vulnerable","Vulnerable","","https://biodiversity.org.au/afd/taxa/71feaa45-8cd2-4d09-968a-94baf51cdad6","Geophaps (Geophaps) smithii smithii","Geophaps","Columbidae","Columbiformes","Aves","Chordata","Animalia","Eastern Partridge Pigeon","exactMatch",
"Engaeus spinicaudatus","Engaeus spinicaudatus","Scottsdale Burrowing Crayfish","Parastacidae","Endangered","Endangered","Endangered","","https://biodiversity.org.au/afd/taxa/518f412b-8c3c-439f-bc53-4ea98d785c3a","Engaeus spinicaudatus","Engaeus","Parastacidae","Decapoda","Malacostraca","Arthropoda","Animalia","Scottsdale Burrowing Crayfish","exactMatch",
"Xanthorrhoea arenaria","Xanthorrhoea arenaria","Sand Grasstree","Xanthorrhoeaceae","Vulnerable","Vulnerable","Vulnerable","","https://id.biodiversity.org.au/node/apni/2918552","Xanthorrhoea arenaria","Xanthorrhoea","Xanthorrhoeaceae","Asparagales","Equisetopsida","Charophyta","Plantae","Sand Grasstree","exactMatch",
"Fontainea sp. Coffs Harbour (A.S.Benwell 341, NSW1102027)","Fontainea sp. Coffs Harbour (A.S.Benwell 341, NSW1102027)","-","Euphorbiaceae","Critically Endangered","Critically Endangered","Critically Endangered","","https://id.biodiversity.org.au/name/apni/51406166","Fontainea sp. Coffs Harbour (A.S.Benwell 341, NSW1102027)","Fontainea","Euphorbiaceae","Malpighiales","Equisetopsida","Charophyta","Plantae",,"exactMatch",
"Nitella parooensis","Nitella parooensis","a green alga","Characeae","Critically Endangered","Critically Endangered","Critically Endangered","","ALA_DR30474_1756","Nitella parooensis","Nitella","Characeae","Charales","Charophyceae","Chlorophyta","Plantae","A Green Alga","exactMatch",
"Dasyurus maculatus gracilis","Dasyurus maculatus gracilis","Spotted-tailed Quoll (North Queensland), Yarri","Dasyuridae","Endangered","Endangered","Endangered","","https://biodiversity.org.au/afd/taxa/6307ee70-7aa4-4a40-8700-d4563d3935a5","Dasyurus maculatus gracilis","Dasyurus","Dasyuridae","Dasyuromorphia","Mammalia","Chordata","Animalia","Spotted-tailed Quoll","exactMatch",
"Corymbia clandestina","Corymbia clandestina","-","Myrtaceae","Vulnerable","Vulnerable","Vulnerable","","https://id.biodiversity.org.au/node/apni/2897094","Corymbia clandestina","Corymbia","Myrtaceae","Myrtales","Equisetopsida","Charophyta","Plantae",,"exactMatch",
"Pseudophryne pengilleyi","Pseudophryne pengilleyi","Northern Corroboree Frog","Myobatrachidae","Critically Endangered","Critically Endangered","Critically Endangered","","https://biodiversity.org.au/afd/taxa/74b13769-4c67-4e13-8f9d-8ac9eb01edc6","Pseudophryne pengilleyi","Pseudophryne","Myobatrachidae","Anura","Amphibia","Chordata","Animalia","Northern Corroboree Frog","exactMatch",
"Olearia flocktoniae","Olearia flocktoniae","Dorrigo Daisy-bush","Asteraceae","Endangered","Endangered","Endangered","","https://id.biodiversity.org.au/taxon/apni/51745956","Olearia flocktoniae","Olearia","Asteraceae","Asterales","Equisetopsida","Charophyta","Plantae","Dorrigo Daisy Bush","exactMatch",
"Pterodroma neglecta neglecta","Pterodroma neglecta neglecta","Kermadec Petrel (western)","Procellariidae","Vulnerable","Vulnerable","Vulnerable","","https://biodiversity.org.au/afd/taxa/2b23deb2-74be-4deb-ab3e-867d7d3414d2","Pterodroma (Hallstroma) neglecta neglecta","Pterodroma","Procellariidae","Procellariiformes","Aves","Chordata","Animalia","Western Kermadec Petrel","exactMatch",
"Hemigenia ramosissima","Hemigenia ramosissima","Branched Hemigenia","Lamiaceae","Critically Endangered","Critically Endangered","Critically Endangered","","https://id.biodiversity.org.au/node/apni/2915850","Hemigenia ramosissima","Hemigenia","Lamiaceae","Lamiales","Equisetopsida","Charophyta","Plantae","Branched Hemigenia","exactMatch",
"Acacia flocktoniae","Acacia flocktoniae","Flockton Wattle","Fabaceae","Vulnerable","Vulnerable","Vulnerable","","https://id.biodiversity.org.au/node/apni/2886174","Acacia flocktoniae","Acacia","Fabaceae","Fabales","Equisetopsida","Charophyta","Plantae","Flockton Wattle","exactMatch",
"Senecio psilocarpus","Senecio psilocarpus","Swamp Fireweed, Smooth-fruited Groundsel","Asteraceae","Vulnerable","Vulnerable","Vulnerable","","https://id.biodiversity.org.au/node/apni/2892115","Senecio psilocarpus","Senecio","Asteraceae","Asterales","Equisetopsida","Charophyta","Plantae","Swamp Fireweed","exactMatch",
"Petauroides volans","Petauroides volans","Greater Glider (southern and central)","Pseudocheiridae","Endangered","Endangered","Endangered","","https://biodiversity.org.au/afd/taxa/5e2dc7c9-4cff-485b-9f71-5ed99c0c8d3e","Petauroides volans","Petauroides","Pseudocheiridae","Diprotodontia","Mammalia","Chordata","Animalia","Southern Greater Glider","exactMatch",
"Lasiopetalum pterocarpum","Lasiopetalum pterocarpum","Wing-fruited Lasiopetalum","Sterculiaceae","Endangered","Endangered","Endangered","","https://id.biodiversity.org.au/node/apni/2919163","Lasiopetalum pterocarpum","Lasiopetalum","Malvaceae","Malvales","Equisetopsida","Charophyta","Plantae","Wingfruited Lasiopetalum","exactMatch",
"Bettongia penicillata ogilbyi","Bettongia penicillata ogilbyi","Woylie","Potoroidae","Endangered","Endangered","Endangered","","https://biodiversity.org.au/afd/taxa/7af35797-7374-49bb-8fb2-c05ead3a9ef0","Bettongia penicillata ogilbyi","Bettongia","Potoroidae","Diprotodontia","Mammalia","Chordata","Animalia","Woylie","exactMatch",
"Eucalyptus broviniensis","Eucalyptus broviniensis","-","Myrtaceae","Endangered","Endangered","Endangered","","https://id.biodiversity.org.au/node/apni/2899506","Eucalyptus broviniensis","Eucalyptus","Myrtaceae","Myrtales","Equisetopsida","Charophyta","Plantae",,"exactMatch",
"Oreisplanus munionga larana","Oreisplanus munionga larana","Marrawah Skipper, Alpine Sedge Skipper, Alpine Skipper","Hesperiidae","Vulnerable","Vulnerable","Vulnerable","","https://biodiversity.org.au/afd/taxa/b5d1b5b9-0878-4390-a982-c1b4b4bd0720","Hesperilla munionga larana","Hesperilla","Hesperiidae","Lepidoptera","Insecta","Arthropoda","Animalia",,"exactMatch",
"Stylidium ensatum","Stylidium ensatum","a triggerplant","Stylidiaceae","Endangered","Endangered","Endangered","","https://id.biodiversity.org.au/node/apni/2916606","Stylidium ensatum","Stylidium","Stylidiaceae","Asterales","Equisetopsida","Charophyta","Plantae","Stylidium","exactMatch",
"Conilurus capricornensis","Conilurus capricornensis","Capricorn Rabbit-rat","Muridae","Extinct","Extinct","Extinct","","https://biodiversity.org.au/afd/taxa/be712ab1-0c93-42aa-a623-02abb0792153","Conilurus capricornensis","Conilurus","Muridae","Rodentia","Mammalia","Chordata","Animalia","Capricorn Rabbitrat","exactMatch",
"Cophixalus monticola","Cophixalus monticola","Mountain-top Nursery-frog","Microhylidae","Critically Endangered","Critically Endangered","Critically Endangered","","https://biodiversity.org.au/afd/taxa/db149801-d428-4239-ad03-a4483ea78de6","Cophixalus monticola","Cophixalus","Microhylidae","Anura","Amphibia","Chordata","Animalia","Mountain Nursery Frog","exactMatch",
"Pterostylis chlorogramma","Pterostylis chlorogramma","Green-striped Greenhood","Orchidaceae","Vulnerable","Vulnerable","Vulnerable","","https://id.biodiversity.org.au/taxon/apni/51412060","Pterostylis chlorogramma","Pterostylis","Orchidaceae","Asparagales","Equisetopsida","Charophyta","Plantae","Green-striped Greenhood","exactMatch",
"Acacia kingiana","Acacia kingiana","-","Fabaceae","Extinct","Extinct","Extinct","","https://id.biodiversity.org.au/node/apni/2896483","Acacia kingiana","Acacia","Fabaceae","Fabales","Equisetopsida","Charophyta","Plantae",,"exactMatch",
"Eucalyptus synandra","Eucalyptus synandra","Jingymia Mallee","Myrtaceae","Vulnerable","Vulnerable","Vulnerable","","https://id.biodiversity.org.au/node/apni/2920831","Eucalyptus synandra","Eucalyptus","Myrtaceae","Myrtales","Equisetopsida","Charophyta","Plantae","Skirt Mallee","exactMatch",
"Callistemon megalongensis","Callistemon megalongensis","Megalong Valley Bottlebrush","Myrtaceae","Critically Endangered","Critically Endangered","Critically Endangered","","https://id.biodiversity.org.au/node/apni/2895359","Callistemon megalongensis","Callistemon","Myrtaceae","Myrtales","Equisetopsida","Charophyta","Plantae","Megalong Valley Bottlebrush","exactMatch",
"Eucalyptus recurva","Eucalyptus recurva","Mongarlowe Mallee","Myrtaceae","Critically Endangered","Critically Endangered","Critically Endangered","","https://id.biodiversity.org.au/node/apni/2892273","Eucalyptus recurva","Eucalyptus","Myrtaceae","Myrtales","Equisetopsida","Charophyta","Plantae","Mongarlowe Mallee","exactMatch",
"Solanum dunalianum","Solanum dunalianum","-","Solanaceae","Vulnerable","Vulnerable","Vulnerable","","https://id.biodiversity.org.au/node/apni/2892728","Solanum dunalianum","Solanum","Solanaceae","Solanales","Equisetopsida","Charophyta","Plantae",,"exactMatch",
"Euastacus hystricosus","Euastacus hystricosus","Conondale Spiny Crayfish","Parastacidae","Endangered","Endangered","Endangered","","https://biodiversity.org.au/afd/taxa/77b6e3b9-5130-4aea-8c6d-791c0b3d6539","Euastacus hystricosus","Euastacus","Parastacidae","Decapoda","Malacostraca","Arthropoda","Animalia",,"exactMatch",
"Breynia macrantha","Breynia macrantha","-","Phyllanthaceae","Vulnerable","Vulnerable","Vulnerable","","https://id.biodiversity.org.au/taxon/apni/51291127","Breynia macrantha","Breynia","Phyllanthaceae","Malpighiales","Equisetopsida","Charophyta","Plantae",,"exactMatch",
"Pandanus spiralis var. flammeus","Pandanus spiralis var. flammeus","Edgar Range Pandanus","Pandanaceae","Endangered","Endangered","Endangered","","https://id.biodiversity.org.au/node/apni/7730426","Pandanus spiralis","Pandanus","Pandanaceae","Pandanales","Equisetopsida","Charophyta","Plantae","Pandanus Palm","exactMatch",
"Cryptocarya foetida","Cryptocarya foetida","Stinking Cryptocarya, Stinking Laurel","Lauraceae","Vulnerable","Vulnerable","Vulnerable","","https://id.biodiversity.org.au/node/apni/2908416","Cryptocarya foetida","Cryptocarya","Lauraceae","Laurales","Equisetopsida","Charophyta","Plantae","Stinking Laurel","exactMatch",
"Hibbertia tenuis","Hibbertia tenuis","Yundi Guinea-flower","Dilleniaceae","Critically Endangered","Critically Endangered","Critically Endangered","","https://id.biodiversity.org.au/node/apni/2916508","Hibbertia tenuis","Hibbertia","Dilleniaceae",,"Equisetopsida","Charophyta","Plantae",,"exactMatch",
"Chorizema humile","Chorizema humile","Prostrate Flame Pea","Fabaceae","Endangered","Endangered","Endangered","","https://id.biodiversity.org.au/node/apni/2898307","Chorizema humile","Chorizema","Fabaceae","Fabales","Equisetopsida","Charophyta","Plantae","Prostrate Flame Pea","exactMatch",
"Zieria collina","Zieria collina","-","Rutaceae","Vulnerable","Vulnerable","Vulnerable","","https://id.biodiversity.org.au/node/apni/2897589","Zieria collina","Zieria","Rutaceae","Sapindales","Equisetopsida","Charophyta","Plantae",,"exactMatch",
"Epilobium brunnescens subsp. beaugleholei","Epilobium brunnescens subsp. beaugleholei","Bog Willow-herb","Onagraceae","Vulnerable","Vulnerable","Vulnerable","","https://id.biodiversity.org.au/node/apni/2919559","Epilobium brunnescens subsp. beaugleholei","Epilobium","Onagraceae","Myrtales","Equisetopsida","Charophyta","Plantae","Bog Willow-herb","exactMatch",
"Isoodon obesulus nauticus","Isoodon obesulus nauticus","Southern Brown Bandicoot (Nuyts Archipelago)","Peramelidae","Vulnerable","Vulnerable","Vulnerable","","https://biodiversity.org.au/afd/taxa/0a72ddbe-548a-431a-95cf-1e433f568479","Isoodon obesulus nauticus","Isoodon","Peramelidae","Peramelemorphia","Mammalia","Chordata","Animalia","Southern Brown Bandicoot (nuyts Archipelago)","exactMatch",
"Sporobolus pamelae","Sporobolus pamelae","a grass","Poaceae","Endangered","Endangered","Endangered","","https://id.biodiversity.org.au/node/apni/2900177","Sporobolus pamelae","Sporobolus","Poaceae","Poales","Equisetopsida","Charophyta","Plantae","A Grass","exactMatch",
"Gastrolobium glaucum","Gastrolobium glaucum","Spike Poison, Wongan Poison","Fabaceae","Endangered","Endangered","Endangered","","https://id.biodiversity.org.au/node/apni/2889973","Gastrolobium glaucum","Gastrolobium","Fabaceae","Fabales","Equisetopsida","Charophyta","Plantae","Spike Poison","exactMatch",
"Cyperus semifertilis","Cyperus semifertilis","-","Cyperaceae","Vulnerable","Vulnerable","Vulnerable","","https://id.biodiversity.org.au/node/apni/2889742","Cyperus semifertilis","Cyperus","Cyperaceae","Poales","Equisetopsida","Charophyta","Plantae","Missionary Nutgrass","exactMatch",
"Eucalyptus raveretiana","Eucalyptus raveretiana","Black Ironbox","Myrtaceae","Vulnerable","Vulnerable","Vulnerable","","https://id.biodiversity.org.au/node/apni/2896993","Eucalyptus raveretiana","Eucalyptus","Myrtaceae","Myrtales","Equisetopsida","Charophyta","Plantae","Black Ironbox","exactMatch",
"Geophaps scripta scripta","Geophaps scripta scripta","Squatter Pigeon (southern)","Columbidae","Vulnerable","Vulnerable","Vulnerable","","https://biodiversity.org.au/afd/taxa/082bed5b-72fa-440f-8b16-9c8f3cd8875d","Geophaps (Geophaps) scripta scripta","Geophaps","Columbidae","Columbiformes","Aves","Chordata","Animalia","Southern Squatter Pigeon","exactMatch",
"Jacksonia pungens","Jacksonia pungens","Pungent Jacksonia","Fabaceae","Endangered","Endangered","Endangered","","https://id.biodiversity.org.au/node/apni/2894015","Jacksonia pungens","Jacksonia","Fabaceae","Fabales","Equisetopsida","Charophyta","Plantae","Pungent Jacksonia","exactMatch",
"Lemmaphyllum accedens","Lemmaphyllum accedens","-","Polypodiaceae","Extinct","Extinct","Extinct","","https://id.biodiversity.org.au/taxon/apni/51444978","Lemmaphyllum accedens","Lemmaphyllum","Polypodiaceae","Polypodiales","Equisetopsida","Charophyta","Plantae",,"exactMatch",
"Triplarina nowraensis","Triplarina nowraensis","Nowra Heath-myrtle","Myrtaceae","Endangered","Endangered","Endangered","","https://id.biodiversity.org.au/node/apni/2916958","Triplarina nowraensis","Triplarina","Myrtaceae","Myrtales","Equisetopsida","Charophyta","Plantae","Nowra Heath Myrtle","exactMatch",
"Lawrencia buchananensis","Lawrencia buchananensis","-","Malvaceae","Vulnerable","Vulnerable","Vulnerable","","https://id.biodiversity.org.au/node/apni/2889754","Lawrencia buchananensis","Lawrencia","Malvaceae","Malvales","Equisetopsida","Charophyta","Plantae",,"exactMatch",
"Planchonella eerwah","Planchonella eerwah","Shiny-leaved Condoo, Black Plum, Wild Apple","Sapotaceae","Endangered","Endangered","Endangered","","https://id.biodiversity.org.au/node/apni/2903411","Planchonella eerwah","Planchonella","Sapotaceae","Ericales","Equisetopsida","Charophyta","Plantae","Wild Apple","exactMatch",
"Spyridium eriocephalum var. glabrisepalum","Spyridium eriocephalum var. glabrisepalum","MacGillivray Spyridium","Rhamnaceae","Vulnerable","Vulnerable","Vulnerable","","https://id.biodiversity.org.au/node/apni/2887920","Spyridium eriocephalum var. glabrisepalum","Spyridium","Rhamnaceae","Rosales","Equisetopsida","Charophyta","Plantae","Macgillivray Spyridium","exactMatch",
"Notomys aquilo","Notomys aquilo","Northern Hopping-mouse, Woorrentinta","Muridae","Endangered","Endangered","Endangered","","https://biodiversity.org.au/afd/taxa/b5981535-b6c0-41e3-b573-9e383b91a9a4","Notomys aquilo","Notomys","Muridae","Rodentia","Mammalia","Chordata","Animalia","Northern Hopping-mouse","exactMatch",
"Olearia macdonnellensis","Olearia macdonnellensis","-","Asteraceae","Vulnerable","Vulnerable","Vulnerable","","https://id.biodiversity.org.au/taxon/apni/51745980","Olearia macdonnellensis","Olearia","Asteraceae","Asterales","Equisetopsida","Charophyta","Plantae","Olearia","exactMatch",
"Elseya albagula","Elseya albagula","Southern Snapping Turtle, White-throated Snapping Turtle","Chelidae","Critically Endangered","Critically Endangered","Critically Endangered","","https://biodiversity.org.au/afd/taxa/045c0c03-1711-477e-8ee5-33c81eb42099","Elseya (Pelocomastes) albagula","Elseya","Chelidae","Testudines","Reptilia","Chordata","Animalia","Southern Snapping Turtle","exactMatch",
"Ricinocarpos brevis","Ricinocarpos brevis","-","Euphorbiaceae","Endangered","Endangered","Endangered","","https://id.biodiversity.org.au/node/apni/2906525","Ricinocarpos brevis","Ricinocarpos","Euphorbiaceae","Malpighiales","Equisetopsida","Charophyta","Plantae",,"exactMatch",
"Hibbertia puberula subsp. glabrescens","Hibbertia puberula subsp. glabrescens","-","Dilleniaceae","Critically Endangered","Critically Endangered","Critically Endangered","","https://id.biodiversity.org.au/node/apni/2906171","Hibbertia puberula subsp. glabrescens","Hibbertia","Dilleniaceae",,"Equisetopsida","Charophyta","Plantae",,"exactMatch",
"Amytornis merrotsyi merrotsyi","Amytornis merrotsyi merrotsyi","Short-tailed Grasswren (Flinders Ranges)","Maluridae","Vulnerable","Vulnerable","Vulnerable","","https://biodiversity.org.au/afd/taxa/d630e99a-5b97-44cc-a353-46facfee8364","Amytornis (Cryptamytis) merrotsyi merrotsyi","Amytornis","Maluridae","Passeriformes","Aves","Chordata","Animalia","Flinders Ranges Short-tailed Grasswren","exactMatch",
"Caladenia barbarella","Caladenia barbarella","Small Dragon Orchid, Common Dragon Orchid","Orchidaceae","Endangered","Endangered","Endangered","","https://id.biodiversity.org.au/taxon/apni/51398821","Caladenia barbarella","Caladenia","Orchidaceae","Asparagales","Equisetopsida","Charophyta","Plantae","Small Dragon Orchid","exactMatch",
"Emoia nativitatis","Emoia nativitatis","Christmas Island Forest Skink, Christmas Island Whiptail-skink","Scincidae","Extinct","Extinct","Extinct","","https://biodiversity.org.au/afd/taxa/286824cf-fce6-4101-9c37-6dac6fcd9593","Emoia nativitatis","Emoia","Scincidae","Squamata","Reptilia","Chordata","Animalia","Christmas Island Whiptail-skink","exactMatch",
"Phaius australis","Phaius australis","Lesser Swamp-orchid","Orchidaceae","Endangered","Endangered","Endangered","","https://id.biodiversity.org.au/taxon/apni/51407850","Phaius australis","Phaius","Orchidaceae","Asparagales","Equisetopsida","Charophyta","Plantae","Southern Swamp Orchid","exactMatch",
"Typhonium sp. Cox Peninsula (S.Nicholas 15/12/1999)","Typhonium sp. Cox Peninsula (S.Nicholas 15/12/1999)","-","Araceae","Endangered","Endangered","Endangered","","https://id.biodiversity.org.au/name/apni/51764149","Typhonium sp. Cox Peninsula (S.Nicholas 15/12/1999)","Typhonium","Araceae","Alismatales","Equisetopsida","Charophyta","Plantae",,"exactMatch",
"Asterolasia asteriscophora subsp. albiflora","Asterolasia asteriscophora subsp. albiflora","White Star-bush","Rutaceae","Critically Endangered","Critically Endangered","Critically Endangered","","https://id.biodiversity.org.au/node/apni/2896781","Asterolasia asteriscophora subsp. albiflora","Asterolasia","Rutaceae","Sapindales","Equisetopsida","Charophyta","Plantae","White Starbush","exactMatch",
"Cyclophyllum costatum","Cyclophyllum costatum","a shrub","Rubiaceae","Vulnerable","Vulnerable","Vulnerable","","https://id.biodiversity.org.au/node/apni/2896301","Cyclophyllum costatum","Cyclophyllum","Rubiaceae","Gentianales","Equisetopsida","Charophyta","Plantae",,"exactMatch",
"Hypocalymma sp. Cascade (R.Bruhn 20896)","Hypocalymma sp. Cascade (R.Bruhn 20896)","-","Myrtaceae","Endangered","Endangered","Endangered","","https://id.biodiversity.org.au/node/apni/2886939","Hypocalymma sp. Cascade (R.Bruhn 20896 CAS)","Hypocalymma","Myrtaceae","Myrtales","Equisetopsida","Charophyta","Plantae",,"exactMatch",
"Hypotaenidia philippensis andrewsi","Hypotaenidia philippensis andrewsi","Buff-banded Rail (Cocos (Keeling) Islands), Ayam Hutan","Rallidae","Endangered","Endangered","Endangered","","https://biodiversity.org.au/afd/taxa/a7ee0bea-3061-4277-975f-a6b512078689","Hypotaenidia philippensis andrewsi","Hypotaenidia","Rallidae","Gruiformes","Aves","Chordata","Animalia","Cocos Keeling Buff-banded Rail","exactMatch",
"Acacia atrox","Acacia atrox","Myall Creek Wattle","Fabaceae","Critically Endangered","Critically Endangered","Critically Endangered","","https://id.biodiversity.org.au/node/apni/2894816","Acacia atrox","Acacia","Fabaceae","Fabales","Equisetopsida","Charophyta","Plantae","Myall Creek Wattle","exactMatch",
"Corymbia leptoloma","Corymbia leptoloma","Yellowjacket","Myrtaceae","Vulnerable","Vulnerable","Vulnerable","","https://id.biodiversity.org.au/node/apni/2900036","Corymbia leptoloma","Corymbia","Myrtaceae","Myrtales","Equisetopsida","Charophyta","Plantae","Yellowjacket","exactMatch",
"Sminthopsis douglasi","Sminthopsis douglasi","Julia Creek Dunnart","Dasyuridae","Vulnerable","Vulnerable","Vulnerable","","https://biodiversity.org.au/afd/taxa/2b7abc36-1341-4566-a887-a72b54381ddd","Sminthopsis douglasi","Sminthopsis","Dasyuridae","Dasyuromorphia","Mammalia","Chordata","Animalia","Julia Creek Dunnart","exactMatch",
"Diuris basaltica","Diuris basaltica","Small Golden Moths Orchid, Early Golden Moths","Orchidaceae","Endangered","Endangered","Endangered","","https://id.biodiversity.org.au/taxon/apni/51404167","Diuris basaltica","Diuris","Orchidaceae","Asparagales","Equisetopsida","Charophyta","Plantae","Small Golden Moths Orchid","exactMatch",
"Eremophila pinnatifida","Eremophila pinnatifida","Pinnate-leaf Eremophila","Myoporaceae","Endangered","Endangered","Endangered","","https://id.biodiversity.org.au/node/apni/2917660","Eremophila pinnatifida","Eremophila","Scrophulariaceae","Lamiales","Equisetopsida","Charophyta","Plantae","Dalwallinu Eremophila","exactMatch",
"Pristis clavata","Pristis clavata","Dwarf Sawfish, Queensland Sawfish","Pristidae","Vulnerable","Vulnerable","Vulnerable","","https://biodiversity.org.au/afd/taxa/89b65b8d-5fc6-421d-8311-63265fd6eacf","Pristis clavata","Pristis","Pristidae","Rhinopristiformes","Chondrichthyes","Chordata","Animalia","Dwarf Sawfish","exactMatch",
"Gastrolobium argyrotrichum","Gastrolobium argyrotrichum","Metricup Pea","Fabaceae","Critically Endangered","Critically Endangered","Critically Endangered","","https://id.biodiversity.org.au/taxon/apni/51285595","Gastrolobium argyrotrichum","Gastrolobium","Fabaceae","Fabales","Equisetopsida","Charophyta","Plantae","Metricup Pea","exactMatch",
"Phreatia paleata","Phreatia paleata","White Lace Orchid","Orchidaceae","Endangered","Endangered","Endangered","","https://id.biodiversity.org.au/taxon/apni/51458685","Eria paleata","Eria","Orchidaceae","Asparagales","Equisetopsida","Charophyta","Plantae",,"exactMatch",
"Caladenia caesarea subsp. maritima","Caladenia caesarea subsp. maritima","Cape Spider-orchid","Orchidaceae","Endangered","Endangered","Endangered","","https://id.biodiversity.org.au/taxon/apni/51398861","Caladenia caesarea subsp. maritima","Caladenia","Orchidaceae","Asparagales","Equisetopsida","Charophyta","Plantae","Cape Mustard Orchid","exactMatch",
"Perameles bougainville fasciata","Perameles bougainville fasciata","Western Barred Bandicoot (eastern), Liverpool Plains Striped Bandicoot","Peramelidae","Extinct","Extinct","Extinct","","https://biodiversity.org.au/afd/taxa/2312bcff-fa26-4a88-a63e-bbad04c1a478","Perameles fasciata","Perameles","Peramelidae","Peramelemorphia","Mammalia","Chordata","Animalia",,"exactMatch",
"Banksia ionthocarpa","Banksia ionthocarpa","Kamballup Dryandra","Proteaceae","Endangered","Endangered","Endangered","","https://id.biodiversity.org.au/node/apni/2887290","Banksia ionthocarpa","Banksia","Proteaceae","Proteales","Equisetopsida","Charophyta","Plantae","Kamballup Dryandra","exactMatch",
"Euphrasia collina subsp. osbornii","Euphrasia collina subsp. osbornii","Osborn's Eyebright","Scrophulariaceae","Endangered","Endangered","Endangered","","https://id.biodiversity.org.au/node/apni/2910894","Euphrasia collina subsp. osbornii","Euphrasia","Scrophulariaceae","Lamiales","Equisetopsida","Charophyta","Plantae","Osborn's Eyebright","exactMatch",
"Genoplesium rhyoliticum","Genoplesium rhyoliticum","Pambula Midge-orchid","Orchidaceae","Endangered","Endangered","Endangered","","https://id.biodiversity.org.au/taxon/apni/51441330","Corunastylis rhyolitica","Corunastylis","Orchidaceae","Asparagales","Equisetopsida","Charophyta","Plantae","Rhyolite Midge Orchid","exactMatch",
"Goodenia arthrotricha","Goodenia arthrotricha","-","Goodeniaceae","Endangered","Endangered","Endangered","","https://id.biodiversity.org.au/node/apni/2898367","Goodenia arthrotricha","Goodenia","Goodeniaceae","Asterales","Equisetopsida","Charophyta","Plantae",,"exactMatch",
"Spyridium furculentum","Spyridium furculentum","Forked Spyridium","Rhamnaceae","Endangered","Endangered","Endangered","","https://id.biodiversity.org.au/node/apni/2920269","Spyridium furculentum","Spyridium","Rhamnaceae","Rosales","Equisetopsida","Charophyta","Plantae","Forked Spyridium","exactMatch",
"Acacia insolita subsp. recurva","Acacia insolita subsp. recurva","Yornaning Wattle","Fabaceae","Endangered","Endangered","Endangered","","https://id.biodiversity.org.au/node/apni/2900706","Acacia insolita subsp. recurva","Acacia","Fabaceae","Fabales","Equisetopsida","Charophyta","Plantae","Yornaning Wattle","exactMatch",
"Verticordia fimbrilepis subsp. australis","Verticordia fimbrilepis subsp. australis","Southern Shy Featherflower","Myrtaceae","Vulnerable","Vulnerable","Vulnerable","","https://id.biodiversity.org.au/node/apni/2896437","Verticordia fimbrilepis subsp. australis","Verticordia","Myrtaceae","Myrtales","Equisetopsida","Charophyta","Plantae","Southern Shy Featherflower","exactMatch",
"Wurmbea tubulosa","Wurmbea tubulosa","Long-flowered Nancy","Liliaceae","Endangered","Endangered","Endangered","","https://id.biodiversity.org.au/node/apni/2896606","Wurmbea tubulosa","Wurmbea","Colchicaceae","Liliales","Equisetopsida","Charophyta","Plantae","Long-flowered Nancy","exactMatch",
"Caladenia intuta","Caladenia intuta","Ghost Spider-orchid","Orchidaceae","Critically Endangered","Critically Endangered","Critically Endangered","","https://id.biodiversity.org.au/taxon/apni/51399111","Caladenia intuta","Caladenia","Orchidaceae","Asparagales","Equisetopsida","Charophyta","Plantae","Ghost Spiderorchid","exactMatch",
"Genoplesium vernale","Genoplesium vernale","East Lynne Midge-orchid","Orchidaceae","Vulnerable","Vulnerable","Vulnerable","","https://id.biodiversity.org.au/taxon/apni/51441426","Corunastylis vernalis","Corunastylis","Orchidaceae","Asparagales","Equisetopsida","Charophyta","Plantae","East Lynne Midge Orchid","exactMatch",
"Hibbertia praemorsa","Hibbertia praemorsa","Bundanoon Guinea-flower","Dilleniaceae","Endangered","Endangered","Endangered","","https://id.biodiversity.org.au/node/apni/2916364","Hibbertia praemorsa","Hibbertia","Dilleniaceae",,"Equisetopsida","Charophyta","Plantae","Bundanoon Guinea Flower","exactMatch",
"Rattus macleari","Rattus macleari","Maclear's Rat, Christmas Island Rat","Muridae","Extinct","Extinct","Extinct","","https://biodiversity.org.au/afd/taxa/69f112e8-3fb0-4ef4-a776-8b228b807d8d","Rattus macleari","Rattus","Muridae","Rodentia","Mammalia","Chordata","Animalia","Maclear's Rat","exactMatch",
"Deyeuxia talariata","Deyeuxia talariata","Skirted Bent-grass","Poaceae","Endangered","Endangered","Endangered","","https://id.biodiversity.org.au/node/apni/2913997","Deyeuxia talariata","Deyeuxia","Poaceae","Poales","Equisetopsida","Charophyta","Plantae","Skirted Bent-grass","exactMatch",
"Pultenaea maidenii","Pultenaea maidenii","Maiden's Bush-pea","Fabaceae","Extinct","Extinct","Extinct","","https://id.biodiversity.org.au/node/apni/2917771","Pultenaea maidenii","Pultenaea","Fabaceae","Fabales","Equisetopsida","Charophyta","Plantae","Maidens Bush-pea","exactMatch",
"Pseudomugil mellis","Pseudomugil mellis","Honey Blue Eye, Honey Blue-eye","Pseudomugilidae","Endangered","Endangered","Endangered","","https://biodiversity.org.au/afd/taxa/1243bf40-dbce-477f-8a63-5e81c4ba38ef","Pseudomugil mellis","Pseudomugil","Pseudomugilidae","Atheriniformes","Actinopterygii","Chordata","Animalia","Honey Blue Eye","exactMatch",
"Calamanthus pyrrhopygius parkeri","Calamanthus pyrrhopygius parkeri","Chestnut-rumped Heathwren (Mt Lofty Ranges)","Acanthizidae","Endangered","Endangered","Endangered","","https://biodiversity.org.au/afd/taxa/bfaea3ea-fc52-4d22-a1fe-836383804c5e","Hylacola pyrrhopygia parkeri","Hylacola","Acanthizidae","Passeriformes","Aves","Chordata","Animalia",,"exactMatch",
"Rhincodon typus","Rhincodon typus","Whale Shark","Rhincodontidae","Vulnerable","Vulnerable","Vulnerable","","https://biodiversity.org.au/afd/taxa/6904e129-8196-4a7e-99d6-2db05adb58dc","Rhincodon typus","Rhincodon","Rhincodontidae","Orectolobiformes","Chondrichthyes","Chordata","Animalia","Whale Shark","exactMatch",
"Oligosoma lichenigerum","Oligosoma lichenigerum","Lord Howe and Norfolk Islands Skink, Lord Howe Island Skink","Scincidae","Vulnerable","Vulnerable","Vulnerable","","https://biodiversity.org.au/afd/taxa/803be932-5e9e-48a1-a025-ba68962864f9","Oligosoma lichenigerum","Oligosoma","Scincidae","Squamata","Reptilia","Chordata","Animalia","Lord Howe Island Skink","exactMatch",
"Acacia lanigera var. gracilipes","Acacia lanigera var. gracilipes","-","Fabaceae","Endangered","Endangered","Endangered","","https://id.biodiversity.org.au/node/apni/2899726","Acacia lanigera var. gracilipes","Acacia","Fabaceae","Fabales","Equisetopsida","Charophyta","Plantae","Woolly Wattle","exactMatch",
"Allocasuarina simulans","Allocasuarina simulans","Nabiac Casuarina","Casuarinaceae","Vulnerable","Vulnerable","Vulnerable","","https://id.biodiversity.org.au/node/apni/2901300","Allocasuarina simulans","Allocasuarina","Casuarinaceae","Fagales","Equisetopsida","Charophyta","Plantae","Nabiac Casuarina","exactMatch",
"Glyphis glyphis","Glyphis glyphis","Speartooth Shark","Carcharhinidae","Critically Endangered","Critically Endangered","Critically Endangered","","https://biodiversity.org.au/afd/taxa/2a971680-b934-4709-86e7-80c5f3b9cf1b","Glyphis glyphis","Glyphis","Carcharhinidae","Carcharhiniformes","Chondrichthyes","Chordata","Animalia","Speartooth Shark","exactMatch",
"Brachyscome papillosa","Brachyscome papillosa","Mossgiel Daisy","Asteraceae","Vulnerable","Vulnerable","Vulnerable","","https://id.biodiversity.org.au/node/apni/2915300","Brachyscome papillosa","Brachyscome","Asteraceae","Asterales","Equisetopsida","Charophyta","Plantae","Mossgiel Daisy","exactMatch",
"Xylopia monosperma","Xylopia monosperma","a shrub","Annonaceae","Endangered","Endangered","Endangered","","https://id.biodiversity.org.au/node/apni/2903202","Xylopia monosperma","Xylopia","Annonaceae","Magnoliales","Equisetopsida","Charophyta","Plantae","Xylopia","exactMatch",
"Acacia handonis","Acacia handonis","Hando's Wattle, Percy Grant Wattle","Fabaceae","Vulnerable","Vulnerable","Vulnerable","","https://id.biodiversity.org.au/node/apni/2898416","Acacia handonis","Acacia","Fabaceae","Fabales","Equisetopsida","Charophyta","Plantae","Hando's Wattle","exactMatch",
"Eucalyptus kabiana","Eucalyptus kabiana","Mount Beerwah Mallee","Myrtaceae","Vulnerable","Vulnerable","Vulnerable","","https://id.biodiversity.org.au/node/apni/2908249","Eucalyptus kabiana","Eucalyptus","Myrtaceae","Myrtales","Equisetopsida","Charophyta","Plantae","Mt. Beerwah Mallee","exactMatch",
"Eucalyptus parvula","Eucalyptus parvula","Small-leaved Gum","Myrtaceae","Vulnerable","Vulnerable","Vulnerable","","https://id.biodiversity.org.au/node/apni/2886569","Eucalyptus parvula","Eucalyptus","Myrtaceae","Myrtales","Equisetopsida","Charophyta","Plantae","Small-leaved Gum","exactMatch",
"Eucalyptus gunnii subsp. divaricata","Eucalyptus gunnii subsp. divaricata","Miena Cider Gum","Myrtaceae","Endangered","Endangered","Endangered","","https://id.biodiversity.org.au/node/apni/7635790","Eucalyptus gunnii subsp. divaricata","Eucalyptus","Myrtaceae","Myrtales","Equisetopsida","Charophyta","Plantae","Miena Cider Gum","exactMatch",
"Pristis pristis","Pristis pristis","Largetooth Sawfish, Freshwater Sawfish, River Sawfish, Leichhardt's Sawfish, Northern Sawfish","Pristidae","Endangered","Endangered","Endangered","","https://biodiversity.org.au/afd/taxa/7c138bfe-7dc0-42ca-8969-eeebf78fa806","Pristis pristis","Pristis","Pristidae","Rhinopristiformes","Chondrichthyes","Chordata","Animalia","Freshwater Sawfish","exactMatch",
"Pipistrellus murrayi","Pipistrellus murrayi","Christmas Island Pipistrelle","Vespertilionidae","Extinct","Extinct","Extinct","","https://biodiversity.org.au/afd/taxa/898acfa0-1ff7-48b4-80bc-af9cb375616e","Pipistrellus murrayi","Pipistrellus","Vespertilionidae","Chiroptera","Mammalia","Chordata","Animalia","Christmas Island Pipistrelle","exactMatch",
"Borya mirabilis","Borya mirabilis","Grampians Pincushion-lily","Boryaceae","Endangered","Endangered","Endangered","","https://id.biodiversity.org.au/node/apni/2900081","Borya mirabilis","Borya","Boryaceae","Asparagales","Equisetopsida","Charophyta","Plantae","Grampians Pincushionlily","exactMatch",
"Verticordia pityrhops","Verticordia pityrhops","Little Pine Verticordia, Pine-like Featherflower","Myrtaceae","Endangered","Endangered","Endangered","","https://id.biodiversity.org.au/node/apni/2915544","Verticordia pityrhops","Verticordia","Myrtaceae","Myrtales","Equisetopsida","Charophyta","Plantae","Pinelike Featherflower","exactMatch",
"Grevillea maccutcheonii","Grevillea maccutcheonii","McCutcheon's Grevillea","Proteaceae","Endangered","Endangered","Endangered","","https://id.biodiversity.org.au/node/apni/2902224","Grevillea maccutcheonii","Grevillea","Proteaceae","Proteales","Equisetopsida","Charophyta","Plantae","Mccutcheon's Grevillea","exactMatch",
"Cherax robustus","Cherax robustus","Sand Yabby","Parastacidae","Vulnerable","Vulnerable","Vulnerable","","https://biodiversity.org.au/afd/taxa/e7327128-839c-4f35-af8d-9f538f26309e","Cherax robustus","Cherax","Parastacidae","Decapoda","Malacostraca","Arthropoda","Animalia",,"exactMatch",
"Thylacinus cynocephalus","Thylacinus cynocephalus","Thylacine, Tasmanian Tiger","Thylacinidae","Extinct","Extinct","Extinct","","https://biodiversity.org.au/afd/taxa/bc150e0a-660a-48bc-be74-bca735d54179","Thylacinus cynocephalus","Thylacinus","Thylacinidae","Dasyuromorphia","Mammalia","Chordata","Animalia","Thylacine","exactMatch",
"Acacia crombiei","Acacia crombiei","Pink Gidgee","Fabaceae","Vulnerable","Vulnerable","Vulnerable","","https://id.biodiversity.org.au/node/apni/2891270","Acacia crombiei","Acacia","Fabaceae","Fabales","Equisetopsida","Charophyta","Plantae","Pink Gidgee","exactMatch",
"Baloskion longipes","Baloskion longipes","Dense Cord-rush","Restionaceae","Vulnerable","Vulnerable","Vulnerable","","https://id.biodiversity.org.au/node/apni/2891860","Baloskion longipes","Baloskion","Restionaceae","Poales","Equisetopsida","Charophyta","Plantae","Dense Cordrush","exactMatch",
"Rhodamnia angustifolia","Rhodamnia angustifolia","Narrow-leaved Malletwood","Myrtaceae","Critically Endangered","Critically Endangered","Critically Endangered","","https://id.biodiversity.org.au/taxon/apni/51782444","Rhodamnia angustifolia","Rhodamnia","Myrtaceae","Myrtales","Equisetopsida","Charophyta","Plantae","Narrow-leaved Malletwood","exactMatch",
"Philotheca falcata","Philotheca falcata","Sickle-leaved Waxflower","Rutaceae","Critically Endangered","Critically Endangered","Critically Endangered","","https://id.biodiversity.org.au/node/apni/2913108","Philotheca falcata","Philotheca","Rutaceae","Sapindales","Equisetopsida","Charophyta","Plantae","Sickleleaved Waxflower","exactMatch",
"Pomaderris brunnea","Pomaderris brunnea","Rufous Pomaderris, Brown Pomaderris","Rhamnaceae","Vulnerable","Vulnerable","Vulnerable","","https://id.biodiversity.org.au/node/apni/2886209","Pomaderris brunnea","Pomaderris","Rhamnaceae","Rosales","Equisetopsida","Charophyta","Plantae","Brown Pomaderris","exactMatch",
"Acacia bynoeana","Acacia bynoeana","Bynoe's Wattle, Tiny Wattle","Fabaceae","Vulnerable","Vulnerable","Vulnerable","","https://id.biodiversity.org.au/node/apni/2897229","Acacia bynoeana","Acacia","Fabaceae","Fabales","Equisetopsida","Charophyta","Plantae","Bynoe's Wattle","exactMatch",
"Prasophyllum affine","Prasophyllum affine","Jervis Bay Leek Orchid","Orchidaceae","Endangered","Endangered","Endangered","","https://id.biodiversity.org.au/taxon/apni/51794952","Prasophyllum affine","Prasophyllum","Orchidaceae","Asparagales","Equisetopsida","Charophyta","Plantae","Heathland Leek-orchid","exactMatch",
"Acacia axillaris","Acacia axillaris","Midlands Mimosa, Midlands Wattle","Fabaceae","Vulnerable","Vulnerable","Vulnerable","","https://id.biodiversity.org.au/node/apni/2911902","Acacia axillaris","Acacia","Fabaceae","Fabales","Equisetopsida","Charophyta","Plantae","Midlands Wattle","exactMatch",
"Zieria baeuerlenii","Zieria baeuerlenii","Bomaderry Zieria, Bomaderry Creek Zieria","Rutaceae","Endangered","Endangered","Endangered","","https://id.biodiversity.org.au/node/apni/2898536","Zieria baeuerlenii","Zieria","Rutaceae","Sapindales","Equisetopsida","Charophyta","Plantae","Bomaderry Zieria","exactMatch",
"Acacia macnuttiana","Acacia macnuttiana","McNutt's Wattle","Fabaceae","Vulnerable","Vulnerable","Vulnerable","","https://id.biodiversity.org.au/node/apni/2901778","Acacia macnuttiana","Acacia","Fabaceae","Fabales","Equisetopsida","Charophyta","Plantae","Mcnutt's Wattle","exactMatch",
"Thalassarche cauta","Thalassarche cauta","Shy Albatross","Diomedeidae","Endangered","Endangered","Endangered","","https://biodiversity.org.au/afd/taxa/b0592117-21ee-4351-a745-cea3e2cbcfcf","Thalassarche cauta","Thalassarche","Diomedeidae","Procellariiformes","Aves","Chordata","Animalia","Shy Albatross","exactMatch",
"Euphrasia arguta","Euphrasia arguta","-","Scrophulariaceae","Critically Endangered","Critically Endangered","Critically Endangered","","https://id.biodiversity.org.au/node/apni/2897576","Euphrasia arguta","Euphrasia","Scrophulariaceae","Lamiales","Equisetopsida","Charophyta","Plantae",,"exactMatch",
"Leucopogon cryptanthus","Leucopogon cryptanthus","Small-flowered Leucopogon","Epacridaceae","Extinct","Extinct","Extinct","","https://id.biodiversity.org.au/node/apni/2887122","Leucopogon cryptanthus","Leucopogon","Ericaceae","Ericales","Equisetopsida","Charophyta","Plantae","Smallflowered Leucopogon","exactMatch",
"Gastrolobium graniticum","Gastrolobium graniticum","Granite Poison","Fabaceae","Endangered","Endangered","Endangered","","https://id.biodiversity.org.au/node/apni/2900542","Gastrolobium graniticum","Gastrolobium","Fabaceae","Fabales","Equisetopsida","Charophyta","Plantae","Granite Poison","exactMatch",
"Tympanocryptis mccartneyi","Tympanocryptis mccartneyi","Bathurst Grassland Earless Dragon","Agamidae","Critically Endangered","Critically Endangered","Critically Endangered","","https://biodiversity.org.au/afd/taxa/dc62b72a-6a09-4279-acc6-e233d8f9ebc8","Tympanocryptis mccartneyi","Tympanocryptis","Agamidae","Squamata","Reptilia","Chordata","Animalia","Bathurst Grassland Earless Dragon","exactMatch",
"Rhinerrhizopsis matutina","Rhinerrhizopsis matutina","-","Orchidaceae","Vulnerable","Vulnerable","Vulnerable","","https://id.biodiversity.org.au/taxon/apni/51794800","Bogoria matutina","Bogoria","Orchidaceae","Asparagales","Equisetopsida","Charophyta","Plantae","Freckle Orchid","exactMatch",
"Ozothamnus vagans","Ozothamnus vagans","Wollumbin Dogwood","Asteraceae","Vulnerable","Vulnerable","Vulnerable","","https://id.biodiversity.org.au/node/apni/2918692","Ozothamnus vagans","Ozothamnus","Asteraceae","Asterales","Equisetopsida","Charophyta","Plantae","Wollumbin Dogwood","exactMatch",
"Grevillea quadricauda","Grevillea quadricauda","-","Proteaceae","Vulnerable","Vulnerable","Vulnerable","","https://id.biodiversity.org.au/node/apni/2913939","Grevillea quadricauda","Grevillea","Proteaceae","Proteales","Equisetopsida","Charophyta","Plantae","Four-tailed Grevillea","exactMatch",
"Verticordia apecta","Verticordia apecta","Hay River Featherflower, Scruffy Verticordia","Myrtaceae","Critically Endangered","Critically Endangered","Critically Endangered","","https://id.biodiversity.org.au/node/apni/2888504","Verticordia apecta","Verticordia","Myrtaceae","Myrtales","Equisetopsida","Charophyta","Plantae","Scruffy Verticordia","exactMatch",
"Callistemon forresterae","Callistemon forresterae","Forrester's Bottlebrush","Myrtaceae","Vulnerable","Vulnerable","Vulnerable","","https://id.biodiversity.org.au/node/apni/2899993","Callistemon forresterae","Callistemon","Myrtaceae","Myrtales","Equisetopsida","Charophyta","Plantae","Forrester's Bottlebrush","exactMatch",
"Thelymitra kangaloonica","Thelymitra kangaloonica","Kangaloon Sun Orchid","Orchidaceae","Critically Endangered","Critically Endangered","Critically Endangered","","https://id.biodiversity.org.au/taxon/apni/51414328","Thelymitra kangaloonica","Thelymitra","Orchidaceae","Asparagales","Equisetopsida","Charophyta","Plantae","Kangaloon Sun Orchid","exactMatch",
"Phebalium speciosum","Phebalium speciosum","-","Rutaceae","Critically Endangered","Critically Endangered","Critically Endangered","","https://id.biodiversity.org.au/node/apni/7858463","Phebalium speciosum","Phebalium","Rutaceae","Sapindales","Equisetopsida","Charophyta","Plantae",,"exactMatch",
"Trichosurus vulpecula arnhemensis","Trichosurus vulpecula arnhemensis","Northern Brushtail Possum","Phalangeridae","Vulnerable","Vulnerable","Vulnerable","","https://biodiversity.org.au/afd/taxa/4a124472-f2b3-43e7-a30e-7fcc5bf479cf","Trichosurus vulpecula arnhemensis","Trichosurus","Phalangeridae","Diprotodontia","Mammalia","Chordata","Animalia","Northern Brushtail Possum","exactMatch",
"Varanus mertensi","Varanus mertensi","Mertens' Water Monitor","Varanidae","Endangered","Endangered","Endangered","","https://biodiversity.org.au/afd/taxa/de15c66f-5f21-4b9c-b3b2-1e46319d2096","Varanus mertensi","Varanus","Varanidae","Squamata","Reptilia","Chordata","Animalia","Mertens' Water Monitor","exactMatch",
"Syzygium hodgkinsoniae","Syzygium hodgkinsoniae","Smooth-bark Rose Apple, Red Lilly Pilly","Myrtaceae","Vulnerable","Vulnerable","Vulnerable","","https://id.biodiversity.org.au/node/apni/2915336","Syzygium hodgkinsoniae","Syzygium","Myrtaceae","Myrtales","Equisetopsida","Charophyta","Plantae","Red Lilly Pilly","exactMatch",
"Phaethon lepturus fulvus","Phaethon lepturus fulvus","Christmas Island White-tailed Tropicbird, Golden Bosunbird","Phaethontidae","Endangered","Endangered","Endangered","","https://biodiversity.org.au/afd/taxa/d8f05749-250c-4942-865e-323971c85c39","Phaethon lepturus fulvus","Phaethon","Phaethontidae","Phaethontiformes","Aves","Chordata","Animalia","Christmas Island White-tailed Tropicbird","exactMatch",
"Aponogeton prolifer","Aponogeton prolifer","an aquatic herb","Aponogetonaceae","Endangered","Endangered","Endangered","","https://id.biodiversity.org.au/taxon/apni/51736699","Aponogeton prolifer","Aponogeton","Aponogetonaceae","Alismatales","Equisetopsida","Charophyta","Plantae","An Aquatic Herb","exactMatch",
"Zieria exsul","Zieria exsul","Banished Stink Bush","Rutaceae","Critically Endangered","Critically Endangered","Critically Endangered","","https://id.biodiversity.org.au/node/apni/2902255","Zieria exsul","Zieria","Rutaceae","Sapindales","Equisetopsida","Charophyta","Plantae","Banished Stink Bush","exactMatch",
"Telopea aspera","Telopea aspera","Gibraltar Waratah","Proteaceae","Endangered","Endangered","Endangered","","https://id.biodiversity.org.au/node/apni/2891411","Telopea aspera","Telopea","Proteaceae","Proteales","Equisetopsida","Charophyta","Plantae","Gibraltar Range Waratah","exactMatch",
"Chamelaucium sp. S coastal plain (R.D.Royce 4872)","Chamelaucium sp. S coastal plain (R.D.Royce 4872)","Royce's Waxflower","Myrtaceae","Vulnerable","Vulnerable","Vulnerable","","https://id.biodiversity.org.au/taxon/apni/51781785","Chamelaucium roycei","Chamelaucium","Myrtaceae","Myrtales","Equisetopsida","Charophyta","Plantae",,"exactMatch",
"Senecio behrianus","Senecio behrianus","Stiff Groundsel, Behr's Groundsel","Asteraceae","Endangered","Endangered","Endangered","","https://id.biodiversity.org.au/node/apni/2898428","Senecio behrianus","Senecio","Asteraceae","Asterales","Equisetopsida","Charophyta","Plantae","Behr's Groundsel","exactMatch",
"Eucalyptus imlayensis","Eucalyptus imlayensis","Imlay Mallee, Mount Imlay Mallee","Myrtaceae","Critically Endangered","Critically Endangered","Critically Endangered","","https://id.biodiversity.org.au/node/apni/2899202","Eucalyptus imlayensis","Eucalyptus","Myrtaceae","Myrtales","Equisetopsida","Charophyta","Plantae","Imlay Mallee","exactMatch",
"Thalassarche bulleri","Thalassarche bulleri","Buller's Albatross, Pacific Albatross","Diomedeidae","Vulnerable","Vulnerable","Vulnerable","","https://biodiversity.org.au/afd/taxa/49da4af7-9827-42ab-94f7-dab04f52199a","Thalassarche bulleri","Thalassarche","Diomedeidae","Procellariiformes","Aves","Chordata","Animalia","Buller's Albatross","exactMatch",
"Phlegmariurus filiformis","Phlegmariurus filiformis","Rat's Tail Tassel-fern","Lycopodiaceae","Endangered","Endangered","Endangered","","https://id.biodiversity.org.au/node/apni/2896005","Phlegmariurus filiformis","Phlegmariurus","Lycopodiaceae","Lycopodiales","Equisetopsida","Charophyta","Plantae","Rat's Tail Tasselfern","exactMatch",
"Acacia constablei","Acacia constablei","Narrabarba Wattle","Fabaceae","Critically Endangered","Critically Endangered","Critically Endangered","","https://id.biodiversity.org.au/node/apni/2918275","Acacia constablei","Acacia","Fabaceae","Fabales","Equisetopsida","Charophyta","Plantae","Narrabarba Wattle","exactMatch",
"Achyranthes arborescens","Achyranthes arborescens","Chaff Tree, Soft-wood","Amaranthaceae","Critically Endangered","Critically Endangered","Critically Endangered","","https://id.biodiversity.org.au/node/apni/2889394","Achyranthes arborescens","Achyranthes","Amaranthaceae","Caryophyllales","Equisetopsida","Charophyta","Plantae","Softwood","exactMatch",
"Grevillea evansiana","Grevillea evansiana","-","Proteaceae","Vulnerable","Vulnerable","Vulnerable","","https://id.biodiversity.org.au/node/apni/2913388","Grevillea evansiana","Grevillea","Proteaceae","Proteales","Equisetopsida","Charophyta","Plantae","Evans Grevillea","exactMatch",
"Acacia courtii","Acacia courtii","Three Brothers Wattle, Brother Wattle, Northern Brother Wattle","Fabaceae","Endangered","Endangered","Endangered","","https://id.biodiversity.org.au/node/apni/2903240","Acacia courtii","Acacia","Fabaceae","Fabales","Equisetopsida","Charophyta","Plantae","Three Brothers Wattle","exactMatch",
"Galaxias rostratus","Galaxias rostratus","Flathead Galaxias, Beaked Minnow, Flat-headed Galaxias, Flat-headed Jollytail, Flat-headed Minnow","Galaxiidae","Critically Endangered","Critically Endangered","Critically Endangered","","https://biodiversity.org.au/afd/taxa/9bf2ae93-1adf-4851-b794-db84a88cfdb3","Galaxias rostratus","Galaxias","Galaxiidae","Salmoniformes","Actinopterygii","Chordata","Animalia","Flathead Galaxias","exactMatch",
"Polytelis swainsonii","Polytelis swainsonii","Superb Parrot","Psittacidae","Vulnerable","Vulnerable","Vulnerable","","https://biodiversity.org.au/afd/taxa/46fca72f-4a32-44c5-a67c-770bd5333f55","Polytelis swainsonii","Polytelis","Psittacidae","Psittaciformes","Aves","Chordata","Animalia","Superb Parrot","exactMatch",
"Caladenia rigida","Caladenia rigida","Stiff White Spider-orchid","Orchidaceae","Endangered","Endangered","Endangered","","https://id.biodiversity.org.au/taxon/apni/51399326","Caladenia rigida","Caladenia","Orchidaceae","Asparagales","Equisetopsida","Charophyta","Plantae","Stiff White Spiderorchid","exactMatch",
"Phascogale pirata","Phascogale pirata","Northern Brush-tailed Phascogale","Dasyuridae","Vulnerable","Vulnerable","Vulnerable","","https://biodiversity.org.au/afd/taxa/de09c53f-2cd4-477e-a79e-32da14b50e9b","Phascogale pirata","Phascogale","Dasyuridae","Dasyuromorphia","Mammalia","Chordata","Animalia","Northern Brush-tailed Phascogale","exactMatch",
"Decaspermum struckoilicum","Decaspermum struckoilicum","Struck Oil Myrtle","Myrtaceae","Critically Endangered","Critically Endangered","Critically Endangered","","https://id.biodiversity.org.au/taxon/apni/51781855","Decaspermum struckoilicum","Decaspermum","Myrtaceae","Myrtales","Equisetopsida","Charophyta","Plantae","Struck Oil Myrtle","exactMatch",
"Macrotis lagotis","Macrotis lagotis","Greater Bilby","Thylacomyidae","Vulnerable","Vulnerable","Vulnerable","","https://biodiversity.org.au/afd/taxa/d4fe643e-881f-49de-a8c9-628d5bce2e24","Macrotis lagotis","Macrotis","Thylacomyidae","Peramelemorphia","Mammalia","Chordata","Animalia","Bilby","exactMatch",
"Frankenia conferta","Frankenia conferta","Silky Frankenia","Frankeniaceae","Endangered","Endangered","Endangered","","https://id.biodiversity.org.au/node/apni/2898114","Frankenia conferta","Frankenia","Frankeniaceae","Caryophyllales","Equisetopsida","Charophyta","Plantae","Silky Frankenia","exactMatch",
"Elatostema montanum","Elatostema montanum","Mountain Procris","Urticaceae","Critically Endangered","Critically Endangered","Critically Endangered","","https://id.biodiversity.org.au/taxon/apni/51300089","Elatostema montanum","Elatostema","Urticaceae","Rosales","Equisetopsida","Charophyta","Plantae","Mountain Procris","exactMatch",
"Prasophyllum sp. Wybong (C.Phelps ORG 5269)","Prasophyllum sp. Wybong (C.Phelps ORG 5269)","a leek-orchid","Orchidaceae","Critically Endangered","Critically Endangered","Critically Endangered","","https://id.biodiversity.org.au/taxon/apni/51795236","Prasophyllum petilum","Prasophyllum","Orchidaceae","Asparagales","Equisetopsida","Charophyta","Plantae","Tarengo Leek Orchid","exactMatch",
"Acacia praetermissa","Acacia praetermissa","a shrub","Fabaceae","Vulnerable","Vulnerable","Vulnerable","","https://id.biodiversity.org.au/node/apni/2894855","Acacia praetermissa","Acacia","Fabaceae","Fabales","Equisetopsida","Charophyta","Plantae",,"exactMatch",
"Caladenia saggicola","Caladenia saggicola","Sagg Spider-orchid","Orchidaceae","Critically Endangered","Critically Endangered","Critically Endangered","","https://id.biodiversity.org.au/taxon/apni/51399337","Caladenia saggicola","Caladenia","Orchidaceae","Asparagales","Equisetopsida","Charophyta","Plantae","Sagg Spiderorchid","exactMatch",
"Cyclodomorphus praealtus","Cyclodomorphus praealtus","Alpine She-oak Skink","Scincidae","Endangered","Endangered","Endangered","","https://biodiversity.org.au/afd/taxa/883ab7bf-0ef9-42f6-8444-dc798a46effa","Cyclodomorphus praealtus","Cyclodomorphus","Scincidae","Squamata","Reptilia","Chordata","Animalia","Alpine She-oak Skink","exactMatch",
"Taudactylus diurnus","Taudactylus diurnus","Southern Day Frog, Mt Glorious Torrent Frog","Myobatrachidae","Extinct","Extinct","Extinct","","https://biodiversity.org.au/afd/taxa/b5e75f5a-8f6f-45be-a599-85afc38fd8e0","Taudactylus diurnus","Taudactylus","Myobatrachidae","Anura","Amphibia","Chordata","Animalia","Mt Glorious Torrent Frog","exactMatch",
"Megascolides australis","Megascolides australis","Giant Gippsland Earthworm","Megascolecidae","Vulnerable","Vulnerable","Vulnerable","","https://biodiversity.org.au/afd/taxa/d61d29a8-82e3-4e17-b27c-cb0772a440a2","Megascolides australis","Megascolides","Megascolecidae","Crassiclitellata","Clitellata","Annelida","Animalia","Giant Gippsland Earthworm","exactMatch",
"Marianthus paralius","Marianthus paralius","-","Pittosporaceae","Endangered","Endangered","Endangered","","https://id.biodiversity.org.au/node/apni/2903908","Marianthus paralius","Marianthus","Pittosporaceae","Apiales","Equisetopsida","Charophyta","Plantae",,"exactMatch",
"Codonocarpus pyramidalis","Codonocarpus pyramidalis","Slender Bell-fruit, Camel Poison","Gyrostemonaceae","Vulnerable","Vulnerable","Vulnerable","","https://id.biodiversity.org.au/taxon/apni/51437108","Codonocarpus pyramidalis","Codonocarpus","Gyrostemonaceae","Brassicales","Equisetopsida","Charophyta","Plantae","Slender Bellfruit","exactMatch",
"Eremophila scaberula","Eremophila scaberula","Rough Emu Bush","Myoporaceae","Endangered","Endangered","Endangered","","https://id.biodiversity.org.au/node/apni/2918550","Eremophila scaberula","Eremophila","Scrophulariaceae","Lamiales","Equisetopsida","Charophyta","Plantae","Rough Emu Bush","exactMatch",
"Grevillea mollis","Grevillea mollis","-","Proteaceae","Endangered","Endangered","Endangered","","https://id.biodiversity.org.au/node/apni/2890447","Grevillea mollis","Grevillea","Proteaceae","Proteales","Equisetopsida","Charophyta","Plantae","Soft Grevillea","exactMatch",
"Zieria rimulosa","Zieria rimulosa","-","Rutaceae","Vulnerable","Vulnerable","Vulnerable","","https://id.biodiversity.org.au/node/apni/2913391","Zieria rimulosa","Zieria","Rutaceae","Sapindales","Equisetopsida","Charophyta","Plantae",,"exactMatch",
"Androcalva inglewoodensis","Androcalva inglewoodensis","-","Malvaceae","Critically Endangered","Critically Endangered","Critically Endangered","","https://id.biodiversity.org.au/node/apni/2890620","Androcalva inglewoodensis","Androcalva","Malvaceae","Malvales","Equisetopsida","Charophyta","Plantae",,"exactMatch",
"Eucalyptus lateritica","Eucalyptus lateritica","Laterite Mallee","Myrtaceae","Vulnerable","Vulnerable","Vulnerable","","https://id.biodiversity.org.au/node/apni/2911044","Eucalyptus x lateritica","Eucalyptus","Myrtaceae","Myrtales","Equisetopsida","Charophyta","Plantae","Laterite Mallee","exactMatch",
"Lagorchestes hirsutus Central Australian subspecies","Lagorchestes hirsutus Central Australian subspecies","Mala, Rufous Hare-Wallaby (Central Australia)","Macropodidae","Endangered","Endangered","Endangered","","ALA_DR30474_2327","Lagorchestes hirsutus subsp. (Central Australia)","Lagorchestes","Macropodidae","Diprotodontia","Mammalia","Chordata","Animalia",,"exactMatch",
"Grevillea banyabba","Grevillea banyabba","-","Proteaceae","Vulnerable","Vulnerable","Vulnerable","","https://id.biodiversity.org.au/node/apni/2898836","Grevillea banyabba","Grevillea","Proteaceae","Proteales","Equisetopsida","Charophyta","Plantae","Banyabba Grevillea","exactMatch",
"Ranunculus anemoneus","Ranunculus anemoneus","Anemone Buttercup","Ranunculaceae","Vulnerable","Vulnerable","Vulnerable","","https://id.biodiversity.org.au/node/apni/8488634","Ranunculus anemoneus","Ranunculus","Ranunculaceae","Ranunculales","Equisetopsida","Charophyta","Plantae","Anemone Buttercup","exactMatch",
"Notomys robustus","Notomys robustus","Broad-cheeked Hopping-mouse, Great Hopping-mouse","Muridae","Extinct","Extinct","Extinct","","https://biodiversity.org.au/afd/taxa/88baab7c-da9c-4069-9a4e-182d19fcd307","Notomys robustus","Notomys","Muridae","Rodentia","Mammalia","Chordata","Animalia","Broad-cheeked Hopping-mouse","exactMatch",
"Ptychosema pusillum","Ptychosema pusillum","Dwarf Pea","Fabaceae","Vulnerable","Vulnerable","Vulnerable","","https://id.biodiversity.org.au/node/apni/2920009","Ptychosema pusillum","Ptychosema","Fabaceae","Fabales","Equisetopsida","Charophyta","Plantae","Dwarf Pea","exactMatch",
"Thelymitra orientalis","Thelymitra orientalis","Hoary Sun-orchid","Orchidaceae","Critically Endangered","Critically Endangered","Critically Endangered","","https://id.biodiversity.org.au/taxon/apni/51414370","Thelymitra orientalis","Thelymitra","Orchidaceae","Asparagales","Equisetopsida","Charophyta","Plantae","Plum Sun-orchid","exactMatch",
"Musa fitzalanii","Musa fitzalanii","Daintree's River Banana","Musaceae","Extinct","Extinct","Extinct","","https://id.biodiversity.org.au/node/apni/2896063","Musa fitzalanii","Musa","Musaceae","Zingiberales","Equisetopsida","Charophyta","Plantae","Daintree's River Banana","exactMatch",
"Hypolimnus pedderensis","Hypolimnus pedderensis","Lake Pedder Earthworm","Megascolecidae","Extinct","Extinct","Extinct","","https://biodiversity.org.au/afd/taxa/2dc374d2-44ff-4f9d-8794-cff18f14dcee","Hypolimnus pedderensis","Hypolimnus","Megascolecidae","Crassiclitellata","Clitellata","Annelida","Animalia","Lake Pedder Earthworm","exactMatch",
"Liasis olivaceus barroni","Liasis olivaceus barroni","Pilbara Olive Python","Pythonidae","Vulnerable","Vulnerable","Vulnerable","","https://biodiversity.org.au/afd/taxa/0fbbfc60-82fb-41a9-95f2-6dcadc7ffbf0","Liasis olivaceus barroni","Liasis","Pythonidae","Squamata","Reptilia","Chordata","Animalia","Pilbara Olive Python","exactMatch",
"Eulamprus kosciuskoi","Eulamprus kosciuskoi","Alpine Water Skink","Scincidae","Vulnerable","Vulnerable","Vulnerable","","https://biodiversity.org.au/afd/taxa/7c5a8f30-a2e9-4e77-bfab-b9b58d5a3cac","Eulamprus kosciuskoi","Eulamprus","Scincidae","Squamata","Reptilia","Chordata","Animalia","Alpine Water Skink","exactMatch",
"Acacia pygmaea","Acacia pygmaea","Dwarf Rock Wattle","Fabaceae","Endangered","Endangered","Endangered","","https://id.biodiversity.org.au/node/apni/2895075","Acacia pygmaea","Acacia","Fabaceae","Fabales","Equisetopsida","Charophyta","Plantae","Dwarf Rock Wattle","exactMatch",
"Minuria tridens","Minuria tridens","Minnie Daisy","Asteraceae","Vulnerable","Vulnerable","Vulnerable","","https://id.biodiversity.org.au/node/apni/2893755","Minuria tridens","Minuria","Asteraceae","Asterales","Equisetopsida","Charophyta","Plantae","Minuria","exactMatch",
"Grevillea bedggoodiana","Grevillea bedggoodiana","Enfield Grevillea","Proteaceae","Vulnerable","Vulnerable","Vulnerable","","https://id.biodiversity.org.au/node/apni/2904773","Grevillea bedggoodiana","Grevillea","Proteaceae","Proteales","Equisetopsida","Charophyta","Plantae","Enfield Grevillea","exactMatch",
"Harrisoniascincus zia","Harrisoniascincus zia","Rainforest Cool-skink","Scincidae","Vulnerable","Vulnerable","Vulnerable","","https://biodiversity.org.au/afd/taxa/47b845bd-eb8e-4912-9785-4247a8219839","Harrisoniascincus zia","Harrisoniascincus","Scincidae","Squamata","Reptilia","Chordata","Animalia","Rainforest Cool-skink","exactMatch",
"Burmannia sp. Bathurst Island (R.Fensham 1021)","Burmannia sp. Bathurst Island (R.Fensham 1021)","-","Burmanniaceae","Endangered","Endangered","Endangered","","https://id.biodiversity.org.au/node/apni/2919893","Burmannia sp. Bathurst Island (R.Fensham 1021)","Burmannia","Burmanniaceae","Dioscoreales","Equisetopsida","Charophyta","Plantae",,"exactMatch",
"Thelymitra mackibbinii","Thelymitra mackibbinii","Brilliant Sun-orchid","Orchidaceae","Vulnerable","Vulnerable","Vulnerable","","https://id.biodiversity.org.au/taxon/apni/51414342","Thelymitra mackibbinii","Thelymitra","Orchidaceae","Asparagales","Equisetopsida","Charophyta","Plantae","Brilliant Sun-orchid","exactMatch",
"Neochmia ruficauda ruficauda","Neochmia ruficauda ruficauda","Star Finch (eastern), Star Finch (southern)","Ploceidae","Endangered","Endangered","Endangered","","https://biodiversity.org.au/afd/taxa/7815aeb7-c36e-400e-b7ae-36109cd26d0d","Neochmia (Neochmia) ruficauda ruficauda","Neochmia","Estrildidae","Passeriformes","Aves","Chordata","Animalia","Southern Star Finch","exactMatch",
"Hipposideros inornatus","Hipposideros inornatus","Arnhem Leaf-nosed Bat","Hipposideridae","Endangered","Endangered","Endangered","","https://biodiversity.org.au/afd/taxa/af04f7f0-4f83-4e56-b00d-747aeb5ed536","Hipposideros inornatus","Hipposideros","Hipposideridae","Chiroptera","Mammalia","Chordata","Animalia","Arnhem Leaf-nosed Bat","exactMatch",
"Conostylis wonganensis","Conostylis wonganensis","Wongan Conostylis","Haemodoraceae","Endangered","Endangered","Endangered","","https://id.biodiversity.org.au/node/apni/2898066","Conostylis wonganensis","Conostylis","Haemodoraceae","Commelinales","Equisetopsida","Charophyta","Plantae","Wongan Conostylis","exactMatch",
"Planchonella costata","Planchonella costata","Bastard Ironwood","Sapotaceae","Endangered","Endangered","Endangered","","https://id.biodiversity.org.au/node/apni/2900808","Planchonella costata","Planchonella","Sapotaceae","Ericales","Equisetopsida","Charophyta","Plantae",,"exactMatch",
"Eucalyptus cuprea","Eucalyptus cuprea","Mallee Box","Myrtaceae","Endangered","Endangered","Endangered","","https://id.biodiversity.org.au/node/apni/2894506","Eucalyptus cuprea","Eucalyptus","Myrtaceae","Myrtales","Equisetopsida","Charophyta","Plantae","Mallee Box","exactMatch",
"Galium antarcticum","Galium antarcticum","Subantarctic Bedstraw","Rubiaceae","Critically Endangered","Critically Endangered","Critically Endangered","","https://id.biodiversity.org.au/node/apni/2918931","Galium antarcticum","Galium","Rubiaceae","Gentianales","Equisetopsida","Charophyta","Plantae","Subantarctic Bedstraw","exactMatch",
"Phaius bernaysii","Phaius bernaysii","Yellow Swamp-orchid","Orchidaceae","Endangered","Endangered","Endangered","","https://id.biodiversity.org.au/taxon/apni/51407852","Phaius bernaysii","Phaius","Orchidaceae","Asparagales","Equisetopsida","Charophyta","Plantae","Yellow Swamp Orchid","exactMatch",
"Bertya ernestiana","Bertya ernestiana","Mt Ernest Bertya","Euphorbiaceae","Vulnerable","Vulnerable","Vulnerable","","https://id.biodiversity.org.au/taxon/apni/51768344","Bertya ernestiana","Bertya","Euphorbiaceae","Malpighiales","Equisetopsida","Charophyta","Plantae","Mt Ernest Bertya","exactMatch",
"Deyeuxia ramosa","Deyeuxia ramosa","Climbing Bent-grass","Poaceae","Critically Endangered","Critically Endangered","Critically Endangered","","https://id.biodiversity.org.au/node/apni/2886436","Deyeuxia ramosa","Deyeuxia","Poaceae","Poales","Equisetopsida","Charophyta","Plantae","Climbing Bent-grass","exactMatch",
"Dendrobium mirbelianum","Dendrobium mirbelianum","Dark-stemmed Antler Orchid, Mangrove Orchid","Orchidaceae","Endangered","Endangered","Endangered","","https://id.biodiversity.org.au/taxon/apni/51402882","Dendrobium mirbelianum","Dendrobium","Orchidaceae","Asparagales","Equisetopsida","Charophyta","Plantae","Darkstemmed Antler Orchid","exactMatch",
"Sinumelon bednalli","Sinumelon bednalli","Bednall's Land Snail","Camaenidae","Endangered","Endangered","Endangered","","https://biodiversity.org.au/afd/taxa/84172fda-a40d-429d-86ab-a06caf204695","Sinumelon bednalli","Sinumelon","Camaenidae","Stylommatophora","Gastropoda","Mollusca","Animalia","Bednall's Land Snail","exactMatch",
"Galaxias auratus","Galaxias auratus","Golden Galaxias","Galaxiidae","Endangered","Endangered","Endangered","","https://biodiversity.org.au/afd/taxa/6dc47706-d939-403a-97ec-ad4af84bc462","Galaxias auratus","Galaxias","Galaxiidae","Salmoniformes","Actinopterygii","Chordata","Animalia","Golden Galaxias","exactMatch",
"Livistona mariae subsp. mariae","Livistona mariae subsp. mariae","Central Australian Cabbage Palm, Red Cabbage Palm","Arecaceae","Endangered","Endangered","Endangered","","https://id.biodiversity.org.au/node/apni/8570955","Livistona mariae subsp. mariae","Livistona","Arecaceae","Arecales","Equisetopsida","Charophyta","Plantae","Fan Palm","exactMatch",
"Pultenaea aculeata","Pultenaea aculeata","-","Fabaceae","Endangered","Endangered","Endangered","","https://id.biodiversity.org.au/node/apni/2886985","Pultenaea sp. Olinda (R.Coveny 6616)","Pultenaea","Fabaceae","Fabales","Equisetopsida","Charophyta","Plantae",,"exactMatch",
"Microlepidium alatum","Microlepidium alatum","-","Brassicaceae","Vulnerable","Vulnerable","Vulnerable","","https://id.biodiversity.org.au/node/apni/2914618","Microlepidium alatum","Microlepidium","Brassicaceae","Brassicales","Equisetopsida","Charophyta","Plantae",,"exactMatch",
"Spyridium coactilifolium","Spyridium coactilifolium","Butterfly Spyridium","Rhamnaceae","Vulnerable","Vulnerable","Vulnerable","","https://id.biodiversity.org.au/node/apni/2910770","Spyridium coactilifolium","Spyridium","Rhamnaceae","Rosales","Equisetopsida","Charophyta","Plantae","Butterfly Spyridium","exactMatch",
"Eucalyptus mooreana","Eucalyptus mooreana","Mountain White Gum,  King Leopold Range Mallee, Moore's Gum","Myrtaceae","Vulnerable","Vulnerable","Vulnerable","","https://id.biodiversity.org.au/taxon/apni/51439842","Eucalyptus mooreana","Eucalyptus","Myrtaceae","Myrtales","Equisetopsida","Charophyta","Plantae","King Leopold Range Mallee","exactMatch",
"Pultenaea baeuerlenii","Pultenaea baeuerlenii","Budawangs Bush-pea","Fabaceae","Endangered","Endangered","Endangered","","https://id.biodiversity.org.au/node/apni/2897476","Pultenaea baeuerlenii","Pultenaea","Fabaceae","Fabales","Equisetopsida","Charophyta","Plantae","Budawangs Bush-pea","exactMatch",
"Caladenia hastata","Caladenia hastata","Melblom's Spider-orchid","Orchidaceae","Endangered","Endangered","Endangered","","https://id.biodiversity.org.au/taxon/apni/51399063","Caladenia hastata","Caladenia","Orchidaceae","Asparagales","Equisetopsida","Charophyta","Plantae","Mellblom's Spider-orchid","exactMatch",
"Euphorbia norfolkiana","Euphorbia norfolkiana","Norfolk Island Euphorbia","Euphorbiaceae","Critically Endangered","Critically Endangered","Critically Endangered","","https://id.biodiversity.org.au/node/apni/2887597","Euphorbia norfolkiana","Euphorbia","Euphorbiaceae","Malpighiales","Equisetopsida","Charophyta","Plantae","Norfolk Island Euphorbia","exactMatch",
"Stackhousia annua","Stackhousia annua","Annual Stackhousia, Annual Candles","Celastraceae","Vulnerable","Vulnerable","Vulnerable","","https://id.biodiversity.org.au/taxon/apni/51433069","Stackhousia annua","Stackhousia","Celastraceae","Celastrales","Equisetopsida","Charophyta","Plantae","Annual Candles","exactMatch",
"Acacia cochlocarpa subsp. velutinosa","Acacia cochlocarpa subsp. velutinosa","Velvety Spiral Pod Wattle","Fabaceae","Critically Endangered","Critically Endangered","Critically Endangered","","https://id.biodiversity.org.au/node/apni/2914824","Acacia cochlocarpa subsp. velutinosa","Acacia","Fabaceae","Fabales","Equisetopsida","Charophyta","Plantae","Velvety Spiral Pod Wattle","exactMatch",
"Gossia gonoclada","Gossia gonoclada","Angle-stemmed Myrtle","Myrtaceae","Endangered","Endangered","Endangered","","https://id.biodiversity.org.au/node/apni/2912922","Gossia gonoclada","Gossia","Myrtaceae","Myrtales","Equisetopsida","Charophyta","Plantae","Anglestemmed Myrtle","exactMatch",
"Petrogale concinna concinna","Petrogale concinna concinna","Nabarlek (Victoria River District)","Macropodidae","Critically Endangered","Critically Endangered","Critically Endangered","","https://biodiversity.org.au/afd/taxa/512c4089-6b92-4da6-9dca-1cc7b922922d","Petrogale concinna concinna","Petrogale","Macropodidae","Diprotodontia","Mammalia","Chordata","Animalia","Nabarlek (victoria River District)","exactMatch",
"Cereopsis novaehollandiae grisea","Cereopsis novaehollandiae grisea","Cape Barren Goose (south-western), Recherche Cape Barren Goose","Anatidae","Vulnerable","Vulnerable","Vulnerable","","https://biodiversity.org.au/afd/taxa/7490e212-c6cf-4603-bb11-4010f8703696","Cereopsis novaehollandiae grisea","Cereopsis","Anatidae","Anseriformes","Aves","Chordata","Animalia","Recherche Cape Barren Goose","exactMatch",
"Atriplex yeelirrie","Atriplex yeelirrie","-","Chenopodiaceae","Endangered","Endangered","Endangered","","https://id.biodiversity.org.au/taxon/apni/51270516","Atriplex yeelirrie","Atriplex","Chenopodiaceae","Caryophyllales","Equisetopsida","Charophyta","Plantae",,"exactMatch",
"Genoplesium tectum","Genoplesium tectum","Cardwell Midge Orchid","Orchidaceae","Endangered","Endangered","Endangered","","https://id.biodiversity.org.au/taxon/apni/51441397","Corunastylis tecta","Corunastylis","Orchidaceae","Asparagales","Equisetopsida","Charophyta","Plantae","Cardwell Midge Orchid","exactMatch",
"Lathamus discolor","Lathamus discolor","Swift Parrot","Psittacidae","Critically Endangered","Critically Endangered","Critically Endangered","","https://biodiversity.org.au/afd/taxa/4cb195fd-b127-44cb-ad85-a62d224e9a96","Lathamus discolor","Lathamus","Psittacidae","Psittaciformes","Aves","Chordata","Animalia","Swift Parrot","exactMatch",
"Acacia rhamphophylla","Acacia rhamphophylla","Kundip Wattle","Fabaceae","Endangered","Endangered","Endangered","","https://id.biodiversity.org.au/node/apni/2916459","Acacia rhamphophylla","Acacia","Fabaceae","Fabales","Equisetopsida","Charophyta","Plantae","Kundip Wattle","exactMatch",
"Caladenia sp. Kilsyth South (G.S.Lorimer 1253)","Caladenia sp. Kilsyth South (G.S.Lorimer 1253)","Kilsyth South Spider-orchid","Orchidaceae","Critically Endangered","Critically Endangered","Critically Endangered","","https://id.biodiversity.org.au/taxon/apni/51399359","Caladenia sp. Kilsyth South (G.S.Lorimer 1253)","Caladenia","Orchidaceae","Asparagales","Equisetopsida","Charophyta","Plantae","Kilsyth South Spiderorchid","exactMatch",
"Caladenia williamsiae","Caladenia williamsiae","Williams Spider Orchid","Orchidaceae","Endangered","Endangered","Endangered","","https://id.biodiversity.org.au/taxon/apni/51399462","Caladenia williamsiae","Caladenia","Orchidaceae","Asparagales","Equisetopsida","Charophyta","Plantae","William's Spider Orchid","exactMatch",
"Malurus coronatus coronatus","Malurus coronatus coronatus","Purple-crowned Fairy-wren (western)","Maluridae","Endangered","Endangered","Endangered","","https://biodiversity.org.au/afd/taxa/81857922-5356-4867-991e-978af0992154","Malurus (Malurus) coronatus coronatus","Malurus","Maluridae","Passeriformes","Aves","Chordata","Animalia","Western Purple-crowned Fairy-wren","exactMatch",
"Adenanthos pungens subsp. effusus","Adenanthos pungens subsp. effusus","Sprawling Spiky Adenanthos","Proteaceae","Endangered","Endangered","Endangered","","https://id.biodiversity.org.au/node/apni/2912273","Adenanthos pungens subsp. effusus","Adenanthos","Proteaceae","Proteales","Equisetopsida","Charophyta","Plantae","Sprawling Spiky Adenanthos","exactMatch",
"Dendrobium bigibbum","Dendrobium bigibbum","Cooktown Orchid","Orchidaceae","Vulnerable","Vulnerable","Vulnerable","","https://id.biodiversity.org.au/taxon/apni/51459598","Dendrobium bigibbum","Dendrobium","Orchidaceae","Asparagales","Equisetopsida","Charophyta","Plantae","Cooktown Orchid","exactMatch",
"Beyeria lepidopetala","Beyeria lepidopetala","Small-petalled Beyeria, Short-petalled Beyeria","Euphorbiaceae","Endangered","Endangered","Endangered","","https://id.biodiversity.org.au/node/apni/2890851","Beyeria lepidopetala","Beyeria","Euphorbiaceae","Malpighiales","Equisetopsida","Charophyta","Plantae","Short-petalled Beyeria","exactMatch",
"Diuris fragrantissima","Diuris fragrantissima","Sunshine Diuris, Fragrant Doubletail, White Diuris","Orchidaceae","Endangered","Endangered","Endangered","","https://id.biodiversity.org.au/taxon/apni/51404229","Diuris fragrantissima","Diuris","Orchidaceae","Asparagales","Equisetopsida","Charophyta","Plantae","Sunshine Fragrant Doubletail","exactMatch",
"Oberonia attenuata","Oberonia attenuata","Mossman Fairy Orchid","Orchidaceae","Critically Endangered","Critically Endangered","Critically Endangered","","https://id.biodiversity.org.au/taxon/apni/51794917","Oberonia attenuata","Oberonia","Orchidaceae","Asparagales","Equisetopsida","Charophyta","Plantae","Mossman Fairy Orchid","exactMatch",
"Orraya occultus","Orraya occultus","Long-necked Northern Leaf-tailed Gecko, McIlwraith Leaf-tailed Gecko","Carphodactylidae","Critically Endangered","Critically Endangered","Critically Endangered","","https://biodiversity.org.au/afd/taxa/98d5f4a9-4cfc-424e-a34d-0204457fb418","Orraya occultus","Orraya","Carphodactylidae","Squamata","Reptilia","Chordata","Animalia","Mcilwraith Leaf-tailed Gecko","exactMatch",
"Litoria daviesae","Litoria daviesae","Davies' Tree Frog","Pelodryadidae","Vulnerable","Vulnerable","Vulnerable","","https://biodiversity.org.au/afd/taxa/4a364bfd-50a2-406b-a0a9-0b6580995221","Litoria daviesae","Litoria","Pelodryadidae","Anura","Amphibia","Chordata","Animalia","Davies' Tree Frog","exactMatch",
"Symplocos baeuerlenii","Symplocos baeuerlenii","Small-leaved Hazelwood, Shrubby Hazelwood","Symplocaceae","Vulnerable","Vulnerable","Vulnerable","","https://id.biodiversity.org.au/node/apni/2909639","Symplocos baeuerlenii","Symplocos","Symplocaceae","Ericales","Equisetopsida","Charophyta","Plantae","Small-leaved Hazelwood","exactMatch",
"Notechis scutatus ater","Notechis scutatus ater","Krefft's Tiger Snake (Flinders Ranges)","Elapidae","Vulnerable","Vulnerable","Vulnerable","","https://biodiversity.org.au/afd/taxa/dfa94b2f-95cc-40dd-9313-85da77aefc0b","Notechis scutatus","Notechis","Elapidae","Squamata","Reptilia","Chordata","Animalia","Tiger Snake","exactMatch",
"Trithuria occidentalis","Trithuria occidentalis","Swan Hydatella","Hydatellaceae","Endangered","Endangered","Endangered","","https://id.biodiversity.org.au/node/apni/2919853","Trithuria occidentalis","Trithuria","Hydatellaceae","Nymphaeales","Equisetopsida","Charophyta","Plantae","Swan Hydatella","exactMatch",
"Eucalyptus nudicaulis","Eucalyptus nudicaulis","Mt Isa Mallee","Myrtaceae","Endangered","Endangered","Endangered","","https://id.biodiversity.org.au/node/apni/2902796","Eucalyptus nudicaulis","Eucalyptus","Myrtaceae","Myrtales","Equisetopsida","Charophyta","Plantae","Mt Isa Mallee","exactMatch",
"Macronectes giganteus","Macronectes giganteus","Southern Giant-Petrel, Southern Giant Petrel","Procellariidae","Endangered","Endangered","Endangered","","https://biodiversity.org.au/afd/taxa/4fbd4b05-2035-46d9-b4a3-2a177b1d4f44","Macronectes giganteus","Macronectes","Procellariidae","Procellariiformes","Aves","Chordata","Animalia","Southern Giant-petrel","exactMatch",
"Dasyurus hallucatus","Dasyurus hallucatus","Northern Quoll, Digul [Gogo-Yimidir], Wijingadda [Dambimangari], Wiminji [Martu]","Dasyuridae","Endangered","Endangered","Endangered","","https://biodiversity.org.au/afd/taxa/745e9d92-2a2f-4ac7-963a-7a7787050aff","Dasyurus hallucatus","Dasyurus","Dasyuridae","Dasyuromorphia","Mammalia","Chordata","Animalia","Digul","exactMatch",
"Didymoglossum exiguum","Didymoglossum exiguum","-","Hymenophyllaceae","Extinct","Extinct","Extinct","","https://id.biodiversity.org.au/node/apni/7406651","Didymoglossum exiguum","Didymoglossum","Hymenophyllaceae","Hymenophyllales","Equisetopsida","Charophyta","Plantae",,"exactMatch",
"Fregata andrewsi","Fregata andrewsi","Christmas Island Frigatebird, Andrew's Frigatebird","Fregatidae","Endangered","Endangered","Endangered","","https://biodiversity.org.au/afd/taxa/a34dfb52-93d0-4e83-a8e6-470a98ba7d64","Fregata andrewsi","Fregata","Fregatidae","Pelecaniformes","Aves","Chordata","Animalia","Christmas Island Frigatebird","exactMatch",
"Daviesia laevis","Daviesia laevis","Grampians Bitter-pea","Fabaceae","Vulnerable","Vulnerable","Vulnerable","","https://id.biodiversity.org.au/taxon/apni/51435926","Daviesia laevis","Daviesia","Fabaceae","Fabales","Equisetopsida","Charophyta","Plantae","Grampians Bitterpea","exactMatch",
"Prasophyllum bagoense","Prasophyllum bagoense","Bago Leek-orchid","Orchidaceae","Critically Endangered","Critically Endangered","Critically Endangered","","https://id.biodiversity.org.au/taxon/apni/51794988","Prasophyllum bagoense","Prasophyllum","Orchidaceae","Asparagales","Equisetopsida","Charophyta","Plantae","Bago Leekorchid","exactMatch",
"Ophidiocephalus taeniatus","Ophidiocephalus taeniatus","Bronzeback Snake-lizard","Pygopodidae","Vulnerable","Vulnerable","Vulnerable","","https://biodiversity.org.au/afd/taxa/d7af6e0b-8291-4176-9a53-a73a5299c81b","Ophidiocephalus taeniatus","Ophidiocephalus","Pygopodidae","Squamata","Reptilia","Chordata","Animalia","Bronzeback","exactMatch",
"Mixophyes fleayi","Mixophyes fleayi","Fleay's Frog","Myobatrachidae","Endangered","Endangered","Endangered","","https://biodiversity.org.au/afd/taxa/48c8fa2a-80e6-45a5-aeba-0867467f9c97","Mixophyes fleayi","Mixophyes","Myobatrachidae","Anura","Amphibia","Chordata","Animalia","Fleay's Frog","exactMatch",
"Hyridella glenelgensis","Hyridella glenelgensis","Glenelg Freshwater Mussel","Hyriidae","Critically Endangered","Critically Endangered","Critically Endangered","","https://biodiversity.org.au/afd/taxa/1e88bfbe-b8b8-403f-8cd3-c5f5b006e4ef","Hyridella (Protohyridella) glenelgensis","Hyridella","Hyriidae","Unionida","Bivalvia","Mollusca","Animalia","The Glenelg River Corrugated Mussel","exactMatch",
"Floydia praealta","Floydia praealta","Ball Nut, Possum Nut, Big Nut, Beefwood","Proteaceae","Vulnerable","Vulnerable","Vulnerable","","https://id.biodiversity.org.au/node/apni/2918420","Floydia praealta","Floydia","Proteaceae","Proteales","Equisetopsida","Charophyta","Plantae","Ball Nut","exactMatch",
"Microtis globula","Microtis globula","South-Coast Mignonette Orchid","Orchidaceae","Vulnerable","Vulnerable","Vulnerable","","https://id.biodiversity.org.au/taxon/apni/51406626","Microtis globula","Microtis","Orchidaceae","Asparagales","Equisetopsida","Charophyta","Plantae","South-coast Mignonette Orchid","exactMatch",
"Ozothamnus reflexifolius","Ozothamnus reflexifolius","Reflexed Everlasting","Asteraceae","Vulnerable","Vulnerable","Vulnerable","","https://id.biodiversity.org.au/node/apni/2896450","Ozothamnus reflexifolius","Ozothamnus","Asteraceae","Asterales","Equisetopsida","Charophyta","Plantae","Reflexed Everlasting","exactMatch",
"Muehlenbeckia australis","Muehlenbeckia australis","Shrubby Creeper, Pohuehue","Polygonaceae","Endangered","Endangered","Endangered","","https://id.biodiversity.org.au/node/apni/2913926","Muehlenbeckia australis","Muehlenbeckia","Polygonaceae","Caryophyllales","Equisetopsida","Charophyta","Plantae","Pohuehue","exactMatch",
"Glyphis garricki","Glyphis garricki","Northern River Shark, New Guinea River Shark","Carcharhinidae","Endangered","Endangered","Endangered","","https://biodiversity.org.au/afd/taxa/b4c1587d-e4a8-44b3-81ba-f9aa40527e4a","Glyphis garricki","Glyphis","Carcharhinidae","Carcharhiniformes","Chondrichthyes","Chordata","Animalia","New Guinea River Shark","exactMatch",
"Corunastylis sp. Charmhaven (NSW 896673)","Corunastylis sp. Charmhaven (NSW 896673)","Wyong Midge Orchid 2","Orchidaceae","Critically Endangered","Critically Endangered","Critically Endangered","","https://id.biodiversity.org.au/taxon/apni/51441364","Corunastylis sp. Charmhaven (NSW 896673)","Corunastylis","Orchidaceae","Asparagales","Equisetopsida","Charophyta","Plantae","Wyong Midge Orchid 2","exactMatch",
"Austrostipa wakoolica","Austrostipa wakoolica","-","Poaceae","Endangered","Endangered","Endangered","","https://id.biodiversity.org.au/node/apni/2915041","Austrostipa wakoolica","Austrostipa","Poaceae","Poales","Equisetopsida","Charophyta","Plantae","Spear-grass","exactMatch",
"Egernia rugosa","Egernia rugosa","Yakka Skink","Scincidae","Vulnerable","Vulnerable","Vulnerable","","https://biodiversity.org.au/afd/taxa/ad029e80-76fe-4266-9972-9d3b87ae9c21","Egernia rugosa","Egernia","Scincidae","Squamata","Reptilia","Chordata","Animalia","Yakka Skink","exactMatch",
"Kunzea juniperoides subsp. pernervosa","Kunzea juniperoides subsp. pernervosa","-","Myrtaceae","Endangered","Endangered","Endangered","","https://id.biodiversity.org.au/taxon/apni/51290158","Kunzea juniperoides subsp. pernervosa","Kunzea","Myrtaceae","Myrtales","Equisetopsida","Charophyta","Plantae",,"exactMatch",
"Prostanthera staurophylla","Prostanthera staurophylla","a mint-bush","Lamiaceae","Critically Endangered","Critically Endangered","Critically Endangered","","https://id.biodiversity.org.au/node/apni/2909925","Prostanthera staurophylla","Prostanthera","Lamiaceae","Lamiales","Equisetopsida","Charophyta","Plantae","Tenterfield Mint-bush","exactMatch",
"Pterostylis oreophila","Pterostylis oreophila","Blue-tongued Orchid, Kiandra Greenhood","Orchidaceae","Critically Endangered","Critically Endangered","Critically Endangered","","https://id.biodiversity.org.au/taxon/apni/51412246","Pterostylis oreophila","Pterostylis","Orchidaceae","Asparagales","Equisetopsida","Charophyta","Plantae","Blue-tongued Greenhood","exactMatch",
"Adenanthos dobagii","Adenanthos dobagii","Fitzgerald Woollybush","Proteaceae","Endangered","Endangered","Endangered","","https://id.biodiversity.org.au/node/apni/2918770","Adenanthos dobagii","Adenanthos","Proteaceae","Proteales","Equisetopsida","Charophyta","Plantae","Fitzgerald Woollybush","exactMatch",
"Stylidium semaphorum","Stylidium semaphorum","-","Stylidiaceae","Critically Endangered","Critically Endangered","Critically Endangered","","https://id.biodiversity.org.au/node/apni/2905650","Stylidium semaphorum","Stylidium","Stylidiaceae","Asterales","Equisetopsida","Charophyta","Plantae",,"exactMatch",
"Amyema plicatula","Amyema plicatula","-","Loranthaceae","Endangered","Endangered","Endangered","","https://id.biodiversity.org.au/node/apni/2913319","Amyema plicatula","Amyema","Loranthaceae","Santalales","Equisetopsida","Charophyta","Plantae",,"exactMatch",
"Papasula abbotti","Papasula abbotti","Abbott's Booby","Sulidae","Endangered","Endangered","Endangered","","https://biodiversity.org.au/afd/taxa/98dbf46a-2d65-4d23-b1d1-e5f31efe94e0","Papasula abbotti","Papasula","Sulidae","Pelecaniformes","Aves","Chordata","Animalia","Abbott's Booby","exactMatch",
"Bettongia lesueur lesueur","Bettongia lesueur lesueur","Burrowing Bettong (Shark Bay), Boodie","Potoroidae","Vulnerable","Vulnerable","Vulnerable","","https://biodiversity.org.au/afd/taxa/001dffd9-f4fa-4e9e-98a0-b4ceff6c9a4d","Bettongia lesueur lesueur","Bettongia","Potoroidae","Diprotodontia","Mammalia","Chordata","Animalia","Shark Bay Burrowing Bettong","exactMatch",
"Phascolarctos cinereus (combined populations of Qld","Phascolarctos cinereus (combined populations of Qld","Koala","PHASCOLARCTIDAE","Endangered","Endangered","","subspecies","ALA_DR30474_611","Phascolarctos cinereus (combined populations of Qld","Phascolarctos","Phascolarctidae","Diprotodontia","Mammalia","Chordata","Animalia",,"exactMatch",
"Tasmannia glaucifolia","Tasmannia glaucifolia","Fragrant Pepperbush","Winteraceae","Vulnerable","Vulnerable","Vulnerable","","https://id.biodiversity.org.au/node/apni/2901226","Tasmannia glaucifolia","Tasmannia","Winteraceae","Canellales","Equisetopsida","Charophyta","Plantae","Fragrant Pepperbush","exactMatch",
"Prasophyllum taphanyx","Prasophyllum taphanyx","Graveside Leek-orchid","Orchidaceae","Critically Endangered","Critically Endangered","Critically Endangered","","https://id.biodiversity.org.au/taxon/apni/51795334","Prasophyllum taphanyx","Prasophyllum","Orchidaceae","Asparagales","Equisetopsida","Charophyta","Plantae","Graveside Leekorchid","exactMatch",
"Prasophyllum subbisectum","Prasophyllum subbisectum","Pomonal Leek-orchid","Orchidaceae","Endangered","Endangered","Endangered","","https://id.biodiversity.org.au/taxon/apni/51795317","Prasophyllum subbisectum","Prasophyllum","Orchidaceae","Asparagales","Equisetopsida","Charophyta","Plantae","Pomonal Leek-orchid","exactMatch",
"Zieria adenophora","Zieria adenophora","Araluen Zieria","Rutaceae","Critically Endangered","Critically Endangered","Critically Endangered","","https://id.biodiversity.org.au/node/apni/2905804","Zieria adenophora","Zieria","Rutaceae","Sapindales","Equisetopsida","Charophyta","Plantae","Araluen Zieria","exactMatch",
"Cossinia australiana","Cossinia australiana","Cossinia","Sapindaceae","Endangered","Endangered","Endangered","","https://id.biodiversity.org.au/taxon/apni/51447247","Cossinia australiana","Cossinia","Sapindaceae","Sapindales","Equisetopsida","Charophyta","Plantae","Cossinia","exactMatch",
"Eucalyptus phoenix","Eucalyptus phoenix","Brumby Mallee-gum","Myrtaceae","Critically Endangered","Critically Endangered","Critically Endangered","","https://id.biodiversity.org.au/node/apni/7674103","Eucalyptus phoenix","Eucalyptus","Myrtaceae","Myrtales","Equisetopsida","Charophyta","Plantae","Brumby Mallee-gum","exactMatch",
"Neophema chrysogaster","Neophema chrysogaster","Orange-bellied Parrot","Psittacidae","Critically Endangered","Critically Endangered","Critically Endangered","","https://biodiversity.org.au/afd/taxa/88653999-1e2f-47d1-87fa-1f6d3e47ffb8","Neophema (Neonanodes) chrysogaster","Neophema","Psittacidae","Psittaciformes","Aves","Chordata","Animalia","Orange-bellied Parrot","exactMatch",
"Saltuarius kateae","Saltuarius kateae","Kate's Leaf-tail Gecko","Carphodactylidae","Endangered","Endangered","Endangered","","https://biodiversity.org.au/afd/taxa/efeba6d6-1fef-48e7-ae4c-1f113518eab4","Saltuarius kateae","Saltuarius","Carphodactylidae","Squamata","Reptilia","Chordata","Animalia","Kate's Leaf-tailed Gecko","exactMatch",
"Caladenia woolcockiorum","Caladenia woolcockiorum","Woolcock's Spider-orchid","Orchidaceae","Vulnerable","Vulnerable","Vulnerable","","https://id.biodiversity.org.au/taxon/apni/51399466","Caladenia woolcockiorum","Caladenia","Orchidaceae","Asparagales","Equisetopsida","Charophyta","Plantae","Woolcock's Spiderorchid","exactMatch",
"Verticordia plumosa var. ananeotes","Verticordia plumosa var. ananeotes","Tufted Plumed Featherflower","Myrtaceae","Endangered","Endangered","Endangered","","https://id.biodiversity.org.au/node/apni/2894856","Verticordia plumosa var. ananeotes","Verticordia","Myrtaceae","Myrtales","Equisetopsida","Charophyta","Plantae","Tufted Plumed Featherflower","exactMatch",
"Boronia grimshawii","Boronia grimshawii","Grimshaw's boronia","Rutaceae","Critically Endangered","Critically Endangered","Critically Endangered","","https://id.biodiversity.org.au/node/apni/2888436","Boronia grimshawii","Boronia","Rutaceae","Sapindales","Equisetopsida","Charophyta","Plantae","Grimshaw's Boronia","exactMatch",
"Euphorbia carissoides","Euphorbia carissoides","-","Euphorbiaceae","Vulnerable","Vulnerable","Vulnerable","","https://id.biodiversity.org.au/node/apni/2896327","Euphorbia carissoides","Euphorbia","Euphorbiaceae","Malpighiales","Equisetopsida","Charophyta","Plantae",,"exactMatch",
"Maccullochella ikei","Maccullochella ikei","Clarence River Cod, Eastern Freshwater Cod","Percichthyidae","Endangered","Endangered","Endangered","","https://biodiversity.org.au/afd/taxa/1d7e49b0-fef7-40de-af52-332c419870d2","Maccullochella ikei","Maccullochella","Percichthyidae","Perciformes","Actinopterygii","Chordata","Animalia","Clarence River Cod","exactMatch",
"Eucalyptus forresterae","Eucalyptus forresterae","Brumby Sallee","Myrtaceae","Endangered","Endangered","Endangered","","https://id.biodiversity.org.au/taxon/apni/51439802","Eucalyptus forresterae","Eucalyptus","Myrtaceae","Myrtales","Equisetopsida","Charophyta","Plantae","Brumby Sallee","exactMatch",
"Geocrinia alba","Geocrinia alba","White-bellied Frog, Creek Frog","Myobatrachidae","Critically Endangered","Critically Endangered","Critically Endangered","","https://biodiversity.org.au/afd/taxa/83e4d188-3523-4524-b8ae-6922cc51cb2b","Anstisia alba","Anstisia","Myobatrachidae","Anura","Amphibia","Chordata","Animalia","White-bellied Froglet","exactMatch",
"Achyranthes margaretarum","Achyranthes margaretarum","Phillip Island Chaffy Tree","Amaranthaceae","Critically Endangered","Critically Endangered","Critically Endangered","","https://id.biodiversity.org.au/node/apni/2889045","Achyranthes margaretarum","Achyranthes","Amaranthaceae","Caryophyllales","Equisetopsida","Charophyta","Plantae","Phillip Island Chaffy Tree","exactMatch",
"Eucalyptus canobolensis","Eucalyptus canobolensis","Silver-leaf Candlebark, Mt Canobolas Candlebark","Myrtaceae","Endangered","Endangered","Endangered","","https://id.biodiversity.org.au/node/apni/2915939","Eucalyptus canobolensis","Eucalyptus","Myrtaceae","Myrtales","Equisetopsida","Charophyta","Plantae","Silver-leaf Candlebark","exactMatch",
"Litoria watsoni","Litoria watsoni","Southern Heath Frog, Watson's Tree Frog","Pelodryadidae","Endangered","Endangered","Endangered","","https://biodiversity.org.au/afd/taxa/95cf54aa-42aa-475f-88c8-fbd313f2511a","Litoria watsoni","Litoria","Pelodryadidae","Anura","Amphibia","Chordata","Animalia","Watson's Tree Frog","exactMatch",
"Philotheca basistyla","Philotheca basistyla","White-flowered Philotheca","Rutaceae","Endangered","Endangered","Endangered","","https://id.biodiversity.org.au/node/apni/2894986","Philotheca basistyla","Philotheca","Rutaceae","Sapindales","Equisetopsida","Charophyta","Plantae","Whiteflowered Philotheca","exactMatch",
"Brachychiton sp. Ormeau (L.H.Bird AQ435851)","Brachychiton sp. Ormeau (L.H.Bird AQ435851)","Ormeau Bottle Tree","Malvaceae","Critically Endangered","Critically Endangered","Critically Endangered","","https://id.biodiversity.org.au/node/apni/2914890","Brachychiton sp. Ormeau (L.H.Bird AQ435851)","Brachychiton","Malvaceae","Malvales","Equisetopsida","Charophyta","Plantae","Ormeau Bottle Tree","exactMatch",
"Liopholis pulchra longicauda","Liopholis pulchra longicauda","Jurien Bay Skink, Jurien Bay Rock-skink","Scincidae","Vulnerable","Vulnerable","Vulnerable","","https://biodiversity.org.au/afd/taxa/8ee2b3e0-1be9-45f7-a4b0-1f6e8d5a97a9","Liopholis pulchra longicauda","Liopholis","Scincidae","Squamata","Reptilia","Chordata","Animalia","Jurien Bay Skink","exactMatch",
"Mogurnda clivicola","Mogurnda clivicola","Flinders Ranges Mogurnda, Flinders Ranges Purple-spotted Gudgeon","Eleotridae","Vulnerable","Vulnerable","Vulnerable","","https://biodiversity.org.au/afd/taxa/c6f6f549-559a-4aab-bf02-2c673f58076f","Mogurnda clivicola","Mogurnda","Eleotridae","Perciformes","Actinopterygii","Chordata","Animalia","Flinders Ranges Mogurnda","exactMatch",
"Adclarkia cameroni","Adclarkia cameroni","Brigalow Woodland Snail","Camaenidae","Endangered","Endangered","Endangered","","https://biodiversity.org.au/afd/taxa/d1433e40-4176-4632-8d11-30e06e1963bc","Adclarkia cameroni","Adclarkia","Camaenidae","Stylommatophora","Gastropoda","Mollusca","Animalia","Brigalow Woodland Snail","exactMatch",
"Pimelea pagophila","Pimelea pagophila","Grampians Rice-flower","Thymelaeaceae","Vulnerable","Vulnerable","Vulnerable","","https://id.biodiversity.org.au/node/apni/2894452","Pimelea pagophila","Pimelea","Thymelaeaceae","Malvales","Equisetopsida","Charophyta","Plantae","Grampians Rice-flower","exactMatch",
"Apatophyllum olsenii","Apatophyllum olsenii","-","Celastraceae","Vulnerable","Vulnerable","Vulnerable","","https://id.biodiversity.org.au/node/apni/2900750","Apatophyllum olsenii","Apatophyllum","Celastraceae","Celastrales","Equisetopsida","Charophyta","Plantae",,"exactMatch",
"Owenia cepiodora","Owenia cepiodora","Onionwood, Bog Onion, Onion Cedar","Meliaceae","Vulnerable","Vulnerable","Vulnerable","","https://id.biodiversity.org.au/node/apni/2896851","Owenia cepiodora","Owenia","Meliaceae","Sapindales","Equisetopsida","Charophyta","Plantae","Onion Cedar","exactMatch",
"Euastacus balanensis","Euastacus balanensis","Balan Spiny Crayfish","Parastacidae","Endangered","Endangered","Endangered","","https://biodiversity.org.au/afd/taxa/b554c87f-5132-459e-ab38-e9dcf7eb690c","Euastacus balanensis","Euastacus","Parastacidae","Decapoda","Malacostraca","Arthropoda","Animalia","Balan Spiny Crayfish","exactMatch",
"Vrydagzynea grayi","Vrydagzynea grayi","Tonsil Orchid","Orchidaceae","Endangered","Endangered","Endangered","","https://id.biodiversity.org.au/taxon/apni/51442046","Vrydagzynea grayi","Vrydagzynea","Orchidaceae","Asparagales","Equisetopsida","Charophyta","Plantae","Tonsil Orchid","exactMatch",
"Ctenopterella blechnoides","Ctenopterella blechnoides","-","Grammitidaceae","Vulnerable","Vulnerable","Vulnerable","","https://id.biodiversity.org.au/node/apni/2910683","Ctenopterella blechnoides","Ctenopterella","Grammitidaceae","Polypodiales","Equisetopsida","Charophyta","Plantae",,"exactMatch",
"Thalassarche steadi","Thalassarche steadi","White-capped Albatross","Diomedeidae","Vulnerable","Vulnerable","Vulnerable","","https://biodiversity.org.au/afd/taxa/80cbab65-bdf7-4fd4-8666-f7579de78e4c","Thalassarche steadi","Thalassarche","Diomedeidae","Procellariiformes","Aves","Chordata","Animalia","White-capped Albatross","exactMatch",
"Eucalyptus sp. Cattai (Gregson s.n., 28 Aug 1954)","Eucalyptus sp. Cattai (Gregson s.n., 28 Aug 1954)","-","Myrtaceae","Critically Endangered","Critically Endangered","Critically Endangered","","https://id.biodiversity.org.au/taxon/apni/51289965","Eucalyptus sp. Cattai (Gregson s.n. 28 Aug 1954)","Eucalyptus","Myrtaceae","Myrtales","Equisetopsida","Charophyta","Plantae",,"phraseMatch",
"Bothriochloa bunyensis","Bothriochloa bunyensis","Satin-top Grass","Poaceae","Vulnerable","Vulnerable","Vulnerable","","https://id.biodiversity.org.au/node/apni/2900237","Bothriochloa bunyensis","Bothriochloa","Poaceae","Poales","Equisetopsida","Charophyta","Plantae","Satintop Grass","exactMatch",
"Persoonia mollis subsp. maxima","Persoonia mollis subsp. maxima","-","Proteaceae","Endangered","Endangered","Endangered","","https://id.biodiversity.org.au/node/apni/2893909","Persoonia mollis subsp. maxima","Persoonia","Proteaceae","Proteales","Equisetopsida","Charophyta","Plantae",,"exactMatch",
"Nematolepis rhytidophylla","Nematolepis rhytidophylla","-","Rutaceae","Critically Endangered","Critically Endangered","Critically Endangered","","https://id.biodiversity.org.au/node/apni/2908143","Nematolepis rhytidophylla","Nematolepis","Rutaceae","Sapindales","Equisetopsida","Charophyta","Plantae","Nalbaugh Nematolepis","exactMatch",
"Eucalyptus langleyi","Eucalyptus langleyi","Albatross Mallee, Green Mallee Ash","Myrtaceae","Vulnerable","Vulnerable","Vulnerable","","https://id.biodiversity.org.au/node/apni/2918889","Eucalyptus langleyi","Eucalyptus","Myrtaceae","Myrtales","Equisetopsida","Charophyta","Plantae","Albatross Mallee","exactMatch",
"Velleia perfoliata","Velleia perfoliata","-","Goodeniaceae","Vulnerable","Vulnerable","Vulnerable","","https://id.biodiversity.org.au/taxon/apni/51772356","Goodenia perfoliata","Goodenia","Goodeniaceae","Asterales","Equisetopsida","Charophyta","Plantae",,"exactMatch",
"Swainsona pyrophila","Swainsona pyrophila","Yellow Swainson-pea","Fabaceae","Vulnerable","Vulnerable","Vulnerable","","https://id.biodiversity.org.au/node/apni/2895241","Swainsona pyrophila","Swainsona","Fabaceae","Fabales","Equisetopsida","Charophyta","Plantae","Yellow Swainson-pea","exactMatch",
"Craterocephalus dalhousiensis","Craterocephalus dalhousiensis","Dalhousie Hardyhead","Atherinidae","Critically Endangered","Critically Endangered","Critically Endangered","","https://biodiversity.org.au/afd/taxa/37ee8c4a-a0a0-4761-8f68-a6fea261a963","Craterocephalus dalhousiensis","Craterocephalus","Atherinidae","Atheriniformes","Actinopterygii","Chordata","Animalia","Dalhousie Hardyhead","exactMatch",
"Amytornis woodwardi","Amytornis woodwardi","White-throated Grasswren, Yirlinkirrkirr","Maluridae","Vulnerable","Vulnerable","Vulnerable","","https://biodiversity.org.au/afd/taxa/44b923c7-16f2-42ab-8b6c-67ee6e4da28f","Amytornis (Magnamytis) woodwardi","Amytornis","Maluridae","Passeriformes","Aves","Chordata","Animalia","White-throated Grasswren","exactMatch",
"Cassinia heleniae","Cassinia heleniae","-","Asteraceae","Endangered","Endangered","Endangered","","https://id.biodiversity.org.au/node/apni/2893600","Cassinia heleniae","Cassinia","Asteraceae","Asterales","Equisetopsida","Charophyta","Plantae",,"exactMatch",
"Graptophyllum reticulatum","Graptophyllum reticulatum","Veiny Graptophyllum","Acanthaceae","Endangered","Endangered","Endangered","","https://id.biodiversity.org.au/node/apni/2908874","Graptophyllum reticulatum","Graptophyllum","Acanthaceae","Lamiales","Equisetopsida","Charophyta","Plantae","Reticulated Holly","exactMatch",
"Ammobium craspedioides","Ammobium craspedioides","Yass Daisy","Asteraceae","Vulnerable","Vulnerable","Vulnerable","","https://id.biodiversity.org.au/node/apni/2910323","Ammobium craspedioides","Ammobium","Asteraceae","Asterales","Equisetopsida","Charophyta","Plantae","Yass Daisy","exactMatch",
"Omphalea celata","Omphalea celata","-","Euphorbiaceae","Vulnerable","Vulnerable","Vulnerable","","https://id.biodiversity.org.au/node/apni/2916710","Omphalea celata","Omphalea","Euphorbiaceae","Malpighiales","Equisetopsida","Charophyta","Plantae",,"exactMatch",
"Darwinia meeboldii","Darwinia meeboldii","Cranbrook Bell","Myrtaceae","Vulnerable","Vulnerable","Vulnerable","","https://id.biodiversity.org.au/node/apni/2915389","Darwinia meeboldii","Darwinia","Myrtaceae","Myrtales","Equisetopsida","Charophyta","Plantae","Cranbrook Bell","exactMatch",
"Romnalda strobilacea","Romnalda strobilacea","-","Asparagaceae","Vulnerable","Vulnerable","Vulnerable","","https://id.biodiversity.org.au/node/apni/2888528","Romnalda strobilacea","Romnalda","Asparagaceae","Asparagales","Equisetopsida","Charophyta","Plantae",,"exactMatch",
"Conostylis dielsii subsp. teres","Conostylis dielsii subsp. teres","Irwin's Conostylis","Haemodoraceae","Endangered","Endangered","Endangered","","https://id.biodiversity.org.au/node/apni/6288432","Conostylis dielsii subsp. teres","Conostylis","Haemodoraceae","Commelinales","Equisetopsida","Charophyta","Plantae","Irwin's Conostylis","exactMatch",
"Lenwebbia sp. Main Range (P.R.Sharpe+ 4877)","Lenwebbia sp. Main Range (P.R.Sharpe+ 4877)","-","Myrtaceae","Critically Endangered","Critically Endangered","Critically Endangered","","https://id.biodiversity.org.au/taxon/apni/51440239","Lenwebbia sp. Main Range (P.R.Sharpe+ 4877)","Lenwebbia","Myrtaceae","Myrtales","Equisetopsida","Charophyta","Plantae",,"exactMatch",
"Plectranthus nitidus","Plectranthus nitidus","Nightcap Plectranthus, Silver Plectranthus","Lamiaceae","Endangered","Endangered","Endangered","","https://id.biodiversity.org.au/taxon/apni/51774980","Coleus nitidus","Coleus","Lamiaceae","Lamiales","Equisetopsida","Charophyta","Plantae",,"exactMatch",
"Astrotricha roddii","Astrotricha roddii","-","Araliaceae","Endangered","Endangered","Endangered","","https://id.biodiversity.org.au/node/apni/2892627","Astrotricha roddii","Astrotricha","Araliaceae","Apiales","Equisetopsida","Charophyta","Plantae","Rodd's Star Hair","exactMatch",
"Pomaderris walshii","Pomaderris walshii","Carrington Falls Pomaderris","Rhamnaceae","Critically Endangered","Critically Endangered","Critically Endangered","","https://id.biodiversity.org.au/node/apni/2909534","Pomaderris walshii","Pomaderris","Rhamnaceae","Rosales","Equisetopsida","Charophyta","Plantae","Carrington Falls Pomaderris","exactMatch",
"Aphelocephala leucopsis","Aphelocephala leucopsis","Southern Whiteface","Pardalotidae","Vulnerable","Vulnerable","Vulnerable","","https://biodiversity.org.au/afd/taxa/d2e67121-b3b9-4292-84f9-4f070a05b7d4","Aphelocephala leucopsis","Aphelocephala","Acanthizidae","Passeriformes","Aves","Chordata","Animalia","Southern Whiteface","exactMatch",
"Dermochelys coriacea","Dermochelys coriacea","Leatherback Turtle, Leathery Turtle, Luth","Dermochelyidae","Endangered","Endangered","Endangered","","https://biodiversity.org.au/afd/taxa/9b31383c-4745-4b8f-a3bd-8b9e91619e47","Dermochelys coriacea","Dermochelys","Dermochelyidae","Testudines","Reptilia","Chordata","Animalia","Leathery Turtle","exactMatch",
"Melanodryas cucullata cucullata","Melanodryas cucullata cucullata","South-eastern Hooded Robin, Hooded Robin (south-eastern)","Petroicidae","Endangered","Endangered","Endangered","","https://biodiversity.org.au/afd/taxa/f411b7e7-5818-45fc-b3d2-8dfa5ed45f1e","Melanodryas (Melanodryas) cucullata cucullata","Melanodryas","Petroicidae","Passeriformes","Aves","Chordata","Animalia","South-eastern Hooded Robin","exactMatch",
"Petrogale xanthopus xanthopus","Petrogale xanthopus xanthopus","Yellow-footed Rock-wallaby (SA and NSW)","Macropodidae","Vulnerable","Vulnerable","Vulnerable","","https://biodiversity.org.au/afd/taxa/14c1ae5d-9501-4222-b900-2dbd0cb00f0c","Petrogale xanthopus xanthopus","Petrogale","Macropodidae","Diprotodontia","Mammalia","Chordata","Animalia","Yellow-footed Rock-wallaby","exactMatch",
"Corynocarpus rupestris subsp. rupestris","Corynocarpus rupestris subsp. rupestris","Glenugie Karaka","Corynocarpaceae","Vulnerable","Vulnerable","Vulnerable","","https://id.biodiversity.org.au/node/apni/2913193","Corynocarpus rupestris subsp. rupestris","Corynocarpus","Corynocarpaceae","Cucurbitales","Equisetopsida","Charophyta","Plantae","Glenugie Karaka","exactMatch",
"Melaleuca biconvexa","Melaleuca biconvexa","Biconvex Paperbark","Myrtaceae","Vulnerable","Vulnerable","Vulnerable","","https://id.biodiversity.org.au/node/apni/2896108","Melaleuca biconvexa","Melaleuca","Myrtaceae","Myrtales","Equisetopsida","Charophyta","Plantae","Biconvex Paperbark","exactMatch",
"Caladenia behrii","Caladenia behrii","Pink-lipped Spider-orchid","Orchidaceae","Endangered","Endangered","Endangered","","https://id.biodiversity.org.au/taxon/apni/51398825","Caladenia behrii","Caladenia","Orchidaceae","Asparagales","Equisetopsida","Charophyta","Plantae","Pinklipped Spiderorchid","exactMatch",
"Seriolella brama","Seriolella brama","Blue Warehou","Centrolophidae","Conservation Dependent","Conservation Dependent","Conservation Dependent","","https://biodiversity.org.au/afd/taxa/88398d84-527f-4095-bf73-138fed671907","Seriolella brama","Seriolella","Centrolophidae","Perciformes","Actinopterygii","Chordata","Animalia","Blue Warehou","exactMatch",
"Eucalyptus paedoglauca","Eucalyptus paedoglauca","Mt Stuart Ironbark","Myrtaceae","Vulnerable","Vulnerable","Vulnerable","","https://id.biodiversity.org.au/node/apni/2904298","Eucalyptus paedoglauca","Eucalyptus","Myrtaceae","Myrtales","Equisetopsida","Charophyta","Plantae","Mt. Stuart Ironbark","exactMatch",
"Cinclosoma punctatum anachoreta","Cinclosoma punctatum anachoreta","Mt Lofty Ranges Spotted Quail-thrush, Spotted Quail-thrush (Mt Lofty Ranges)","Cinclosomatidae","Critically Endangered","Critically Endangered","Critically Endangered","","https://biodiversity.org.au/afd/taxa/1bacffb1-9a12-41e5-800b-5701f8d80910","Cinclosoma (Cinclosoma) punctatum anachoreta","Cinclosoma","Cinclosomatidae","Passeriformes","Aves","Chordata","Animalia","Mount Lofty Ranges Spotted Quail-thrush","exactMatch",
"Kardomia silvestris","Kardomia silvestris","Woodland Babingtonia","Myrtaceae","Endangered","Endangered","Endangered","","https://id.biodiversity.org.au/node/apni/2912136","Kardomia silvestris","Kardomia","Myrtaceae","Myrtales","Equisetopsida","Charophyta","Plantae","Woodland Babingtonia","exactMatch",
"Caladenia ornata","Caladenia ornata","Ornate Pink Fingers","Orchidaceae","Vulnerable","Vulnerable","Vulnerable","","https://id.biodiversity.org.au/taxon/apni/51399233","Caladenia ornata","Caladenia","Orchidaceae","Asparagales","Equisetopsida","Charophyta","Plantae","Ornate Pink Fingers","exactMatch",
"Allocasuarina glareicola","Allocasuarina glareicola","-","Casuarinaceae","Endangered","Endangered","Endangered","","https://id.biodiversity.org.au/node/apni/2904212","Allocasuarina glareicola","Allocasuarina","Casuarinaceae","Fagales","Equisetopsida","Charophyta","Plantae",,"exactMatch",
"Leionema lamprophyllum subsp. fractum","Leionema lamprophyllum subsp. fractum","-","Rutaceae","Critically Endangered","Critically Endangered","Critically Endangered","","https://id.biodiversity.org.au/taxon/apni/51294041","Leionema lamprophyllum subsp. fractum","Leionema","Rutaceae","Sapindales","Equisetopsida","Charophyta","Plantae",,"exactMatch",
"Commersonia erythrogyna","Commersonia erythrogyna","Trigwell's Rulingia","Malvaceae","Endangered","Endangered","Endangered","","https://id.biodiversity.org.au/node/apni/2903446","Commersonia erythrogyna","Commersonia","Malvaceae","Malvales","Equisetopsida","Charophyta","Plantae","Trigwell's Rulingia","exactMatch",
"Riekoperla darlingtoni","Riekoperla darlingtoni","Mount Donna Buang Wingless Stonefly","Gripopterygidae","Critically Endangered","Critically Endangered","Critically Endangered","","https://biodiversity.org.au/afd/taxa/f9a42b9a-7cc6-456a-b8e7-c1fdca1a33e4","Riekoperla darlingtoni","Riekoperla","Gripopterygidae","Plecoptera","Insecta","Arthropoda","Animalia","Mt Donna Buang Wingless Stonefly","exactMatch",
"Gastrolobium appressum","Gastrolobium appressum","Scale-leaf Poison","Fabaceae","Vulnerable","Vulnerable","Vulnerable","","https://id.biodiversity.org.au/node/apni/2887813","Gastrolobium appressum","Gastrolobium","Fabaceae","Fabales","Equisetopsida","Charophyta","Plantae","Scaleleaf Poison","exactMatch",
"Darwinia biflora","Darwinia biflora","-","Myrtaceae","Vulnerable","Vulnerable","Vulnerable","","https://id.biodiversity.org.au/node/apni/2906424","Darwinia biflora","Darwinia","Myrtaceae","Myrtales","Equisetopsida","Charophyta","Plantae",,"exactMatch",
"Conospermum hookeri","Conospermum hookeri","Variable Smoke-bush","Proteaceae","Vulnerable","Vulnerable","Vulnerable","","https://id.biodiversity.org.au/node/apni/2899049","Conospermum hookeri","Conospermum","Proteaceae","Proteales","Equisetopsida","Charophyta","Plantae","Variable Smokebush","exactMatch",
"Potorous tridactylus tridactylus","Potorous tridactylus tridactylus","Long-nosed Potoroo (northern)","Potoroidae","Vulnerable","Vulnerable","Vulnerable","","https://biodiversity.org.au/afd/taxa/e20717ce-a432-4640-9840-ca0fb9e48b50","Potorous tridactylus tridactylus","Potorous","Potoroidae","Diprotodontia","Mammalia","Chordata","Animalia","Long-nosed Potoroo","exactMatch",
"Galaxias parvus","Galaxias parvus","Swamp Galaxias","Galaxiidae","Vulnerable","Vulnerable","Vulnerable","","https://biodiversity.org.au/afd/taxa/976e8b1e-5f47-4c29-99d2-711a1e68bda4","Galaxias parvus","Galaxias","Galaxiidae","Salmoniformes","Actinopterygii","Chordata","Animalia","Swamp Galaxias","exactMatch",
"Eremophila lactea","Eremophila lactea","Milky Emu Bush","Myoporaceae","Endangered","Endangered","Endangered","","https://id.biodiversity.org.au/node/apni/2902724","Eremophila lactea","Eremophila","Scrophulariaceae","Lamiales","Equisetopsida","Charophyta","Plantae","Milky Emu Bush","exactMatch",
"Carinascincus greeni","Carinascincus greeni","Alpine Cool-skink, Northern Snow Skink","Scincidae","Endangered","Endangered","Endangered","","https://biodiversity.org.au/afd/taxa/bcc0b936-ca0f-4d3f-a6bb-cbeda0e4ae1b","Carinascincus greeni","Carinascincus","Scincidae","Squamata","Reptilia","Chordata","Animalia","Alpine Cool-skink","exactMatch",
"Phascogale tapoatafa kimberleyensis","Phascogale tapoatafa kimberleyensis","Kimberley brush-tailed phascogale, Brush-tailed Phascogale (Kimberley)","Dasyuridae","Vulnerable","Vulnerable","Vulnerable","","https://biodiversity.org.au/afd/taxa/4599875a-5bc9-4dde-99df-3b8b8692af88","Phascogale tapoatafa kimberleyensis","Phascogale","Dasyuridae","Dasyuromorphia","Mammalia","Chordata","Animalia","Kimberley Brush-tailed Phascogale","exactMatch",
"Seringia exastia","Seringia exastia","Fringed Fire-bush","Malvaceae","Critically Endangered","Critically Endangered","Critically Endangered","","https://id.biodiversity.org.au/taxon/apni/51777430","Seringia exastia","Seringia","Malvaceae","Malvales","Equisetopsida","Charophyta","Plantae","Fringed Fire-bush","exactMatch",
"Caladenia versicolor","Caladenia versicolor","Candy Spider-orchid","Orchidaceae","Vulnerable","Vulnerable","Vulnerable","","https://id.biodiversity.org.au/taxon/apni/51399445","Caladenia versicolor","Caladenia","Orchidaceae","Asparagales","Equisetopsida","Charophyta","Plantae","Candy Spider-orchid","exactMatch",
"Isopogon uncinatus","Isopogon uncinatus","Albany Cone Bush, Hook-leaf Isopogon","Proteaceae","Endangered","Endangered","Endangered","","https://id.biodiversity.org.au/node/apni/2902568","Isopogon uncinatus","Isopogon","Proteaceae","Proteales","Equisetopsida","Charophyta","Plantae","Hookleaf Isopogon","exactMatch",
"Pycnoptilus floccosus","Pycnoptilus floccosus","Pilotbird","Acanthizidae","Vulnerable","Vulnerable","Vulnerable","","https://biodiversity.org.au/afd/taxa/2e27790b-4503-444b-a7c4-e55c563f2f69","Pycnoptilus floccosus","Pycnoptilus","Acanthizidae","Passeriformes","Aves","Chordata","Animalia","Pilotbird","exactMatch",
"Diomedea amsterdamensis","Diomedea amsterdamensis","Amsterdam Albatross","Diomedeidae","Endangered","Endangered","Endangered","","https://biodiversity.org.au/afd/taxa/67ab9a8c-5e66-4e3a-9062-82894aeb5f06","Diomedea amsterdamensis","Diomedea","Diomedeidae","Procellariiformes","Aves","Chordata","Animalia","Amsterdam Island Albatross","exactMatch",
"Poa sallacustris","Poa sallacustris","Salt-lake Tussock-grass","Poaceae","Vulnerable","Vulnerable","Vulnerable","","https://id.biodiversity.org.au/node/apni/2888901","Poa sallacustris","Poa","Poaceae","Poales","Equisetopsida","Charophyta","Plantae","Salt-lake Tussock-grass","exactMatch",
"Azorella macquariensis","Azorella macquariensis","Macquarie Azorella, Macquarie Cushions","Apiaceae","Critically Endangered","Critically Endangered","Critically Endangered","","https://id.biodiversity.org.au/node/apni/2890542","Azorella macquariensis","Azorella","Apiaceae","Apiales","Equisetopsida","Charophyta","Plantae","Macquarie Cushions","exactMatch",
"Sphenotoma drummondii","Sphenotoma drummondii","Mountain Paper-heath","Ericaceae","Endangered","Endangered","Endangered","","https://id.biodiversity.org.au/node/apni/2905295","Sphenotoma drummondii","Sphenotoma","Ericaceae","Ericales","Equisetopsida","Charophyta","Plantae","Mountain Paper-heath","exactMatch",
"Astelia australiana","Astelia australiana","Tall Astelia","Liliaceae","Vulnerable","Vulnerable","Vulnerable","","https://id.biodiversity.org.au/node/apni/2898064","Astelia australiana","Astelia","Asteliaceae","Asparagales","Equisetopsida","Charophyta","Plantae","Tall Astelia","exactMatch",
"Caladenia christineae","Caladenia christineae","Christine's Spider Orchid","Orchidaceae","Vulnerable","Vulnerable","Vulnerable","","https://id.biodiversity.org.au/taxon/apni/51398889","Caladenia christineae","Caladenia","Orchidaceae","Asparagales","Equisetopsida","Charophyta","Plantae","Christine's Spider Orchid","exactMatch",
"Macquaria australasica","Macquaria australasica","Macquarie Perch","Percichthyidae","Endangered","Endangered","Endangered","","https://biodiversity.org.au/afd/taxa/10b9c5a9-7c3f-4d71-940b-e0675adea0e3","Macquaria australasica","Macquaria","Percichthyidae","Perciformes","Actinopterygii","Chordata","Animalia","Macquarie Perch","exactMatch",
"Rhodamnia rubescens","Rhodamnia rubescens","Scrub Turpentine, Brown Malletwood","Myrtaceae","Critically Endangered","Critically Endangered","Critically Endangered","","https://id.biodiversity.org.au/taxon/apni/51782455","Rhodamnia rubescens","Rhodamnia","Myrtaceae","Myrtales","Equisetopsida","Charophyta","Plantae","Scrub Turpentine","exactMatch",
"Lerista colliveri","Lerista colliveri","Nubbined Fine-lined Slider","Scincidae","Endangered","Endangered","Endangered","","https://biodiversity.org.au/afd/taxa/0f679c09-69ba-4eb8-8dd3-e127fe085134","Lerista colliveri","Lerista","Scincidae","Squamata","Reptilia","Chordata","Animalia","Nubbined Fine-lined Slider","exactMatch",
"Persoonia bargoensis","Persoonia bargoensis","Bargo Geebung","Proteaceae","Endangered","Endangered","Endangered","","https://id.biodiversity.org.au/node/apni/2892547","Persoonia bargoensis","Persoonia","Proteaceae","Proteales","Equisetopsida","Charophyta","Plantae","Bargo Geebung","exactMatch",
"Euastacus mirangudjin","Euastacus mirangudjin","Orange-bellied Crayfish","Parastacidae","Endangered","Endangered","Endangered","","https://biodiversity.org.au/afd/taxa/945ffddf-9ea7-4d91-af99-46f1927f60b0","Euastacus mirangudjin","Euastacus","Parastacidae","Decapoda","Malacostraca","Arthropoda","Animalia",,"exactMatch",
"Solanum orgadophilum","Solanum orgadophilum","Capella Potato Bush","Solanaceae","Critically Endangered","Critically Endangered","Critically Endangered","","https://id.biodiversity.org.au/node/apni/2891006","Solanum orgadophilum","Solanum","Solanaceae","Solanales","Equisetopsida","Charophyta","Plantae","Capella Potato Bush","exactMatch",
"Plectranthus torrenticola","Plectranthus torrenticola","-","Lamiaceae","Endangered","Endangered","Endangered","","https://id.biodiversity.org.au/taxon/apni/51775004","Coleus torrenticola","Coleus","Lamiaceae","Lamiales","Equisetopsida","Charophyta","Plantae",,"exactMatch",
"Acacia leptoneura","Acacia leptoneura","-","Fabaceae","Critically Endangered","Critically Endangered","Critically Endangered","","https://id.biodiversity.org.au/node/apni/2909543","Acacia leptoneura","Acacia","Fabaceae","Fabales","Equisetopsida","Charophyta","Plantae",,"exactMatch",
"Carcharodon carcharias","Carcharodon carcharias","White Shark, Great White Shark","Lamnidae","Vulnerable","Vulnerable","Vulnerable","","https://biodiversity.org.au/afd/taxa/0552a891-e2c8-4b8b-8fa2-37825fb24f88","Carcharodon carcharias","Carcharodon","Lamnidae","Lamniformes","Chondrichthyes","Chordata","Animalia","White Shark","exactMatch",
"Epacris glabella","Epacris glabella","Funnel Heath, Smooth Heath","Epacridaceae","Endangered","Endangered","Endangered","","https://id.biodiversity.org.au/node/apni/2896845","Epacris glabella","Epacris","Ericaceae","Ericales","Equisetopsida","Charophyta","Plantae","Smooth Heath","exactMatch",
"Erythrotriorchis radiatus","Erythrotriorchis radiatus","Red Goshawk","Accipitridae","Endangered","Endangered","Endangered","","https://biodiversity.org.au/afd/taxa/390a23b8-0097-4a2c-b068-283d2d4bd21f","Erythrotriorchis radiatus","Erythrotriorchis","Accipitridae","Accipitriformes","Aves","Chordata","Animalia","Red Goshawk","exactMatch",
"Eleocharis keigheryi","Eleocharis keigheryi","Keighery's Eleocharis","Cyperaceae","Vulnerable","Vulnerable","Vulnerable","","https://id.biodiversity.org.au/node/apni/3588334","Eleocharis keigheryi","Eleocharis","Cyperaceae","Poales","Equisetopsida","Charophyta","Plantae","Keighery's Eleocharis","exactMatch",
"Pezoporus occidentalis","Pezoporus occidentalis","Night Parrot","Psittacidae","Critically Endangered","Critically Endangered","Critically Endangered","","https://biodiversity.org.au/afd/taxa/c630f3b0-528a-4686-a2a1-73113135f214","Pezoporus occidentalis","Pezoporus","Psittacidae","Psittaciformes","Aves","Chordata","Animalia","Night Parrot","exactMatch",
"Melicope littoralis","Melicope littoralis","Shade Tree","Rutaceae","Vulnerable","Vulnerable","Vulnerable","","https://id.biodiversity.org.au/node/apni/2909231","Melicope littoralis","Melicope","Rutaceae","Sapindales","Equisetopsida","Charophyta","Plantae","Shade Tree","exactMatch",
"Bertya granitica","Bertya granitica","a shrub","Euphorbiaceae","Endangered","Endangered","Endangered","","https://id.biodiversity.org.au/taxon/apni/51768347","Bertya granitica","Bertya","Euphorbiaceae","Malpighiales","Equisetopsida","Charophyta","Plantae","Bertya","exactMatch",
"Gastrolobium humile","Gastrolobium humile","-","Fabaceae","Endangered","Endangered","Endangered","","https://id.biodiversity.org.au/node/apni/2890175","Gastrolobium humile","Gastrolobium","Fabaceae","Fabales","Equisetopsida","Charophyta","Plantae",,"exactMatch",
"Miniopterus orianae bassanii","Miniopterus orianae bassanii","Southern Bent-wing Bat","Miniopteridae","Critically Endangered","Critically Endangered","Critically Endangered","","https://biodiversity.org.au/afd/taxa/98dbf664-a454-4472-81bf-325fa41a1876","Miniopterus orianae bassanii","Miniopterus","Miniopteridae","Chiroptera","Mammalia","Chordata","Animalia","Southern Bent-winged Bat","exactMatch",
"Tyto novaehollandiae kimberli","Tyto novaehollandiae kimberli","Masked Owl (northern)","Tytonidae","Vulnerable","Vulnerable","Vulnerable","","https://biodiversity.org.au/afd/taxa/d1a27333-c288-46d5-a034-f42920ddb1b8","Tyto novaehollandiae kimberli","Tyto","Tytonidae","Strigiformes","Aves","Chordata","Animalia","Northern Masked Owl","exactMatch",
"Lasiopetalum joyceae","Lasiopetalum joyceae","-","Sterculiaceae","Vulnerable","Vulnerable","Vulnerable","","https://id.biodiversity.org.au/node/apni/2906633","Lasiopetalum joyceae","Lasiopetalum","Malvaceae","Malvales","Equisetopsida","Charophyta","Plantae",,"exactMatch",
"Nematolepis wilsonii","Nematolepis wilsonii","Shiny Nematolepis","Rutaceae","Vulnerable","Vulnerable","Vulnerable","","https://id.biodiversity.org.au/node/apni/2911468","Nematolepis wilsonii","Nematolepis","Rutaceae","Sapindales","Equisetopsida","Charophyta","Plantae","Shiny Nematolepis","exactMatch",
"Lachnagrostis limitanea","Lachnagrostis limitanea","Spalding Blown Grass, Spalding Blowngrass","Poaceae","Endangered","Endangered","Endangered","","https://id.biodiversity.org.au/node/apni/2906440","Lachnagrostis limitanea","Lachnagrostis","Poaceae","Poales","Equisetopsida","Charophyta","Plantae","Spalding Blown-grass","exactMatch",
"Leichhardtia araujacea","Leichhardtia araujacea","-","Apocynaceae","Critically Endangered","Critically Endangered","Critically Endangered","","https://id.biodiversity.org.au/taxon/apni/51688927","Leichhardtia araujacea","Leichhardtia","Apocynaceae","Gentianales","Equisetopsida","Charophyta","Plantae",,"exactMatch",
"Actinotus schwarzii","Actinotus schwarzii","Desert Flannel-flower","Apiaceae","Vulnerable","Vulnerable","Vulnerable","","https://id.biodiversity.org.au/node/apni/2911359","Actinotus schwarzii","Actinotus","Apiaceae","Apiales","Equisetopsida","Charophyta","Plantae","Desert Flannelflower","exactMatch",
"Tiliqua adelaidensis","Tiliqua adelaidensis","Pygmy Blue-tongue Lizard, Adelaide Blue-tongue Lizard","Scincidae","Endangered","Endangered","Endangered","","https://biodiversity.org.au/afd/taxa/de470429-7c6f-4559-bf1e-caf047684f7c","Tiliqua adelaidensis","Tiliqua","Scincidae","Squamata","Reptilia","Chordata","Animalia","Pygmy Blue-tongue","exactMatch",
"Prostanthera discolor","Prostanthera discolor","-","Lamiaceae","Vulnerable","Vulnerable","Vulnerable","","https://id.biodiversity.org.au/node/apni/2919694","Prostanthera discolor","Prostanthera","Lamiaceae","Lamiales","Equisetopsida","Charophyta","Plantae",,"exactMatch",
"Euastacus maidae","Euastacus maidae","Hinterland Spiny Crayfish, Hinterland Crayfish","Parastacidae","Critically Endangered","Critically Endangered","Critically Endangered","","https://biodiversity.org.au/afd/taxa/6b1e59ce-dece-4488-bcb7-c3270d3802e6","Euastacus maidae","Euastacus","Parastacidae","Decapoda","Malacostraca","Arthropoda","Animalia",,"exactMatch",
"Diomedea epomophora","Diomedea epomophora","Southern Royal Albatross","Diomedeidae","Vulnerable","Vulnerable","Vulnerable","","https://biodiversity.org.au/afd/taxa/b97cb235-4a5c-4033-9922-06837b194de7","Diomedea epomophora","Diomedea","Diomedeidae","Procellariiformes","Aves","Chordata","Animalia","Southern Royal Albatross","exactMatch",
"Cormodes darwini","Cormodes darwini","a beetle","Cleridae","Critically Endangered","Critically Endangered","Critically Endangered","","https://biodiversity.org.au/afd/taxa/97c06994-4a3b-4c0f-9b18-0c0e0181e68a","Cormodes darwini","Cormodes","Cleridae","Coleoptera","Insecta","Arthropoda","Animalia",,"exactMatch",
"Cryptostylis hunteriana","Cryptostylis hunteriana","Leafless Tongue-orchid","Orchidaceae","Vulnerable","Vulnerable","Vulnerable","","https://id.biodiversity.org.au/taxon/apni/51401155","Cryptostylis hunteriana","Cryptostylis","Orchidaceae","Asparagales","Equisetopsida","Charophyta","Plantae","Leafless Tongue-orchid","exactMatch",
"Eleocharis papillosa","Eleocharis papillosa","Dwarf Desert Spike-rush","Cyperaceae","Vulnerable","Vulnerable","Vulnerable","","https://id.biodiversity.org.au/node/apni/2901498","Eleocharis papillosa","Eleocharis","Cyperaceae","Poales","Equisetopsida","Charophyta","Plantae","Dwarf Desert Spikerush","exactMatch",
"Kunzea rupestris","Kunzea rupestris","-","Myrtaceae","Vulnerable","Vulnerable","Vulnerable","","https://id.biodiversity.org.au/node/apni/2918024","Kunzea rupestris","Kunzea","Myrtaceae","Myrtales","Equisetopsida","Charophyta","Plantae",,"exactMatch",
"Phebalium whitei","Phebalium whitei","-","Rutaceae","Vulnerable","Vulnerable","Vulnerable","","https://id.biodiversity.org.au/node/apni/2909327","Phebalium whitei","Phebalium","Rutaceae","Sapindales","Equisetopsida","Charophyta","Plantae",,"exactMatch",
"Uromyrtus australis","Uromyrtus australis","Peach Myrtle","Myrtaceae","Endangered","Endangered","Endangered","","https://id.biodiversity.org.au/node/apni/2916936","Uromyrtus australis","Uromyrtus","Myrtaceae","Myrtales","Equisetopsida","Charophyta","Plantae","Peach Myrtle","exactMatch",
"Hypolepis distans","Hypolepis distans","Scrambling Ground-fern","Dennstaedtiaceae","Endangered","Endangered","Endangered","","https://id.biodiversity.org.au/taxon/apni/51434811","Hiya distans","Hiya","Dennstaedtiaceae","Polypodiales","Equisetopsida","Charophyta","Plantae",,"exactMatch",
"Galaxias truttaceus (Western Australian population)","Galaxias truttaceus (Western Australian population)","Western Trout Minnow","Galaxiidae","Endangered","Endangered","Endangered","","ALA_DR30474_474","Galaxias truttaceus (Western Australian population)",,"Galaxiidae","Salmoniformes","Actinopterygii","Chordata","Animalia",,"exactMatch",
"Eremochloa muricata","Eremochloa muricata","-","Poaceae","Endangered","Endangered","Endangered","","https://id.biodiversity.org.au/node/apni/2905720","Eremochloa muricata","Eremochloa","Poaceae","Poales","Equisetopsida","Charophyta","Plantae",,"exactMatch",
"Pterodroma heraldica","Pterodroma heraldica","Herald Petrel","Procellariidae","Critically Endangered","Critically Endangered","Critically Endangered","","https://biodiversity.org.au/afd/taxa/6bdb6f06-0385-498c-bc01-ada1a5d02dd1","Pterodroma (Hallstroma) heraldica","Pterodroma","Procellariidae","Procellariiformes","Aves","Chordata","Animalia","Herald Petrel","exactMatch",
"Homopholis belsonii","Homopholis belsonii","Belson's Panic","Poaceae","Vulnerable","Vulnerable","Vulnerable","","https://id.biodiversity.org.au/node/apni/2912755","Homopholis belsonii","Homopholis","Poaceae","Poales","Equisetopsida","Charophyta","Plantae","Belson's Panic","exactMatch",
"Hesperocolletes douglasi","Hesperocolletes douglasi","Douglas' Broad-headed Bee, Rottnest Bee","Colletidae","Critically Endangered","Critically Endangered","Critically Endangered","","https://biodiversity.org.au/afd/taxa/0b118f69-1672-4a1b-833e-23d2ad18adae","Hesperocolletes douglasi","Hesperocolletes","Colletidae","Hymenoptera","Insecta","Arthropoda","Animalia","Short-tongued Native Bee","exactMatch",
"Litoria subglandulosa","Litoria subglandulosa","New England Tree Frog, Glandular Frog","Pelodryadidae","Vulnerable","Vulnerable","Vulnerable","","https://biodiversity.org.au/afd/taxa/b5d42ef1-2994-407e-8023-7032814bbd82","Litoria subglandulosa","Litoria","Pelodryadidae","Anura","Amphibia","Chordata","Animalia","Glandular Frog","exactMatch",
"Deyeuxia appressa","Deyeuxia appressa","-","Poaceae","Endangered","Endangered","Endangered","","https://id.biodiversity.org.au/node/apni/2913931","Deyeuxia appressa","Deyeuxia","Poaceae","Poales","Equisetopsida","Charophyta","Plantae",,"exactMatch",
"Kunzea cambagei","Kunzea cambagei","-","Myrtaceae","Vulnerable","Vulnerable","Vulnerable","","https://id.biodiversity.org.au/node/apni/2900228","Kunzea cambagei","Kunzea","Myrtaceae","Myrtales","Equisetopsida","Charophyta","Plantae","Cambage Kunzea","exactMatch",
"Verticordia spicata subsp. squamosa","Verticordia spicata subsp. squamosa","Scaly-leaved Featherflower","Myrtaceae","Endangered","Endangered","Endangered","","https://id.biodiversity.org.au/node/apni/2904961","Verticordia spicata subsp. squamosa","Verticordia","Myrtaceae","Myrtales","Equisetopsida","Charophyta","Plantae","Scalyleaved Featherflower","exactMatch",
"Mesodontrachia fitzroyana","Mesodontrachia fitzroyana","Fitzroy Land Snail","Camaenidae","Endangered","Endangered","Endangered","","https://biodiversity.org.au/afd/taxa/27699746-d3eb-42da-9988-e34856295b2f","Mesodontrachia fitzroyana","Mesodontrachia","Camaenidae","Stylommatophora","Gastropoda","Mollusca","Animalia","Fitzroy Station Rocksnail","exactMatch",
"Pterostylis ziegeleri","Pterostylis ziegeleri","Grassland Greenhood, Cape Portland Greenhood","Orchidaceae","Vulnerable","Vulnerable","Vulnerable","","https://id.biodiversity.org.au/taxon/apni/51412454","Pterostylis ziegeleri","Pterostylis","Orchidaceae","Asparagales","Equisetopsida","Charophyta","Plantae","Cape Portland Greenhood","exactMatch",
"Coleanthera virgata","Coleanthera virgata","Hidden Coleanthera","Epacridaceae","Extinct","Extinct","Extinct","","https://id.biodiversity.org.au/taxon/apni/51767716","Styphelia lanata","Styphelia","Ericaceae","Ericales","Equisetopsida","Charophyta","Plantae",,"exactMatch",
"Phyllurus gulbaru","Phyllurus gulbaru","Gulbaru Gecko","Gekkonidae","Critically Endangered","Critically Endangered","Critically Endangered","","https://biodiversity.org.au/afd/taxa/cd59af8b-4c24-4ba5-9660-23decdcbf16d","Phyllurus gulbaru","Phyllurus","Carphodactylidae","Squamata","Reptilia","Chordata","Animalia","Gulbaru Gecko","exactMatch",
"Varanus mitchelli","Varanus mitchelli","Mitchell's Water Monitor","Varanidae","Critically Endangered","Critically Endangered","Critically Endangered","","https://biodiversity.org.au/afd/taxa/446bbd9b-4648-4356-975a-ee6b1a5f9846","Varanus mitchelli","Varanus","Varanidae","Squamata","Reptilia","Chordata","Animalia","Mitchell's Water Monitor","exactMatch",
"Kennedia glabrata","Kennedia glabrata","Northcliffe Kennedia","Fabaceae","Vulnerable","Vulnerable","Vulnerable","","https://id.biodiversity.org.au/node/apni/2890137","Kennedia glabrata","Kennedia","Fabaceae","Fabales","Equisetopsida","Charophyta","Plantae","Northcliffe Kennedia","exactMatch",
"Euastacus yigara","Euastacus yigara","Cardwell Crayfish, Cardwell Hairy Crayfish","Parastacidae","Critically Endangered","Critically Endangered","Critically Endangered","","https://biodiversity.org.au/afd/taxa/aa0bc655-0210-4948-b101-287a7c131416","Euastacus yigara","Euastacus","Parastacidae","Decapoda","Malacostraca","Arthropoda","Animalia","Cardwell Hairy Crayfish","exactMatch",
"Bertmainius colonus","Bertmainius colonus","Eastern Stirling Range Pygmy Trapdoor Spider","Migidae","Vulnerable","Vulnerable","Vulnerable","","https://biodiversity.org.au/afd/taxa/82071245-6483-4e2d-9663-e0a5399a38cc","Bertmainius colonus","Bertmainius","Migidae","Araneae","Arachnida","Arthropoda","Animalia","Eastern Stirling Range Pygmy Trapdoor Spider","exactMatch",
"Dasymalla axillaris","Dasymalla axillaris","Native Foxglove","Lamiaceae","Critically Endangered","Critically Endangered","Critically Endangered","","https://id.biodiversity.org.au/node/apni/2906421","Dasymalla axillaris","Dasymalla","Lamiaceae","Lamiales","Equisetopsida","Charophyta","Plantae","Native Foxglove","exactMatch",
"Banksia vincentia","Banksia vincentia","-","Proteaceae","Critically Endangered","Critically Endangered","Critically Endangered","","https://id.biodiversity.org.au/node/apni/4546357","Banksia vincentia","Banksia","Proteaceae","Proteales","Equisetopsida","Charophyta","Plantae",,"exactMatch",
"Pultenaea aristata","Pultenaea aristata","-","Fabaceae","Vulnerable","Vulnerable","Vulnerable","","https://id.biodiversity.org.au/node/apni/2891888","Pultenaea aristata","Pultenaea","Fabaceae","Fabales","Equisetopsida","Charophyta","Plantae","Prickly Bush-pea","exactMatch",
"Stagonopleura bella samueli","Stagonopleura bella samueli","Western Beautiful Firetail, Beautiful Firetail (Mt Lofty Range and Kangaroo Island)","Estrildidae","Endangered","Endangered","Endangered","","https://biodiversity.org.au/afd/taxa/b3e86e3c-548e-4196-bcca-72964656261a","Stagonopleura (Zonaeginthus) bella samueli","Stagonopleura","Estrildidae","Passeriformes","Aves","Chordata","Animalia",,"exactMatch",
"Calectasia elegans","Calectasia elegans","Elegant Tinsel Lily","Dasypogonaceae","Critically Endangered","Critically Endangered","Critically Endangered","","https://id.biodiversity.org.au/taxon/apni/51283236","Calectasia elegans","Calectasia","Dasypogonaceae","Dasypogonales","Equisetopsida","Charophyta","Plantae","Elegant Tinsel Lily","exactMatch",
"Petrogale lateralis kimberleyensis","Petrogale lateralis kimberleyensis","Wiliji, West Kimberley Rock-wallaby","Macropodidae","Endangered","Endangered","Endangered","","https://biodiversity.org.au/afd/taxa/815cda4d-1cc9-48c0-9bb3-7f45113cf69f","Petrogale lateralis kimberleyensis","Petrogale","Macropodidae","Diprotodontia","Mammalia","Chordata","Animalia","Wiliji","exactMatch",
"Pseudemoia cryodroma","Pseudemoia cryodroma","Alpine Bog Skink, Alpine Bog-skink","Scincidae","Endangered","Endangered","Endangered","","https://biodiversity.org.au/afd/taxa/63ebb9d8-ec8f-4ae4-93c6-6bf553c2d2c9","Pseudemoia cryodroma","Pseudemoia","Scincidae","Squamata","Reptilia","Chordata","Animalia","Alpine Bog-skink","exactMatch",
"Sarcochilus hartmannii","Sarcochilus hartmannii","Waxy Sarcochilus, Blue Knob Orchid","Orchidaceae","Vulnerable","Vulnerable","Vulnerable","","https://id.biodiversity.org.au/taxon/apni/51413235","Sarcochilus hartmannii","Sarcochilus","Orchidaceae","Asparagales","Equisetopsida","Charophyta","Plantae","Hartman's Sarcochilus","exactMatch",
"Rutidosis leptorhynchoides","Rutidosis leptorhynchoides","Button Wrinklewort","Asteraceae","Endangered","Endangered","Endangered","","https://id.biodiversity.org.au/node/apni/7062437","Rutidosis leptorhynchoides","Rutidosis","Asteraceae","Asterales","Equisetopsida","Charophyta","Plantae","Button Wrinklewort","exactMatch",
"Furina dunmalli","Furina dunmalli","Dunmall's Snake","Elapidae","Vulnerable","Vulnerable","Vulnerable","","https://biodiversity.org.au/afd/taxa/d820f432-3cf3-408f-b219-3464aea421ab","Furina dunmalli","Furina","Elapidae","Squamata","Reptilia","Chordata","Animalia","Dunmall's Snake","exactMatch",
"Hypotaenidia philippensis macquariensis","Hypotaenidia philippensis macquariensis","Macquarie Island Buff-banded Rail, Buff-banded Rail (Macquarie Island)","Rallidae","Extinct","Extinct","Extinct","","https://biodiversity.org.au/afd/taxa/73c685d6-9a53-4d72-a918-4dd2807df6c7","Hypotaenidia philippensis macquariensis","Hypotaenidia","Rallidae","Gruiformes","Aves","Chordata","Animalia","Macquarie Island Buff-banded Rail","exactMatch",
"Homoranthus darwinioides","Homoranthus darwinioides","-","Myrtaceae","Vulnerable","Vulnerable","Vulnerable","","https://id.biodiversity.org.au/node/apni/2892573","Homoranthus darwinioides","Homoranthus","Myrtaceae","Myrtales","Equisetopsida","Charophyta","Plantae","Fairy Bells","exactMatch",
"Tetratheca juncea","Tetratheca juncea","Black-eyed Susan","Elaeocarpaceae","Vulnerable","Vulnerable","Vulnerable","","https://id.biodiversity.org.au/node/apni/2892190","Tetratheca juncea","Tetratheca","Elaeocarpaceae","Oxalidales","Equisetopsida","Charophyta","Plantae","Black-eyed Susan","exactMatch",
"Prostanthera spathulata","Prostanthera spathulata","-","Lamiaceae","Vulnerable","Vulnerable","Vulnerable","","https://id.biodiversity.org.au/taxon/apni/51301127","Prostanthera spathulata","Prostanthera","Lamiaceae","Lamiales","Equisetopsida","Charophyta","Plantae",,"exactMatch",
"Acacia pinguifolia","Acacia pinguifolia","Fat-leaved Wattle,  Fat-leaf Wattle","Fabaceae","Endangered","Endangered","Endangered","","https://id.biodiversity.org.au/node/apni/2886680","Acacia pinguifolia","Acacia","Fabaceae","Fabales","Equisetopsida","Charophyta","Plantae","Fatleaved Wattle","exactMatch",
"Chamelaucium sp. Gingin (N.G.Marchant 6)","Chamelaucium sp. Gingin (N.G.Marchant 6)","Gingin Wax","Myrtaceae","Endangered","Endangered","Endangered","","https://id.biodiversity.org.au/taxon/apni/51781776","Chamelaucium lullfitzii","Chamelaucium","Myrtaceae","Myrtales","Equisetopsida","Charophyta","Plantae",,"exactMatch",
"Acacia pharangites","Acacia pharangites","Wongan Gully Wattle","Fabaceae","Endangered","Endangered","Endangered","","https://id.biodiversity.org.au/node/apni/2918682","Acacia pharangites","Acacia","Fabaceae","Fabales","Equisetopsida","Charophyta","Plantae","Wongan Gully Wattle","exactMatch",
"Conostylis setigera subsp. dasys","Conostylis setigera subsp. dasys","Boscabel Conostylis","Haemodoraceae","Critically Endangered","Critically Endangered","Critically Endangered","","https://id.biodiversity.org.au/node/apni/2899869","Conostylis setigera subsp. dasys","Conostylis","Haemodoraceae","Commelinales","Equisetopsida","Charophyta","Plantae","Boscabel Conostylis","exactMatch",
"Chorizema varium","Chorizema varium","Limestone Pea","Fabaceae","Endangered","Endangered","Endangered","","https://id.biodiversity.org.au/node/apni/8713255","Chorizema varium","Chorizema","Fabaceae","Fabales","Equisetopsida","Charophyta","Plantae","Bush Flame Pea","exactMatch",
"Melichrus gibberagee","Melichrus gibberagee","Narrow-leaf Melichrus","Ericaceae","Critically Endangered","Critically Endangered","Critically Endangered","","https://id.biodiversity.org.au/taxon/apni/51767479","Melichrus gibberagee","Melichrus","Ericaceae","Ericales","Equisetopsida","Charophyta","Plantae","Narrow-leaf Melichrus","exactMatch",
"Euastacus vesper","Euastacus vesper","Cudgegong Giant Spiny Crayfish","Parastacidae","Critically Endangered","Critically Endangered","Critically Endangered","","https://biodiversity.org.au/afd/taxa/d6708b18-bc9a-4035-b31f-ac881e6decdc","Euastacus vesper","Euastacus","Parastacidae","Decapoda","Malacostraca","Arthropoda","Animalia",,"exactMatch",
"Westralunio carteri","Westralunio carteri","Carter's Freshwater Mussel, Ambiguus Mussel","Hyriidae","Vulnerable","Vulnerable","Vulnerable","","https://biodiversity.org.au/afd/taxa/539bc9a5-3d64-4de2-9cc5-90aac7518dc6","Westralunio carteri","Westralunio","Hyriidae","Unionida","Bivalvia","Mollusca","Animalia","Carter’s Freshwater Mussel","exactMatch",
"Caladenia attenuata","Caladenia attenuata","Duramana Fingers","Orchidaceae","Critically Endangered","Critically Endangered","Critically Endangered","","https://id.biodiversity.org.au/taxon/apni/51398803","Caladenia attenuata","Caladenia","Orchidaceae","Asparagales","Equisetopsida","Charophyta","Plantae","Duramana Fingers","exactMatch",
"Acacia rhetinocarpa","Acacia rhetinocarpa","Neat Wattle, Resin Wattle (SA)","Fabaceae","Vulnerable","Vulnerable","Vulnerable","","https://id.biodiversity.org.au/node/apni/2920738","Acacia rhetinocarpa","Acacia","Fabaceae","Fabales","Equisetopsida","Charophyta","Plantae","Resin Wattle","exactMatch",
"Androcalva rosea","Androcalva rosea","Sandy Hollow Commersonia","Malvaceae","Endangered","Endangered","Endangered","","https://id.biodiversity.org.au/node/apni/2902836","Androcalva rosea","Androcalva","Malvaceae","Malvales","Equisetopsida","Charophyta","Plantae","Sandy Hollow Commersonia","exactMatch",
"Adenanthos pungens subsp. pungens","Adenanthos pungens subsp. pungens","Spiky Adenanthos","Proteaceae","Vulnerable","Vulnerable","Vulnerable","","https://id.biodiversity.org.au/node/apni/2897744","Adenanthos pungens subsp. pungens","Adenanthos","Proteaceae","Proteales","Equisetopsida","Charophyta","Plantae","Spiky Adenanthos","exactMatch",
"Allocasuarina defungens","Allocasuarina defungens","Dwarf Heath Casuarina","Casuarinaceae","Endangered","Endangered","Endangered","","https://id.biodiversity.org.au/node/apni/2895060","Allocasuarina defungens","Allocasuarina","Casuarinaceae","Fagales","Equisetopsida","Charophyta","Plantae","Dwarf Heath Casuarina","exactMatch",
"Barbarea australis","Barbarea australis","Native Wintercress, Riverbed Wintercress","Brassicaceae","Endangered","Endangered","Endangered","","https://id.biodiversity.org.au/node/apni/2911800","Barbarea australis","Barbarea","Brassicaceae","Brassicales","Equisetopsida","Charophyta","Plantae","Riverbed Wintercress","exactMatch",
"Potorous gilbertii","Potorous gilbertii","Gilbert's Potoroo, Ngilkat","Potoroidae","Critically Endangered","Critically Endangered","Critically Endangered","","https://biodiversity.org.au/afd/taxa/d8dc2794-e9fd-4386-b374-59224074525f","Potorous gilbertii","Potorous","Potoroidae","Diprotodontia","Mammalia","Chordata","Animalia","Gilbert's Potoroo","exactMatch",
"Acacia glandulicarpa","Acacia glandulicarpa","Hairy-pod Wattle","Fabaceae","Vulnerable","Vulnerable","Vulnerable","","https://id.biodiversity.org.au/node/apni/2894806","Acacia glandulicarpa","Acacia","Fabaceae","Fabales","Equisetopsida","Charophyta","Plantae","Hairy-pod Wattle","exactMatch",
"Thelymitra stellata","Thelymitra stellata","Star Sun-orchid","Orchidaceae","Endangered","Endangered","Endangered","","https://id.biodiversity.org.au/taxon/apni/51414424","Thelymitra stellata","Thelymitra","Orchidaceae","Asparagales","Equisetopsida","Charophyta","Plantae","Star Sunorchid","exactMatch",
"Allocasuarina portuensis","Allocasuarina portuensis","Nielsen Park She-oak","Casuarinaceae","Endangered","Endangered","Endangered","","https://id.biodiversity.org.au/node/apni/2891101","Allocasuarina portuensis","Allocasuarina","Casuarinaceae","Fagales","Equisetopsida","Charophyta","Plantae","Nielsen Park Sheoak","exactMatch",
"Archontophoenix myolensis","Archontophoenix myolensis","Myola Palm, Myola Archontophoenix","Arecaceae","Endangered","Endangered","Endangered","","https://id.biodiversity.org.au/taxon/apni/51737506","Archontophoenix myolensis","Archontophoenix","Arecaceae","Arecales","Equisetopsida","Charophyta","Plantae","Myola Archontophoenix","exactMatch",
"Euastacus bindal","Euastacus bindal","Mt Elliot Crayfish","Parastacidae","Critically Endangered","Critically Endangered","Critically Endangered","","https://biodiversity.org.au/afd/taxa/07d71174-9ef7-44fc-b055-e62bdbb1830b","Euastacus bindal","Euastacus","Parastacidae","Decapoda","Malacostraca","Arthropoda","Animalia","Mt Elliot Crayfish","exactMatch",
"Verticordia densiflora var. pedunculata","Verticordia densiflora var. pedunculata","Long-stalked Featherflower","Myrtaceae","Endangered","Endangered","Endangered","","https://id.biodiversity.org.au/node/apni/2888310","Verticordia densiflora var. pedunculata","Verticordia","Myrtaceae","Myrtales","Equisetopsida","Charophyta","Plantae","Longstalked Featherflower","exactMatch",
"Phalaenopsis amabilis subsp. rosenstromii","Phalaenopsis amabilis subsp. rosenstromii","Native Moth Orchid","Orchidaceae","Endangered","Endangered","Endangered","","https://id.biodiversity.org.au/taxon/apni/51407858","Phalaenopsis rosenstromii","Phalaenopsis","Orchidaceae","Asparagales","Equisetopsida","Charophyta","Plantae","Moth Orchid","exactMatch",
"Euastacus polysetosus","Euastacus polysetosus","Many-bristled Crayfish","Parastacidae","Endangered","Endangered","Endangered","","https://biodiversity.org.au/afd/taxa/991a1b28-9ca7-448a-80d6-360eba273879","Euastacus polysetosus","Euastacus","Parastacidae","Decapoda","Malacostraca","Arthropoda","Animalia",,"exactMatch",
"Melanotaenia sp. nov. 'Malanda'","Melanotaenia sp. nov. 'Malanda'","Malanda Rainbowfish","Melanotaeniidae","Critically Endangered","Critically Endangered","Critically Endangered","","ALA_DR30474_1361","Melanotaenia sp. nov. 'Malanda'","Melanotaenia","Melanotaeniidae","Atheriniformes","Actinopterygii","Chordata","Animalia","Malanda Rainbowfish","exactMatch",
"Eucalyptus tetrapleura","Eucalyptus tetrapleura","Square-fruited Ironbark","Myrtaceae","Vulnerable","Vulnerable","Vulnerable","","https://id.biodiversity.org.au/node/apni/2918580","Eucalyptus tetrapleura","Eucalyptus","Myrtaceae","Myrtales","Equisetopsida","Charophyta","Plantae","Square-fruited Ironbark","exactMatch",
"Grevillea scapigera","Grevillea scapigera","Corrigin Grevillea","Proteaceae","Endangered","Endangered","Endangered","","https://id.biodiversity.org.au/node/apni/2890664","Grevillea scapigera","Grevillea","Proteaceae","Proteales","Equisetopsida","Charophyta","Plantae","Corrigin Grevillea","exactMatch",
"Stylidium applanatum","Stylidium applanatum","Flat-leaved Triggerplant","Stylidiaceae","Critically Endangered","Critically Endangered","Critically Endangered","","https://id.biodiversity.org.au/node/apni/2907496","Stylidium applanatum","Stylidium","Stylidiaceae","Asterales","Equisetopsida","Charophyta","Plantae","Flatleaved Triggerplant","exactMatch",
"Leionema obtusifolium","Leionema obtusifolium","-","Rutaceae","Vulnerable","Vulnerable","Vulnerable","","https://id.biodiversity.org.au/node/apni/2900053","Leionema obtusifolium","Leionema","Rutaceae","Sapindales","Equisetopsida","Charophyta","Plantae",,"exactMatch",
"Pteropus brunneus","Pteropus brunneus","Percy Island Flying-fox, Dusky Fruit Bat","Pteropodidae","Extinct","Extinct","Extinct","","https://biodiversity.org.au/afd/taxa/1f9df97f-0954-4ec1-93ba-e712a1bfbbcc","Pteropus brunneus","Pteropus","Pteropodidae","Chiroptera","Mammalia","Chordata","Animalia","Dusky Flying-fox","exactMatch",
"Synaphea quartzitica","Synaphea quartzitica","Quartz-loving Synaphea","Proteaceae","Endangered","Endangered","Endangered","","https://id.biodiversity.org.au/node/apni/2908532","Synaphea quartzitica","Synaphea","Proteaceae","Proteales","Equisetopsida","Charophyta","Plantae","Quartzloving Synaphea","exactMatch",
"Antechinus argentus","Antechinus argentus","Silver-headed Antechinus","Dasyuridae","Endangered","Endangered","Endangered","","https://biodiversity.org.au/afd/taxa/b611ae7a-9667-44fe-bba7-7c36a90a1eed","Antechinus argentus","Antechinus","Dasyuridae","Dasyuromorphia","Mammalia","Chordata","Animalia","Silver-headed Antechinus","exactMatch",
"Nyctophilopython oenpelliensis","Nyctophilopython oenpelliensis","Nawaran, Oenpelli Python, Oenpelli Rock Python","Pythonidae","Vulnerable","Vulnerable","Vulnerable","","https://biodiversity.org.au/afd/taxa/6a432022-bee9-4759-8b2f-82202ad99e11","Nyctophilopython oenpelliensis","Nyctophilopython","Pythonidae","Squamata","Reptilia","Chordata","Animalia","Oenpelli Python, Nawaran, Oenpelli Rock Python","exactMatch",
"Calectasia pignattiana","Calectasia pignattiana","Stilted Tinsel Lily","Dasypogonaceae","Vulnerable","Vulnerable","Vulnerable","","https://id.biodiversity.org.au/taxon/apni/51762620","Calectasia pignattiana","Calectasia","Dasypogonaceae","Dasypogonales","Equisetopsida","Charophyta","Plantae","Stilted Tinsel Lily","exactMatch",
"Dendrobium antennatum","Dendrobium antennatum","Antelope Orchid","Orchidaceae","Endangered","Endangered","Endangered","","https://id.biodiversity.org.au/taxon/apni/51402824","Dendrobium antennatum","Dendrobium","Orchidaceae","Asparagales","Equisetopsida","Charophyta","Plantae","Antelope Orchid","exactMatch",
"Drakaea elastica","Drakaea elastica","Glossy-leafed Hammer Orchid, Glossy-leaved Hammer Orchid,  Warty Hammer Orchid","Orchidaceae","Endangered","Endangered","Endangered","","https://id.biodiversity.org.au/taxon/apni/51404653","Drakaea elastica","Drakaea","Orchidaceae","Asparagales","Equisetopsida","Charophyta","Plantae","Glossy-leaved Hammer Orchid","exactMatch",
"Pteris zahlbruckneriana","Pteris zahlbruckneriana","Netted Brakefern","Pteridaceae","Endangered","Endangered","Endangered","","https://id.biodiversity.org.au/node/apni/2902099","Pteris zahlbruckneriana","Pteris","Pteridaceae",,"Equisetopsida","Charophyta","Plantae","Netted Brakefern","exactMatch",
"Hakea maconochieana","Hakea maconochieana","-","Proteaceae","Vulnerable","Vulnerable","Vulnerable","","https://id.biodiversity.org.au/node/apni/2905200","Hakea maconochieana","Hakea","Proteaceae","Proteales","Equisetopsida","Charophyta","Plantae",,"exactMatch",
"Macrozamia conferta","Macrozamia conferta","-","Zamiaceae","Vulnerable","Vulnerable","Vulnerable","","https://id.biodiversity.org.au/node/apni/2891883","Macrozamia conferta","Macrozamia","Zamiaceae","Cycadales","Equisetopsida","Charophyta","Plantae",,"exactMatch",
"Tachyglossus aculeatus multiaculeatus","Tachyglossus aculeatus multiaculeatus","Kangaroo Island Echidna","Tachyglossidae","Endangered","Endangered","Endangered","","https://biodiversity.org.au/afd/taxa/e9289876-b550-4278-a4db-336bd5f75e6a","Tachyglossus aculeatus multiaculeatus","Tachyglossus","Tachyglossidae","Monotremata","Mammalia","Chordata","Animalia","Short-beaked Echidna (kangaroo Island)","exactMatch",
"Gardenia actinocarpa","Gardenia actinocarpa","-","Rubiaceae","Endangered","Endangered","Endangered","","https://id.biodiversity.org.au/taxon/apni/51293926","Gardenia actinocarpa","Gardenia","Rubiaceae","Gentianales","Equisetopsida","Charophyta","Plantae",,"exactMatch",
"Nereia lophocladia","Nereia lophocladia","marine brown alga","Sporochnaceae","Endangered","Endangered","Endangered","","https://id.biodiversity.org.au/name/algae/20010034","Nereia lophocladia","Nereia","Sporochnaceae","Sporochnales","Phaeophyceae","Ochrophyta","Chromista","Marine Brown Alga","exactMatch",
"Prasophyllum uvidulum","Prasophyllum uvidulum","Shelley Leek Orchid","Orchidaceae","Critically Endangered","Critically Endangered","Critically Endangered","","https://id.biodiversity.org.au/taxon/apni/51795346","Prasophyllum uvidulum","Prasophyllum","Orchidaceae","Asparagales","Equisetopsida","Charophyta","Plantae","Summer Leek-orchid","exactMatch",
"Lerista allanae","Lerista allanae","Allan's Lerista, Retro Slider","Scincidae","Endangered","Endangered","Endangered","","https://biodiversity.org.au/afd/taxa/30fdf6d4-ede8-41fc-a4fb-ee5b8c4387f6","Lerista allanae","Lerista","Scincidae","Squamata","Reptilia","Chordata","Animalia","Greater Robust Fine-lined Slider","exactMatch",
"Stylidium coroniforme subsp. amblyphyllum","Stylidium coroniforme subsp. amblyphyllum","-","Stylidiaceae","Endangered","Endangered","Endangered","","https://id.biodiversity.org.au/node/apni/2914579","Stylidium coroniforme subsp. amblyphyllum","Stylidium","Stylidiaceae","Asterales","Equisetopsida","Charophyta","Plantae",,"exactMatch",
"Alloxylon flammeum","Alloxylon flammeum","Red Silky Oak, Queensland Waratah, Tree Waratah","Proteaceae","Vulnerable","Vulnerable","Vulnerable","","https://id.biodiversity.org.au/taxon/apni/51445216","Alloxylon flammeum","Alloxylon","Proteaceae","Proteales","Equisetopsida","Charophyta","Plantae","Ak","exactMatch",
"Eucalyptus strzeleckii","Eucalyptus strzeleckii","Strzelecki Gum","Myrtaceae","Vulnerable","Vulnerable","Vulnerable","","https://id.biodiversity.org.au/node/apni/2887828","Eucalyptus strzeleckii","Eucalyptus","Myrtaceae","Myrtales","Equisetopsida","Charophyta","Plantae","Strzelecki Gum","exactMatch",
"Neoroepera buxifolia","Neoroepera buxifolia","-","Euphorbiaceae","Vulnerable","Vulnerable","Vulnerable","","https://id.biodiversity.org.au/node/apni/2906585","Neoroepera buxifolia","Neoroepera","Picrodendraceae","Malpighiales","Equisetopsida","Charophyta","Plantae",,"exactMatch",
"Potorous platyops","Potorous platyops","Broad-faced Potoroo, Moda","Potoroidae","Extinct","Extinct","Extinct","","https://biodiversity.org.au/afd/taxa/ea32c940-3b20-4d5a-8f0e-45b15080ce50","Potorous platyops","Potorous","Potoroidae","Diprotodontia","Mammalia","Chordata","Animalia","Broad-faced Potoroo","exactMatch",
"Prostanthera junonis","Prostanthera junonis","Somersby Mintbush","Lamiaceae","Endangered","Endangered","Endangered","","https://id.biodiversity.org.au/node/apni/2920238","Prostanthera junonis","Prostanthera","Lamiaceae","Lamiales","Equisetopsida","Charophyta","Plantae","Somersby Mintbush","exactMatch",
"Acacia aphylla","Acacia aphylla","Leafless Rock Wattle","Fabaceae","Vulnerable","Vulnerable","Vulnerable","","https://id.biodiversity.org.au/node/apni/2913504","Acacia aphylla","Acacia","Fabaceae","Fabales","Equisetopsida","Charophyta","Plantae","Leafless Rock Wattle","exactMatch",
"Caladenia elegans","Caladenia elegans","Elegant Spider-orchid","Orchidaceae","Endangered","Endangered","Endangered","","https://id.biodiversity.org.au/taxon/apni/51398968","Caladenia elegans","Caladenia","Orchidaceae","Asparagales","Equisetopsida","Charophyta","Plantae","Elegant Spider Orchid","exactMatch",
"Amphiprion mccullochi","Amphiprion mccullochi","Whitesnout Anemonefish, McCulloch's Anemonefish","Pomacentridae","Critically Endangered","Critically Endangered","Critically Endangered","","https://biodiversity.org.au/afd/taxa/9a04e73b-de12-4168-9aa1-3765c67c7534","Amphiprion mccullochi","Amphiprion","Pomacentridae","Perciformes","Actinopterygii","Chordata","Animalia","Mcculloch's Anemonefish","exactMatch",
"Christinus guentheri","Christinus guentheri","Lord Howe Island Gecko, Lord Howe Island Southern Gecko","Gekkonidae","Vulnerable","Vulnerable","Vulnerable","","https://biodiversity.org.au/afd/taxa/034518df-90f9-47fc-961b-cc3c9ca067b0","Christinus guentheri","Christinus","Gekkonidae","Squamata","Reptilia","Chordata","Animalia","Lord Howe Island Gecko","exactMatch",
"Eucalyptus suberea","Eucalyptus suberea","Cork Mallee, Mount Lesueur Mallee","Myrtaceae","Vulnerable","Vulnerable","Vulnerable","","https://id.biodiversity.org.au/node/apni/2907540","Eucalyptus suberea","Eucalyptus","Myrtaceae","Myrtales","Equisetopsida","Charophyta","Plantae","Mount Lesueur Mallee","exactMatch",
"Tmesipteris norfolkensis","Tmesipteris norfolkensis","Hanging Fork-fern","Psilotaceae","Vulnerable","Vulnerable","Vulnerable","","https://id.biodiversity.org.au/node/apni/2905886","Tmesipteris norfolkensis","Tmesipteris","Psilotaceae","Psilotales","Equisetopsida","Charophyta","Plantae","Hanging Forkfern","exactMatch",
"Corunastylis brachystachya","Corunastylis brachystachya","Short-spiked Midge-orchid, Rocky Cape Midge Orchid","Orchidaceae","Endangered","Endangered","Endangered","","https://id.biodiversity.org.au/taxon/apni/51441009","Corunastylis brachystachya","Corunastylis","Orchidaceae","Asparagales","Equisetopsida","Charophyta","Plantae","Rocky Cape Midge Orchid","exactMatch",
"Pterostylis pratensis","Pterostylis pratensis","Liawenee Greenhood","Orchidaceae","Vulnerable","Vulnerable","Vulnerable","","https://id.biodiversity.org.au/taxon/apni/51412280","Pterostylis pratensis","Pterostylis","Orchidaceae","Asparagales","Equisetopsida","Charophyta","Plantae","Liawenee Greenhood","exactMatch",
"Bidyanus bidyanus","Bidyanus bidyanus","Silver Perch, Bidyan","Terapontidae","Endangered","Endangered","Endangered","","https://biodiversity.org.au/afd/taxa/0d382040-d26d-4009-921a-abf76013df3a","Bidyanus bidyanus","Bidyanus","Terapontidae","Perciformes","Actinopterygii","Chordata","Animalia","Silver Perch","exactMatch",
"Neophema chrysostoma","Neophema chrysostoma","Blue-winged Parrot","Psittacidae","Vulnerable","Vulnerable","Vulnerable","","https://biodiversity.org.au/afd/taxa/34832b73-b9cb-4e1b-97b3-a6b00ed8c9d8","Neophema (Neonanodes) chrysostoma","Neophema","Psittacidae","Psittaciformes","Aves","Chordata","Animalia","Blue-winged Parrot","exactMatch",
"Synaphea stenoloba","Synaphea stenoloba","Dwellingup Synaphea","Proteaceae","Endangered","Endangered","Endangered","","https://id.biodiversity.org.au/node/apni/2914226","Synaphea stenoloba","Synaphea","Proteaceae","Proteales","Equisetopsida","Charophyta","Plantae","Dwellingup Synaphea","exactMatch",
"Xerochrysum palustre","Xerochrysum palustre","Swamp Everlasting, Swamp Paper Daisy","Asteraceae","Vulnerable","Vulnerable","Vulnerable","","https://id.biodiversity.org.au/node/apni/2890165","Xerochrysum palustre","Xerochrysum","Asteraceae","Asterales","Equisetopsida","Charophyta","Plantae","Swamp Everlasting","exactMatch",
"Olearia hygrophila","Olearia hygrophila","Swamp Daisy, Water Daisy","Asteraceae","Endangered","Endangered","Endangered","","https://id.biodiversity.org.au/node/apni/2905385","Olearia hygrophila","Olearia","Asteraceae","Asterales","Equisetopsida","Charophyta","Plantae","Swamp Daisy","exactMatch",
"Stylidium coroniforme subsp. coroniforme","Stylidium coroniforme subsp. coroniforme","Wongan Hills Triggerplant, Wongan Triggerplant","Stylidiaceae","Endangered","Endangered","Endangered","","https://id.biodiversity.org.au/node/apni/2908534","Stylidium coroniforme subsp. coroniforme","Stylidium","Stylidiaceae","Asterales","Equisetopsida","Charophyta","Plantae","Wongan Triggerplant","exactMatch",
"Caladenia graniticola","Caladenia graniticola","Pingaring Spider-orchid, Granite Spider-orchid","Orchidaceae","Endangered","Endangered","Endangered","","https://id.biodiversity.org.au/taxon/apni/51399057","Caladenia graniticola","Caladenia","Orchidaceae","Asparagales","Equisetopsida","Charophyta","Plantae","Pingaring Spider Orchid","exactMatch",
"Thelymitra matthewsii","Thelymitra matthewsii","Spiral Sun-orchid","Orchidaceae","Endangered","Endangered","Endangered","","https://id.biodiversity.org.au/taxon/apni/51414354","Thelymitra matthewsii","Thelymitra","Orchidaceae","Asparagales","Equisetopsida","Charophyta","Plantae","Spiral Sun-orchid","exactMatch",
"Diomedea dabbenena","Diomedea dabbenena","Tristan Albatross","Diomedeidae","Endangered","Endangered","Endangered","","https://biodiversity.org.au/afd/taxa/489b57c7-4f23-43c7-b465-fdc55f3baad3","Diomedea dabbenena","Diomedea","Diomedeidae","Procellariiformes","Aves","Chordata","Animalia","Tristan Albatross","exactMatch",
"Acacia latzii","Acacia latzii","Latz's Wattle","Fabaceae","Vulnerable","Vulnerable","Vulnerable","","https://id.biodiversity.org.au/node/apni/2906346","Acacia latzii","Acacia","Fabaceae","Fabales","Equisetopsida","Charophyta","Plantae","Latz's Wattle","exactMatch",
"Homoranthus elusus","Homoranthus elusus","-","Myrtaceae","Critically Endangered","Critically Endangered","Critically Endangered","","https://id.biodiversity.org.au/node/apni/2898334","Homoranthus elusus","Homoranthus","Myrtaceae","Myrtales","Equisetopsida","Charophyta","Plantae",,"exactMatch",
"Phreatia limenophylax","Phreatia limenophylax","Norfolk Island Phreatia","Orchidaceae","Critically Endangered","Critically Endangered","Critically Endangered","","https://id.biodiversity.org.au/taxon/apni/51407890","Plexaure limenophylax","Plexaure","Orchidaceae","Asparagales","Equisetopsida","Charophyta","Plantae",,"exactMatch",
"Pardalotus quadragintus","Pardalotus quadragintus","Forty-spotted Pardalote","Pardalotidae","Endangered","Endangered","Endangered","","https://biodiversity.org.au/afd/taxa/021abcd8-5f6c-4149-9759-182a96065bc8","Pardalotus (Pardalotus) quadragintus","Pardalotus","Pardalotidae","Passeriformes","Aves","Chordata","Animalia","Forty-spotted Pardalote","exactMatch",
"Acacia leptalea","Acacia leptalea","Chinocup Wattle","Fabaceae","Endangered","Endangered","Endangered","","https://id.biodiversity.org.au/node/apni/2890171","Acacia leptalea","Acacia","Fabaceae","Fabales","Equisetopsida","Charophyta","Plantae","Chinocup Wattle","exactMatch",
"Micropathus kiernani","Micropathus kiernani","Francistown Cave Cricket, Southern sandstone cave cricket","Rhaphidophoridae","Critically Endangered","Critically Endangered","Critically Endangered","","https://biodiversity.org.au/afd/taxa/4babfbc7-acbe-419f-9778-997b42b1fe3a","Micropathus kiernani","Micropathus","Rhaphidophoridae","Orthoptera","Insecta","Arthropoda","Animalia","Southern Sandstone Cave Cricket","exactMatch",
"Sclerolaena blakei","Sclerolaena blakei","-","Chenopodiaceae","Vulnerable","Vulnerable","Vulnerable","","https://id.biodiversity.org.au/node/apni/2898594","Sclerolaena blakei","Sclerolaena","Chenopodiaceae","Caryophyllales","Equisetopsida","Charophyta","Plantae",,"exactMatch",
"Pachycephala pectoralis xanthoprocta","Pachycephala pectoralis xanthoprocta","Golden Whistler (Norfolk Island)","Pachycephalidae","Vulnerable","Vulnerable","Vulnerable","","https://biodiversity.org.au/afd/taxa/a9be89de-3bea-47fe-9357-89ad32e46898","Pachycephala (Pachycephala) pectoralis xanthoprocta","Pachycephala","Pachycephalidae","Passeriformes","Aves","Chordata","Animalia","Norfolk Island Golden Whistler","exactMatch",
"Boronia imlayensis","Boronia imlayensis","-","Rutaceae","Critically Endangered","Critically Endangered","Critically Endangered","","https://id.biodiversity.org.au/node/apni/2900110","Boronia imlayensis","Boronia","Rutaceae","Sapindales","Equisetopsida","Charophyta","Plantae",,"exactMatch",
"Gentiana wissmannii","Gentiana wissmannii","New England Gentian","Gentianaceae","Critically Endangered","Critically Endangered","Critically Endangered","","https://id.biodiversity.org.au/node/apni/2918070","Gentiana wissmannii","Gentiana","Gentianaceae","Gentianales","Equisetopsida","Charophyta","Plantae","New England Gentian","exactMatch",
"Acacia lumholtzii","Acacia lumholtzii","Girringun wattle","Fabaceae","Critically Endangered","Critically Endangered","Critically Endangered","","https://id.biodiversity.org.au/node/apni/2893310","Acacia lumholtzii","Acacia","Fabaceae","Fabales","Equisetopsida","Charophyta","Plantae",,"exactMatch",
"Quintalia stoddartii","Quintalia stoddartii","Stoddart's Helicarionid Land Snail","Microcystidae","Critically Endangered","Critically Endangered","Critically Endangered","","https://biodiversity.org.au/afd/taxa/bea61a98-296c-4799-b537-d9d5dfa2209f","Advena stoddartii stoddartii","Advena","Microcystidae","Stylommatophora","Gastropoda","Mollusca","Animalia",,"exactMatch",
"Pomaderris pallida","Pomaderris pallida","Pale Pomaderris","Rhamnaceae","Vulnerable","Vulnerable","Vulnerable","","https://id.biodiversity.org.au/node/apni/2897349","Pomaderris pallida","Pomaderris","Rhamnaceae","Rosales","Equisetopsida","Charophyta","Plantae","Pale Pomaderris","exactMatch",
"Eucryphia wilkiei","Eucryphia wilkiei","-","Eucryphiaceae","Vulnerable","Vulnerable","Vulnerable","","https://id.biodiversity.org.au/taxon/apni/51762204","Eucryphia wilkiei","Eucryphia","Cunoniaceae","Oxalidales","Equisetopsida","Charophyta","Plantae","Wilkie's Leatherwood","exactMatch",
"Kardomia prominens","Kardomia prominens","-","Myrtaceae","Critically Endangered","Critically Endangered","Critically Endangered","","https://id.biodiversity.org.au/node/apni/2908563","Kardomia prominens","Kardomia","Myrtaceae","Myrtales","Equisetopsida","Charophyta","Plantae",,"exactMatch",
"Eremophila sp. Narrow leaves (J.D.Start D12-150)","Eremophila sp. Narrow leaves (J.D.Start D12-150)","-","Scrophulariaceae","Critically Endangered","Critically Endangered","Critically Endangered","","https://id.biodiversity.org.au/taxon/apni/51447436","Eremophila subangustifolia","Eremophila","Scrophulariaceae","Lamiales","Equisetopsida","Charophyta","Plantae",,"exactMatch",
"Ozothamnus tesselatus","Ozothamnus tesselatus","-","Asteraceae","Vulnerable","Vulnerable","Vulnerable","","https://id.biodiversity.org.au/node/apni/2901035","Ozothamnus tesselatus","Ozothamnus","Asteraceae","Asterales","Equisetopsida","Charophyta","Plantae",,"exactMatch",
"Conostylis lepidospermoides","Conostylis lepidospermoides","Sedge Conostylis","Haemodoraceae","Endangered","Endangered","Endangered","","https://id.biodiversity.org.au/node/apni/6290138","Conostylis lepidospermoides","Conostylis","Haemodoraceae","Commelinales","Equisetopsida","Charophyta","Plantae","Sedge Conostylis","exactMatch",
"Antrophyum austroqueenslandicum","Antrophyum austroqueenslandicum","Border Ranges Lined Fern, Lamington Ox Tongue Fern","Pteridaceae","Critically Endangered","Critically Endangered","Critically Endangered","","https://id.biodiversity.org.au/taxon/apni/51293661","Antrophyum austroqueenslandicum","Antrophyum","Pteridaceae",,"Equisetopsida","Charophyta","Plantae","Lamington Ox Tongue Fern","exactMatch",
"Austrostipa jacobsiana","Austrostipa jacobsiana","-","Poaceae","Critically Endangered","Critically Endangered","Critically Endangered","","https://id.biodiversity.org.au/node/apni/2898511","Austrostipa jacobsiana","Austrostipa","Poaceae","Poales","Equisetopsida","Charophyta","Plantae",,"exactMatch",
"Denisonia maculata","Denisonia maculata","Ornamental Snake","Elapidae","Vulnerable","Vulnerable","Vulnerable","","https://biodiversity.org.au/afd/taxa/8167ccd6-00df-48d2-814f-06d68e522ac2","Denisonia maculata","Denisonia","Elapidae","Squamata","Reptilia","Chordata","Animalia","Ornamental Snake","exactMatch",
"Engaewa walpolea","Engaewa walpolea","Walpole Burrowing Crayfish","Parastacidae","Endangered","Endangered","Endangered","","https://biodiversity.org.au/afd/taxa/8dcbc1a9-590b-4c6a-9aa2-5ed6f199de0b","Engaewa walpolea","Engaewa","Parastacidae","Decapoda","Malacostraca","Arthropoda","Animalia","Walpole Burrowing Crayfish","exactMatch",
"Liopholis montana","Liopholis montana","Mountain Skink","Scincidae","Endangered","Endangered","Endangered","","https://biodiversity.org.au/afd/taxa/e8c7dd46-d1c4-4156-b19f-a4697a8ca72a","Liopholis montana","Liopholis","Scincidae","Squamata","Reptilia","Chordata","Animalia","Mountain Skink","exactMatch",
"Gentiana baeuerlenii","Gentiana baeuerlenii","Baeuerlen's Gentian","Gentianaceae","Critically Endangered","Critically Endangered","Critically Endangered","","https://id.biodiversity.org.au/node/apni/2892776","Gentiana baeuerlenii","Gentiana","Gentianaceae","Gentianales","Equisetopsida","Charophyta","Plantae","Baeuerlen's Gentian","exactMatch",
"Persoonia hindii","Persoonia hindii","-","Proteaceae","Endangered","Endangered","Endangered","","https://id.biodiversity.org.au/node/apni/2913791","Persoonia hindii","Persoonia","Proteaceae","Proteales","Equisetopsida","Charophyta","Plantae",,"exactMatch",
"Thelymitra jonesii","Thelymitra jonesii","Sky-blue Sun-orchid","Orchidaceae","Endangered","Endangered","Endangered","","https://id.biodiversity.org.au/taxon/apni/51414324","Thelymitra jonesii","Thelymitra","Orchidaceae","Asparagales","Equisetopsida","Charophyta","Plantae","Skyblue Sunorchid","exactMatch",
"Boronia granitica","Boronia granitica","Granite Boronia","Rutaceae","Endangered","Endangered","Endangered","","https://id.biodiversity.org.au/node/apni/2892142","Boronia granitica","Boronia","Rutaceae","Sapindales","Equisetopsida","Charophyta","Plantae","Granite Boronia","exactMatch",
"Caladenia hopperiana","Caladenia hopperiana","Quindanning Spider Orchid, Boddington Spider Orchid","Orchidaceae","Endangered","Endangered","Endangered","","https://id.biodiversity.org.au/taxon/apni/51399086","Caladenia hopperiana","Caladenia","Orchidaceae","Asparagales","Equisetopsida","Charophyta","Plantae","Quindanning Spider Orchid","exactMatch",
"Brachyscome muelleroides","Brachyscome muelleroides","Mueller Daisy","Asteraceae","Vulnerable","Vulnerable","Vulnerable","","https://id.biodiversity.org.au/node/apni/2889995","Brachyscome muelleroides","Brachyscome","Asteraceae","Asterales","Equisetopsida","Charophyta","Plantae","Mueller Daisy","exactMatch",
"Tarennoidea wallichii","Tarennoidea wallichii","-","Rubiaceae","Endangered","Endangered","Endangered","","https://id.biodiversity.org.au/node/apni/2910947","Tarennoidea wallichii","Tarennoidea","Rubiaceae","Gentianales","Equisetopsida","Charophyta","Plantae","Tarennoidea","exactMatch",
"Leioproctus douglasiellus","Leioproctus douglasiellus","a short-tongued bee","Colletidae","Critically Endangered","Critically Endangered","Critically Endangered","","https://biodiversity.org.au/afd/taxa/7d417612-72f5-43a0-98fe-0082168585c9","Leioproctus (Andrenopsis) douglasiellus","Leioproctus","Colletidae","Hymenoptera","Insecta","Arthropoda","Animalia","A Short-tongued Bee","exactMatch",
"Pseudophryne covacevichae","Pseudophryne covacevichae","Magnificent Brood Frog","Myobatrachidae","Vulnerable","Vulnerable","Vulnerable","","https://biodiversity.org.au/afd/taxa/d15e3357-827d-4dc8-820b-7223db4457a9","Pseudophryne covacevichae","Pseudophryne","Myobatrachidae","Anura","Amphibia","Chordata","Animalia","Magnificent Broodfrog","exactMatch",
"Caladenia sylvicola","Caladenia sylvicola","Forest Fingers","Orchidaceae","Critically Endangered","Critically Endangered","Critically Endangered","","https://id.biodiversity.org.au/taxon/apni/51399397","Caladenia sylvicola","Caladenia","Orchidaceae","Asparagales","Equisetopsida","Charophyta","Plantae","Forest Fingers","exactMatch",
"Conospermum quadripetalum","Conospermum quadripetalum","-","Proteaceae","Critically Endangered","Critically Endangered","Critically Endangered","","https://id.biodiversity.org.au/node/apni/2895621","Conospermum quadripetalum","Conospermum","Proteaceae","Proteales","Equisetopsida","Charophyta","Plantae",,"exactMatch",
"Galaxias mcdowalli","Galaxias mcdowalli","McDowall's Galaxias","Galaxiidae","Critically Endangered","Critically Endangered","Critically Endangered","","https://biodiversity.org.au/afd/taxa/ea57b0eb-be75-4151-9a28-d1e87c9075df","Galaxias mcdowalli","Galaxias","Galaxiidae","Salmoniformes","Actinopterygii","Chordata","Animalia","Mcdowall's Galaxias","exactMatch",
"Denhamia megacarpa","Denhamia megacarpa","Large-fruited Denhamia","Celastraceae","Endangered","Endangered","Endangered","","https://id.biodiversity.org.au/taxon/apni/51752838","Denhamia megacarpa","Denhamia","Celastraceae","Celastrales","Equisetopsida","Charophyta","Plantae","Largefruited Large-fruited Denhamia","exactMatch",
"Adenanthos ellipticus","Adenanthos ellipticus","Oval-leaf Adenanthos","Proteaceae","Vulnerable","Vulnerable","Vulnerable","","https://id.biodiversity.org.au/node/apni/2887408","Adenanthos ellipticus","Adenanthos","Proteaceae","Proteales","Equisetopsida","Charophyta","Plantae","Oval-leaf Adenanthos","exactMatch",
"Diplolaena andrewsii","Diplolaena andrewsii","-","Rutaceae","Endangered","Endangered","Endangered","","https://id.biodiversity.org.au/node/apni/2920309","Diplolaena andrewsii","Diplolaena","Rutaceae","Sapindales","Equisetopsida","Charophyta","Plantae",,"exactMatch",
"Mogurnda adspersa (Murray-Darling Basin population)","Mogurnda adspersa (Murray-Darling Basin population)","Southern Purple Spotted Gudgeon (Murray-Darling Basin population)","Eleotridae","Endangered","Endangered","Endangered","","https://biodiversity.org.au/afd/taxa/dc6467fe-af4a-42c8-8e6c-cc6f63eac09a","Mogurnda adspersa","Mogurnda","Eleotridae","Perciformes","Actinopterygii","Chordata","Animalia","Southern Purplespotted Gudgeon","canonicalMatch",
"Pseudomys shortridgei","Pseudomys shortridgei","Heath Mouse, Dayang, Heath Rat","Muridae","Endangered","Endangered","Endangered","","https://biodiversity.org.au/afd/taxa/bd9486ed-bdba-45b4-ab1c-73cc2c7a6edf","Pseudomys shortridgei","Pseudomys","Muridae","Rodentia","Mammalia","Chordata","Animalia","Heath Rat","exactMatch",
"Cryptoblepharus egeriae","Cryptoblepharus egeriae","Christmas Island Blue-tailed Skink, Blue-tailed Snake-eyed Skink","Scincidae","Critically Endangered","Critically Endangered","Critically Endangered","","https://biodiversity.org.au/afd/taxa/bd937fe6-430f-4d26-ab8e-3e4e34224896","Cryptoblepharus egeriae","Cryptoblepharus","Scincidae","Squamata","Reptilia","Chordata","Animalia","Blue-tailed Snake-eyed Skink","exactMatch",
"Lepidium hyssopifolium","Lepidium hyssopifolium","Basalt Pepper-cress, Peppercress, Rubble Pepper-cress, Pepperweed","Brassicaceae","Endangered","Endangered","Endangered","","https://id.biodiversity.org.au/node/apni/2898429","Lepidium hyssopifolium","Lepidium","Brassicaceae","Brassicales","Equisetopsida","Charophyta","Plantae","Aromatic Peppercress","exactMatch",
"Acacia spilleriana","Acacia spilleriana","Spiller's Wattle","Fabaceae","Endangered","Endangered","Endangered","","https://id.biodiversity.org.au/node/apni/2891389","Acacia spilleriana","Acacia","Fabaceae","Fabales","Equisetopsida","Charophyta","Plantae","Spiller's Wattle","exactMatch",
"Oedura lineata","Oedura lineata","Arcadia Velvet Gecko","Diplodactylidae","Critically Endangered","Critically Endangered","Critically Endangered","","https://biodiversity.org.au/afd/taxa/81eebc89-0c0a-421a-be94-5628816a4de5","Oedura lineata","Oedura","Diplodactylidae","Squamata","Reptilia","Chordata","Animalia","Arcadia Velvet Gecko","exactMatch",
"Acacia whibleyana","Acacia whibleyana","Whibley Wattle, Whibley's Wattle","Fabaceae","Endangered","Endangered","Endangered","","https://id.biodiversity.org.au/node/apni/2894022","Acacia whibleyana","Acacia","Fabaceae","Fabales","Equisetopsida","Charophyta","Plantae","Whibley's Wattle","exactMatch",
"Acacia denticulosa","Acacia denticulosa","Sandpaper Wattle","Fabaceae","Vulnerable","Vulnerable","Vulnerable","","https://id.biodiversity.org.au/node/apni/2916341","Acacia denticulosa","Acacia","Fabaceae","Fabales","Equisetopsida","Charophyta","Plantae","Sandpaper Wattle","exactMatch",
"Rhodamnia sessiliflora","Rhodamnia sessiliflora","Iron Malletwood","Myrtaceae","Endangered","Endangered","Endangered","","https://id.biodiversity.org.au/node/apni/2921028","Rhodamnia sessiliflora","Rhodamnia","Myrtaceae","Myrtales","Equisetopsida","Charophyta","Plantae","Iron Malletwood","exactMatch",
"Acacia ataxiphylla subsp. magna","Acacia ataxiphylla subsp. magna","Large-fruited Tammin Wattle","Fabaceae","Endangered","Endangered","Endangered","","https://id.biodiversity.org.au/node/apni/2905184","Acacia ataxiphylla subsp. magna","Acacia","Fabaceae","Fabales","Equisetopsida","Charophyta","Plantae","Largefruited Tammin Wattle","exactMatch",
"Daviesia obovata","Daviesia obovata","Paddle-leaf Daviesia","Fabaceae","Endangered","Endangered","Endangered","","https://id.biodiversity.org.au/node/apni/2889066","Daviesia obovata","Daviesia","Fabaceae","Fabales","Equisetopsida","Charophyta","Plantae","Paddleleaf Daviesia","exactMatch",
"Eretmochelys imbricata","Eretmochelys imbricata","Hawksbill Turtle","Cheloniidae","Vulnerable","Vulnerable","Vulnerable","","https://biodiversity.org.au/afd/taxa/96133221-771a-40d0-8368-ad428a55aaaa","Eretmochelys imbricata","Eretmochelys","Cheloniidae","Testudines","Reptilia","Chordata","Animalia","Hawksbill Turtle","exactMatch",
"Melicytus latifolius","Melicytus latifolius","Norfolk Island Mahoe","Violaceae","Critically Endangered","Critically Endangered","Critically Endangered","","https://id.biodiversity.org.au/node/apni/2904643","Melicytus latifolius","Melicytus","Violaceae","Malpighiales","Equisetopsida","Charophyta","Plantae","Norfolk Island Mahoe","exactMatch",
"Acacia porcata","Acacia porcata","-","Fabaceae","Endangered","Endangered","Endangered","","https://id.biodiversity.org.au/taxon/apni/51436634","Acacia porcata","Acacia","Fabaceae","Fabales","Equisetopsida","Charophyta","Plantae",,"exactMatch",
"Notomys mordax","Notomys mordax","Darling Downs Hopping-mouse, Payi","Muridae","Extinct","Extinct","Extinct","","https://biodiversity.org.au/afd/taxa/d604a048-e0ca-4edf-ab23-df03780af3c1","Notomys mordax","Notomys","Muridae","Rodentia","Mammalia","Chordata","Animalia","Darling Downs Hopping-mouse","exactMatch",
"Pomaderris vacciniifolia","Pomaderris vacciniifolia","Round-leaf Pomaderris","Rhamnaceae","Critically Endangered","Critically Endangered","Critically Endangered","","https://id.biodiversity.org.au/node/apni/2891881","Pomaderris vacciniifolia","Pomaderris","Rhamnaceae","Rosales","Equisetopsida","Charophyta","Plantae","Round-leaf Pomaderris","exactMatch",
"Pluvialis squatarola","Pluvialis squatarola","Grey Plover","Charadriidae","Vulnerable","Vulnerable","Vulnerable","","https://biodiversity.org.au/afd/taxa/fd928615-5613-47eb-9cd4-7eb8e30a4993","Pluvialis squatarola","Pluvialis","Charadriidae","Charadriiformes","Aves","Chordata","Animalia","Grey Plover","exactMatch",
"Zieria covenyi","Zieria covenyi","Coveny's Zieria","Rutaceae","Endangered","Endangered","Endangered","","https://id.biodiversity.org.au/node/apni/2896921","Zieria covenyi","Zieria","Rutaceae","Sapindales","Equisetopsida","Charophyta","Plantae","Coveny's Zieria","exactMatch",
"Tringa nebularia","Tringa nebularia","Common Greenshank, Greenshank","Scolopacidae","Endangered","Endangered","Endangered","","https://biodiversity.org.au/afd/taxa/d792ddc0-bdc2-4764-ab9c-ea9e43cd586e","Tringa (Glottis) nebularia","Tringa","Scolopacidae","Charadriiformes","Aves","Chordata","Animalia","Common Greenshank","exactMatch",
"Pomaderris cocoparrana","Pomaderris cocoparrana","-","Rhamnaceae","Endangered","Endangered","Endangered","","https://id.biodiversity.org.au/node/apni/2895429","Pomaderris cocoparrana","Pomaderris","Rhamnaceae","Rosales","Equisetopsida","Charophyta","Plantae","Cocoparra Pomaderris","exactMatch",
"Cupaniopsis tomentella","Cupaniopsis tomentella","Boonah Tuckeroo","Sapindaceae","Vulnerable","Vulnerable","Vulnerable","","https://id.biodiversity.org.au/node/apni/2888688","Cupaniopsis tomentella","Cupaniopsis","Sapindaceae","Sapindales","Equisetopsida","Charophyta","Plantae","Boonah Tuckeroo","exactMatch",
"Pultenaea parrisiae","Pultenaea parrisiae","-","Fabaceae","Vulnerable","Vulnerable","Vulnerable","","https://id.biodiversity.org.au/node/apni/2918491","Pultenaea parrisiae","Pultenaea","Fabaceae","Fabales","Equisetopsida","Charophyta","Plantae","Parris' Bush-pea","exactMatch",
"Xyris exilis","Xyris exilis","Stirling Range Xyris","Xyridaceae","Critically Endangered","Critically Endangered","Critically Endangered","","https://id.biodiversity.org.au/node/apni/2901341","Xyris exilis","Xyris","Xyridaceae","Poales","Equisetopsida","Charophyta","Plantae","Stirling Range Xyris","exactMatch",
"Hibbertia circinata","Hibbertia circinata","-","Dilleniaceae","Critically Endangered","Critically Endangered","Critically Endangered","","https://id.biodiversity.org.au/name/apni/50726564","Hibbertia circinata","Hibbertia","Dilleniaceae",,"Equisetopsida","Charophyta","Plantae","Connie's Guinea Flower","exactMatch",
"Banksia oligantha","Banksia oligantha","Wagin Banksia","Proteaceae","Endangered","Endangered","Endangered","","https://id.biodiversity.org.au/node/apni/2915608","Banksia oligantha","Banksia","Proteaceae","Proteales","Equisetopsida","Charophyta","Plantae","Wagin Banksia","exactMatch",
"Zoothera lunulata halmaturina","Zoothera lunulata halmaturina","South Australian Bassian Thrush, Western Bassian Thrush","Turdidae","Endangered","Endangered","Endangered","","https://biodiversity.org.au/afd/taxa/de1e2dfa-1ebd-4810-9186-0b5fe2947e7d","Zoothera (Zoothera) lunulata halmaturina","Zoothera","Turdidae","Passeriformes","Aves","Chordata","Animalia","Western Bassian Thrush","exactMatch",
"Eucalyptus caleyi subsp. ovendenii","Eucalyptus caleyi subsp. ovendenii","Ovenden's Ironbark","Myrtaceae","Vulnerable","Vulnerable","Vulnerable","","https://id.biodiversity.org.au/node/apni/2888204","Eucalyptus caleyi subsp. ovendenii","Eucalyptus","Myrtaceae","Myrtales","Equisetopsida","Charophyta","Plantae","Ovenden's Ironbark","exactMatch",
"Bettongia anhydra","Bettongia anhydra","Desert Bettong","Potoroidae","Extinct","Extinct","Extinct","","https://biodiversity.org.au/afd/taxa/6bdf10b0-3c46-42d3-818d-ea12992f000e","Bettongia anhydra","Bettongia","Potoroidae","Diprotodontia","Mammalia","Chordata","Animalia","Desert Bettong","exactMatch",
"Pterostylis commutata","Pterostylis commutata","Midland Greenhood","Orchidaceae","Critically Endangered","Critically Endangered","Critically Endangered","","https://id.biodiversity.org.au/taxon/apni/51412074","Pterostylis commutata","Pterostylis","Orchidaceae","Asparagales","Equisetopsida","Charophyta","Plantae","Midland Greenhood","exactMatch",
"Tetratheca gunnii","Tetratheca gunnii","Shy Pinkbells, Shy Susan","Elaeocarpaceae","Critically Endangered","Critically Endangered","Critically Endangered","","https://id.biodiversity.org.au/node/apni/2904922","Tetratheca gunnii","Tetratheca","Elaeocarpaceae","Oxalidales","Equisetopsida","Charophyta","Plantae","Shy Susan","exactMatch",
"Lepidium pseudopapillosum","Lepidium pseudopapillosum","Erect Pepper-cress","Brassicaceae","Vulnerable","Vulnerable","Vulnerable","","https://id.biodiversity.org.au/taxon/apni/51751399","Lepidium pseudopapillosum","Lepidium","Brassicaceae","Brassicales","Equisetopsida","Charophyta","Plantae","Formbe Peppercress","exactMatch",
"Synemon plana","Synemon plana","Golden Sun Moth","Castniidae","Vulnerable","Vulnerable","Vulnerable","","https://biodiversity.org.au/afd/taxa/a51dca29-50e7-49b4-ae35-5c35a9c4f854","Synemon plana","Synemon","Castniidae","Lepidoptera","Insecta","Arthropoda","Animalia","Golden Sun Moth","exactMatch",
"Cycas megacarpa","Cycas megacarpa","-","Cycadaceae","Endangered","Endangered","Endangered","","https://id.biodiversity.org.au/node/apni/2913264","Cycas megacarpa","Cycas","Cycadaceae","Cycadales","Equisetopsida","Charophyta","Plantae",,"exactMatch",
"Petauroides minor","Petauroides minor","Greater Glider (northern), Greater Glider (north-eastern Queensland)","Pseudocheiridae","Vulnerable","Vulnerable","Vulnerable","","https://biodiversity.org.au/afd/taxa/1c4c3c95-f463-4c0b-9b24-4780a08767bd","Petauroides minor","Petauroides","Pseudocheiridae","Diprotodontia","Mammalia","Chordata","Animalia","Northern Greater Glider","exactMatch",
"Boronia deanei subsp. deanei","Boronia deanei subsp. deanei","-","Rutaceae","Endangered","Endangered","Endangered","","https://id.biodiversity.org.au/node/apni/2918034","Boronia deanei subsp. deanei","Boronia","Rutaceae","Sapindales","Equisetopsida","Charophyta","Plantae",,"exactMatch",
"Galeorhinus galeus","Galeorhinus galeus","Tope, Flake, Oil Shark, School Shark","Triakidae","Conservation Dependent","Conservation Dependent","Conservation Dependent","","https://biodiversity.org.au/afd/taxa/55518eda-6aff-4057-b99b-f8642daffeef","Galeorhinus galeus","Galeorhinus","Triakidae","Carcharhiniformes","Chondrichthyes","Chordata","Animalia","School Shark","exactMatch",
"Maccullochella peelii","Maccullochella peelii","Murray Cod","Percichthyidae","Vulnerable","Vulnerable","Vulnerable","","https://biodiversity.org.au/afd/taxa/3dc33778-3467-40f8-918a-3d8a2ef087a5","Maccullochella peelii","Maccullochella","Percichthyidae","Perciformes","Actinopterygii","Chordata","Animalia","Murray Cod","exactMatch",
"Diomedea antipodensis gibsoni","Diomedea antipodensis gibsoni","Gibson's Albatross","Diomedeidae","Vulnerable","Vulnerable","Vulnerable","","https://biodiversity.org.au/afd/taxa/169a9a4d-20a1-4f17-8cdc-c7b57bdb5857","Diomedea antipodensis gibsoni","Diomedea","Diomedeidae","Procellariiformes","Aves","Chordata","Animalia","Gibson's Albatross","exactMatch",
"Perameles bougainville","Perameles bougainville","Shark Bay Bandicoot","Peramelidae","Endangered","Endangered","Endangered","","https://biodiversity.org.au/afd/taxa/3a17e840-4a49-4354-b972-d04baffef264","Perameles bougainville","Perameles","Peramelidae","Peramelemorphia","Mammalia","Chordata","Animalia","Western Barred Bandicoot","exactMatch",
"Perameles myosurus","Perameles myosurus","Marl, Western Barred Bandicoot","Peramelidae","Extinct","Extinct","Extinct","","https://biodiversity.org.au/afd/taxa/2140fe46-1ddc-44b6-a2fe-dc77074da66c","Perameles myosuros","Perameles","Peramelidae","Peramelemorphia","Mammalia","Chordata","Animalia","Marl","fuzzyMatch",
"Verticordia carinata","Verticordia carinata","Stirling Range Featherflower","Myrtaceae","Vulnerable","Vulnerable","Vulnerable","","https://id.biodiversity.org.au/node/apni/2892630","Verticordia carinata","Verticordia","Myrtaceae","Myrtales","Equisetopsida","Charophyta","Plantae","Stirling Range Featherflower","exactMatch",
"Balaenoptera musculus","Balaenoptera musculus","Blue Whale","Balaenopteridae","Endangered","Endangered","Endangered","","https://biodiversity.org.au/afd/taxa/a2a8fc54-88b7-4b1c-8f1b-ad15998322cd","Balaenoptera musculus","Balaenoptera","Balaenopteridae","Artiodactyla","Mammalia","Chordata","Animalia","Blue Whale","exactMatch",
"Mathewsoconcha phillipii","Mathewsoconcha phillipii","Phillip Island Helicarionid Land Snail","Helicarionidae","Critically Endangered","Critically Endangered","Critically Endangered","","https://biodiversity.org.au/afd/taxa/7cfe20c9-bd74-4a40-9d0a-57b2ae56cbec","Advena phillipii","Advena","Microcystidae","Stylommatophora","Gastropoda","Mollusca","Animalia",,"exactMatch",
"Coleus insularis","Coleus insularis","Millmerran Mint Bush","Lamiaceae","Critically Endangered","Critically Endangered","Critically Endangered","","https://id.biodiversity.org.au/taxon/apni/51774942","Coleus insularis","Coleus","Lamiaceae","Lamiales","Equisetopsida","Charophyta","Plantae","Millmerran Mint Bush","exactMatch",
"Prostanthera askania","Prostanthera askania","Tranquillity Mintbush, Tranquility Mintbush","Lamiaceae","Endangered","Endangered","Endangered","","https://id.biodiversity.org.au/node/apni/2887797","Prostanthera askania","Prostanthera","Lamiaceae","Lamiales","Equisetopsida","Charophyta","Plantae","Tranquility Mintbush","exactMatch",
"Myoporum cordifolium","Myoporum cordifolium","Jerramungup Myoporum","Myoporaceae","Vulnerable","Vulnerable","Vulnerable","","https://id.biodiversity.org.au/node/apni/2892610","Myoporum cordifolium","Myoporum","Scrophulariaceae","Lamiales","Equisetopsida","Charophyta","Plantae","Jerramungup Myoporum","exactMatch",
"Pseudocephalozia paludicola","Pseudocephalozia paludicola","Alpine Leafy Liverwort","Lepidoziaceae","Vulnerable","Vulnerable","Vulnerable","","https://id.biodiversity.org.au/name/ausmoss/177651","Pseudocephalozia paludicola","Pseudocephalozia","Lepidoziaceae","Jungermanniales","Jungermanniopsida","Marchantiophyta","Plantae","Alpine Leafy Liverwort","exactMatch",
"Austrocordulia leonardi","Austrocordulia leonardi","Sydney Hawk Dragonfly","Austrocorduliidae","Endangered","Endangered","Endangered","","https://biodiversity.org.au/afd/taxa/98ee66ef-b850-4f51-aa27-6ef21fc1f7e5","Austrocordulia leonardi","Austrocordulia",,"Odonata","Insecta","Arthropoda","Animalia","Sydney Hawk","exactMatch",
"Perameles gunnii Victorian subspecies","Perameles gunnii Victorian subspecies","Eastern Barred Bandicoot (Mainland)","Peramelidae","Endangered","Endangered","Endangered","","ALA_DR30474_526","Perameles gunnii Victorian subspecies","Perameles","Peramelidae","Peramelemorphia","Mammalia","Chordata","Animalia","Eastern Barred Bandicoot (mainland)","exactMatch",
"Calotis moorei","Calotis moorei","Moore's Burr-daisy","Asteraceae","Endangered","Endangered","Endangered","","https://id.biodiversity.org.au/node/apni/2895676","Calotis moorei","Calotis","Asteraceae","Asterales","Equisetopsida","Charophyta","Plantae","Moore's Burrdaisy","exactMatch",
"Eulamprus leuraensis","Eulamprus leuraensis","Blue Mountains Water Skink","Scincidae","Endangered","Endangered","Endangered","","https://biodiversity.org.au/afd/taxa/b7786ebe-4ec4-49a0-87c5-d2388818391b","Eulamprus leuraensis","Eulamprus","Scincidae","Squamata","Reptilia","Chordata","Animalia","Blue Mountains Water Skink","exactMatch",
"Petaurus australis australis","Petaurus australis australis","Yellow-bellied Glider (south-eastern)","Petauridae","Vulnerable","Vulnerable","Vulnerable","","https://biodiversity.org.au/afd/taxa/c0fd6ffe-8744-4ace-a4c7-7eca07428565","Petaurus australis australis","Petaurus","Petauridae","Diprotodontia","Mammalia","Chordata","Animalia","Yellow-bellied Glider","exactMatch",
"Hypocalymma longifolium","Hypocalymma longifolium","Long-leaved Myrtle","Myrtaceae","Vulnerable","Vulnerable","Vulnerable","","https://id.biodiversity.org.au/node/apni/2913028","Hypocalymma longifolium","Hypocalymma","Myrtaceae","Myrtales","Equisetopsida","Charophyta","Plantae","Longleaved Myrtle","exactMatch",
"Leucochrysum albicans subsp. tricolor","Leucochrysum albicans subsp. tricolor","Hoary Sunray, Grassland Paper-daisy","Asteraceae","Endangered","Endangered","Endangered","","https://id.biodiversity.org.au/taxon/apni/51268618","Leucochrysum albicans subsp. tricolor","Leucochrysum","Asteraceae","Asterales","Equisetopsida","Charophyta","Plantae","White Sunray","exactMatch",
"Zyzomys palatalis","Zyzomys palatalis","Carpentarian Rock-rat, Aywalirroomoo","Muridae","Endangered","Endangered","Endangered","","https://biodiversity.org.au/afd/taxa/2595dcfd-30f7-48f6-a50e-af3551bd9cc8","Zyzomys palatalis","Zyzomys","Muridae","Rodentia","Mammalia","Chordata","Animalia","Carpentarian Rock-rat","exactMatch",
"Banksia montana","Banksia montana","Stirling Range Dryandra","Proteaceae","Critically Endangered","Critically Endangered","Critically Endangered","","https://id.biodiversity.org.au/node/apni/2900376","Banksia montana","Banksia","Proteaceae","Proteales","Equisetopsida","Charophyta","Plantae","Stirling Range Dryandra","exactMatch",
"Phlegmariurus marsupiiformis","Phlegmariurus marsupiiformis","Water Tassel-fern","Lycopodiaceae","Vulnerable","Vulnerable","Vulnerable","","https://id.biodiversity.org.au/taxon/apni/51438853","Phlegmariurus delbrueckii","Phlegmariurus","Lycopodiaceae","Lycopodiales","Equisetopsida","Charophyta","Plantae",,"exactMatch",
"Philotheca papillata","Philotheca papillata","-","Rutaceae","Vulnerable","Vulnerable","Vulnerable","","https://id.biodiversity.org.au/node/apni/2898856","Philotheca papillata","Philotheca","Rutaceae","Sapindales","Equisetopsida","Charophyta","Plantae",,"exactMatch",
"Pomaderris gilmourii var. gilmourii","Pomaderris gilmourii var. gilmourii","-","Rhamnaceae","Endangered","Endangered","Endangered","","https://id.biodiversity.org.au/node/apni/2919749","Pomaderris gilmourii var. gilmourii","Pomaderris","Rhamnaceae","Rosales","Equisetopsida","Charophyta","Plantae",,"exactMatch",
"Anthocercis gracilis","Anthocercis gracilis","Slender Tailflower","Solanaceae","Vulnerable","Vulnerable","Vulnerable","","https://id.biodiversity.org.au/node/apni/2914042","Anthocercis gracilis","Anthocercis","Solanaceae","Solanales","Equisetopsida","Charophyta","Plantae","Slender Tailflower","exactMatch",
"Anigozanthos viridis subsp. terraspectans","Anigozanthos viridis subsp. terraspectans","Dwarf Green Kangaroo Paw","Haemodoraceae","Vulnerable","Vulnerable","Vulnerable","","https://id.biodiversity.org.au/node/apni/2902068","Anigozanthos viridis subsp. terraspectans","Anigozanthos","Haemodoraceae","Commelinales","Equisetopsida","Charophyta","Plantae","Dwarf Green Kangaroo Paw","exactMatch",
"Caladenia drakeoides","Caladenia drakeoides","Hinged Dragon Orchid","Orchidaceae","Endangered","Endangered","Endangered","","https://id.biodiversity.org.au/taxon/apni/51398960","Caladenia drakeoides","Caladenia","Orchidaceae","Asparagales","Equisetopsida","Charophyta","Plantae","Hinged Dragon Orchid","exactMatch",
"Amytornis barbatus barbatus","Amytornis barbatus barbatus","Bulloo Grey Grasswren, Grey Grasswren (Bulloo)","Maluridae","Endangered","Endangered","Endangered","","https://biodiversity.org.au/afd/taxa/4ff2ca2f-f776-4d3a-bad3-6db61de6afbb","Amytornis (Maluropsis) barbatus barbatus","Amytornis","Maluridae","Passeriformes","Aves","Chordata","Animalia","Bulloo Grey Grasswren","exactMatch",
"Caladenia macroclavia","Caladenia macroclavia","Large-club Spider-orchid","Orchidaceae","Endangered","Endangered","Endangered","","https://id.biodiversity.org.au/taxon/apni/51399182","Caladenia macroclavia","Caladenia","Orchidaceae","Asparagales","Equisetopsida","Charophyta","Plantae","Largeclub Spiderorchid","exactMatch",
"Liopholis guthega","Liopholis guthega","Guthega Skink","Scincidae","Endangered","Endangered","Endangered","","https://biodiversity.org.au/afd/taxa/090674f8-fbc6-4044-997e-2479823bfde8","Liopholis guthega","Liopholis","Scincidae","Squamata","Reptilia","Chordata","Animalia","Guthega Skink","exactMatch",
"Leucopogon marginatus","Leucopogon marginatus","Thick-margined Leucopogon","Ericaceae","Endangered","Endangered","Endangered","","https://id.biodiversity.org.au/taxon/apni/51767744","Styphelia marginata","Styphelia","Ericaceae","Ericales","Equisetopsida","Charophyta","Plantae",,"exactMatch",
"Acanthocladium dockeri","Acanthocladium dockeri","Spiny Everlasting, Spiny Daisy","Asteraceae","Critically Endangered","Critically Endangered","Critically Endangered","","https://id.biodiversity.org.au/node/apni/2909228","Acanthocladium dockeri","Acanthocladium","Asteraceae","Asterales","Equisetopsida","Charophyta","Plantae","Spiny Everlasting","exactMatch",
"Solanum graniticum","Solanum graniticum","Granite Nightshade","Solanaceae","Endangered","Endangered","Endangered","","https://id.biodiversity.org.au/node/apni/2901149","Solanum graniticum","Solanum","Solanaceae","Solanales","Equisetopsida","Charophyta","Plantae","Granite Nightshade","exactMatch",
"Caladenia rosella","Caladenia rosella","Rosella Spider-orchid, Little Pink Spider-orchid","Orchidaceae","Endangered","Endangered","Endangered","","https://id.biodiversity.org.au/taxon/apni/51399335","Caladenia rosella","Caladenia","Orchidaceae","Asparagales","Equisetopsida","Charophyta","Plantae","Rosella Spiderorchid","exactMatch",
"Westringia cremnophila","Westringia cremnophila","Snowy River Westringia","Lamiaceae","Critically Endangered","Critically Endangered","Critically Endangered","","https://id.biodiversity.org.au/node/apni/2911338","Westringia cremnophila","Westringia","Lamiaceae","Lamiales","Equisetopsida","Charophyta","Plantae","Snowy River Westringia","exactMatch",
"Accipiter hiogaster natalis","Accipiter hiogaster natalis","Christmas Island Goshawk","Accipitridae","Endangered","Endangered","Endangered","","https://biodiversity.org.au/afd/taxa/38494a6c-300d-4321-9d38-cae93b68803e","Accipiter (Leucospiza) hiogaster natalis","Accipiter","Accipitridae","Accipitriformes","Aves","Chordata","Animalia","Christmas Island Goshawk","exactMatch",
"Petrogale lateralis lateralis","Petrogale lateralis lateralis","Black-flanked Rock-wallaby, Moororong, Black-footed Rock Wallaby","Macropodidae","Endangered","Endangered","Endangered","","https://biodiversity.org.au/afd/taxa/b82e4c1d-cf1b-4f02-91d8-84a4828672a4","Petrogale lateralis lateralis","Petrogale","Macropodidae","Diprotodontia","Mammalia","Chordata","Animalia","Moororong","exactMatch",
"Gaultheria viridicarpa","Gaultheria viridicarpa","Green Waxberry","Ericaceae","Endangered","Endangered","Endangered","","https://id.biodiversity.org.au/node/apni/2900210","Gaultheria viridicarpa","Gaultheria","Ericaceae","Ericales","Equisetopsida","Charophyta","Plantae","Green Waxberry","exactMatch",
"Tylophora linearis","Tylophora linearis","-","Apocynaceae","Endangered","Endangered","Endangered","","https://id.biodiversity.org.au/taxon/apni/51431149","Vincetoxicum forsteri","Vincetoxicum","Apocynaceae","Gentianales","Equisetopsida","Charophyta","Plantae",,"exactMatch",
"Uperoleia mahonyi","Uperoleia mahonyi","Mahony's Toadlet","Myobatrachidae","Endangered","Endangered","Endangered","","https://biodiversity.org.au/afd/taxa/1433e99d-5897-494b-98b2-1706f3505318","Uperoleia mahonyi","Uperoleia","Myobatrachidae","Anura","Amphibia","Chordata","Animalia","Mahony’s Toadlet","exactMatch",
"Conostylis rogeri","Conostylis rogeri","Kulin Conostylis, Single-flowered Conostylis","Haemodoraceae","Vulnerable","Vulnerable","Vulnerable","","https://id.biodiversity.org.au/node/apni/6291840","Conostylis rogeri","Conostylis","Haemodoraceae","Commelinales","Equisetopsida","Charophyta","Plantae","Singleflowered Conostylis","exactMatch",
"Kardomia granitica","Kardomia granitica","a shrub","Myrtaceae","Vulnerable","Vulnerable","Vulnerable","","https://id.biodiversity.org.au/node/apni/2913084","Kardomia granitica","Kardomia","Myrtaceae","Myrtales","Equisetopsida","Charophyta","Plantae","Granite Kardomia (formerly Granite Babingtonia)","exactMatch",
"Prostanthera cineolifera","Prostanthera cineolifera","-","Lamiaceae","Vulnerable","Vulnerable","Vulnerable","","https://id.biodiversity.org.au/node/apni/2887038","Prostanthera cineolifera","Prostanthera","Lamiaceae","Lamiales","Equisetopsida","Charophyta","Plantae","Singleton Mint Bush","exactMatch",
"Darwinia carnea","Darwinia carnea","Mogumber Bell, Narrogin Bell","Myrtaceae","Endangered","Endangered","Endangered","","https://id.biodiversity.org.au/node/apni/2902891","Darwinia carnea","Darwinia","Myrtaceae","Myrtales","Equisetopsida","Charophyta","Plantae","Mogumber Bell","exactMatch",
"Cassinia tegulata","Cassinia tegulata","Avenue Cassinia","Asteraceae","Critically Endangered","Critically Endangered","Critically Endangered","","https://id.biodiversity.org.au/node/apni/2918942","Cassinia tegulata","Cassinia","Asteraceae","Asterales","Equisetopsida","Charophyta","Plantae","Avenue Cassinia","exactMatch",
"Boronia subulifolia","Boronia subulifolia","Awl-leaved Boronia","Rutaceae","Endangered","Endangered","Endangered","","https://id.biodiversity.org.au/node/apni/2887716","Boronia subulifolia","Boronia","Rutaceae","Sapindales","Equisetopsida","Charophyta","Plantae",,"exactMatch",
"Epacris virgata","Epacris virgata","Pretty Heath, Dan Hill Heath","Epacridaceae","Endangered","Endangered","Endangered","","https://id.biodiversity.org.au/node/apni/2921230","Epacris virgata","Epacris","Ericaceae","Ericales","Equisetopsida","Charophyta","Plantae","Dan Hill Heath","exactMatch",
"Zyzomys pedunculatus","Zyzomys pedunculatus","Central Rock-rat, Antina","Muridae","Critically Endangered","Critically Endangered","Critically Endangered","","https://biodiversity.org.au/afd/taxa/90c13414-5069-4125-8b56-0b5c59a752e3","Zyzomys pedunculatus","Zyzomys","Muridae","Rodentia","Mammalia","Chordata","Animalia","Central Rock-rat","exactMatch",
"Rhizanthella slateri","Rhizanthella slateri","Eastern Underground Orchid","Orchidaceae","Endangered","Endangered","Endangered","","https://id.biodiversity.org.au/taxon/apni/51412992","Rhizanthella slateri","Rhizanthella","Orchidaceae","Asparagales","Equisetopsida","Charophyta","Plantae","Eastern Australian Underground Orchid","exactMatch",
"Oreogrammitis reinwardtii","Oreogrammitis reinwardtii","-","Grammitidaceae","Vulnerable","Vulnerable","Vulnerable","","https://id.biodiversity.org.au/node/apni/2894117","Oreogrammitis reinwardtii","Oreogrammitis","Grammitidaceae","Polypodiales","Equisetopsida","Charophyta","Plantae",,"exactMatch",
"Litoria booroolongensis","Litoria booroolongensis","Booroolong Frog","Pelodryadidae","Endangered","Endangered","Endangered","","https://biodiversity.org.au/afd/taxa/9678cb19-af06-4915-a32e-713edee5a026","Litoria booroolongensis","Litoria","Pelodryadidae","Anura","Amphibia","Chordata","Animalia","Booroolong Frog","exactMatch",
"Leucopogon spectabilis","Leucopogon spectabilis","Ironstone Beard-heath","Epacridaceae","Critically Endangered","Critically Endangered","Critically Endangered","","https://id.biodiversity.org.au/node/apni/2897410","Leucopogon spectabilis","Leucopogon","Ericaceae","Ericales","Equisetopsida","Charophyta","Plantae","Ironstone Beardheath","exactMatch",
"Acacia splendens","Acacia splendens","Splendid Wattle, Dandaragan Wattle","Fabaceae","Endangered","Endangered","Endangered","","https://id.biodiversity.org.au/node/apni/2900174","Acacia splendens","Acacia","Fabaceae","Fabales","Equisetopsida","Charophyta","Plantae","Dandaragan Wattle","exactMatch",
"Austrostipa bronwenae","Austrostipa bronwenae","-","Poaceae","Endangered","Endangered","Endangered","","https://id.biodiversity.org.au/node/apni/2906728","Austrostipa bronweniae","Austrostipa","Poaceae","Poales","Equisetopsida","Charophyta","Plantae",,"exactMatch",
"Pterostylis cucullata","Pterostylis cucullata","Leafy Greenhood","Orchidaceae","Vulnerable","Vulnerable","Vulnerable","","https://id.biodiversity.org.au/taxon/apni/51412090","Pterostylis cucullata","Pterostylis","Orchidaceae","Asparagales","Equisetopsida","Charophyta","Plantae","Leafy Greenhood","exactMatch",
"Eucalyptus paliformis","Eucalyptus paliformis","Wadbilliga Ash","Myrtaceae","Critically Endangered","Critically Endangered","Critically Endangered","","https://id.biodiversity.org.au/node/apni/2915289","Eucalyptus paliformis","Eucalyptus","Myrtaceae","Myrtales","Equisetopsida","Charophyta","Plantae","Wadbilliga Ash","exactMatch",
"Rytidosperma pumilum","Rytidosperma pumilum","Feldmark Grass","Poaceae","Vulnerable","Vulnerable","Vulnerable","","https://id.biodiversity.org.au/node/apni/2892557","Rytidosperma pumilum","Rytidosperma","Poaceae","Poales","Equisetopsida","Charophyta","Plantae","Feldmark Grass","exactMatch",
"Patersonia spirifolia","Patersonia spirifolia","Spiral-leaved Patersonia","Iridaceae","Endangered","Endangered","Endangered","","https://id.biodiversity.org.au/node/apni/2894088","Patersonia spirifolia","Patersonia","Iridaceae","Asparagales","Equisetopsida","Charophyta","Plantae","Spiralleaved Patersonia","exactMatch",
"Banksia rufa subsp. pumila","Banksia rufa subsp. pumila","-","Proteaceae","Endangered","Endangered","Endangered","","https://id.biodiversity.org.au/node/apni/2890080","Banksia rufa subsp. pumila","Banksia","Proteaceae","Proteales","Equisetopsida","Charophyta","Plantae",,"exactMatch",
"Euastacus morgani","Euastacus morgani","Morgan's Crayfish","Parastacidae","Critically Endangered","Critically Endangered","Critically Endangered","","https://biodiversity.org.au/afd/taxa/3c01eaa6-9604-4c5e-a871-129c5aa3ba4f","Euastacus morgani","Euastacus","Parastacidae","Decapoda","Malacostraca","Arthropoda","Animalia",,"exactMatch",
"Pseudomys pilligaensis","Pseudomys pilligaensis","Pilliga Mouse, Poolkoo","Muridae","Vulnerable","Vulnerable","Vulnerable","","https://biodiversity.org.au/afd/taxa/356745c1-ce6d-42f1-935c-9098261cd81f","Pseudomys mimulus","Pseudomys","Muridae","Rodentia","Mammalia","Chordata","Animalia",,"exactMatch",
"Carcharias taurus (west coast population)","Carcharias taurus (west coast population)","Grey Nurse Shark (west coast population)","Carcharhinidae","Vulnerable","Vulnerable","Vulnerable","","ALA_DR30474_2294","Carcharias taurus (west coast population)","Carcharias","Odontaspididae","Lamniformes","Chondrichthyes","Chordata","Animalia",,"exactMatch",
"Diuris pedunculata","Diuris pedunculata","Small Snake Orchid, Two-leaved Golden Moths, Golden Moths, Cowslip Orchid, Snake Orchid","Orchidaceae","Endangered","Endangered","Endangered","","https://id.biodiversity.org.au/taxon/apni/51404295","Diuris pedunculata","Diuris","Orchidaceae","Asparagales","Equisetopsida","Charophyta","Plantae","Small Snake Orchid","exactMatch",
"Boronia quadrilata","Boronia quadrilata","a shrub","Rutaceae","Vulnerable","Vulnerable","Vulnerable","","https://id.biodiversity.org.au/node/apni/2910582","Boronia quadrilata","Boronia","Rutaceae","Sapindales","Equisetopsida","Charophyta","Plantae",,"exactMatch",
"Galaxias johnstoni","Galaxias johnstoni","Clarence Galaxias","Galaxiidae","Endangered","Endangered","Endangered","","https://biodiversity.org.au/afd/taxa/0a02d098-7006-43a3-bc9d-1dbd846cf5ce","Galaxias johnstoni","Galaxias","Galaxiidae","Salmoniformes","Actinopterygii","Chordata","Animalia","Clarence Galaxias","exactMatch",
"Zieria prostrata","Zieria prostrata","Headland Zieria","Rutaceae","Endangered","Endangered","Endangered","","https://id.biodiversity.org.au/node/apni/2915817","Zieria prostrata","Zieria","Rutaceae","Sapindales","Equisetopsida","Charophyta","Plantae","Headland Zieria","exactMatch",
"Acacia auratiflora","Acacia auratiflora","Orange-flowered Wattle","Fabaceae","Endangered","Endangered","Endangered","","https://id.biodiversity.org.au/node/apni/2913715","Acacia auratiflora","Acacia","Fabaceae","Fabales","Equisetopsida","Charophyta","Plantae","Orangeflowered Wattle","exactMatch",
"Eucalyptus aquatica","Eucalyptus aquatica","Mountain Swamp Gum, Broad-leaved Sallee, Broad-leaved Sally","Myrtaceae","Critically Endangered","Critically Endangered","Critically Endangered","","https://id.biodiversity.org.au/node/apni/2897127","Eucalyptus aquatica","Eucalyptus","Myrtaceae","Myrtales","Equisetopsida","Charophyta","Plantae","Broad-leaved Sally","exactMatch",
"Acacia equisetifolia","Acacia equisetifolia","a shrub","Fabaceae","Critically Endangered","Critically Endangered","Critically Endangered","","https://id.biodiversity.org.au/node/apni/2890781","Acacia equisetifolia","Acacia","Fabaceae","Fabales","Equisetopsida","Charophyta","Plantae",,"exactMatch",
"Myoporum obscurum","Myoporum obscurum","Popwood, Sandalwood","Myoporaceae","Critically Endangered","Critically Endangered","Critically Endangered","","https://id.biodiversity.org.au/node/apni/2903301","Myoporum obscurum","Myoporum","Scrophulariaceae","Lamiales","Equisetopsida","Charophyta","Plantae","Popwood","exactMatch",
"Abutilon julianae","Abutilon julianae","Norfolk Island Abutilon","Malvaceae","Critically Endangered","Critically Endangered","Critically Endangered","","https://id.biodiversity.org.au/node/apni/2900707","Abutilon julianae","Abutilon","Malvaceae","Malvales","Equisetopsida","Charophyta","Plantae","Norfolk Island Abutilon","exactMatch",
"Halobaena caerulea","Halobaena caerulea","Blue Petrel","Procellariidae","Vulnerable","Vulnerable","Vulnerable","","https://biodiversity.org.au/afd/taxa/19465e79-c34b-4da6-acf1-266d00c7b4d3","Halobaena caerulea","Halobaena","Procellariidae","Procellariiformes","Aves","Chordata","Animalia","Blue Petrel","exactMatch",
"Limosella granitica","Limosella granitica","Granite Mudwort","Scrophulariaceae","Vulnerable","Vulnerable","Vulnerable","","https://id.biodiversity.org.au/node/apni/2915993","Limosella granitica","Limosella","Scrophulariaceae","Lamiales","Equisetopsida","Charophyta","Plantae","Granite Mudwort","exactMatch",
"Sannantha crenulata","Sannantha crenulata","Fern-leaf Baeckea","Myrtaceae","Vulnerable","Vulnerable","Vulnerable","","https://id.biodiversity.org.au/node/apni/8454293","Sannantha crenulata","Sannantha","Myrtaceae","Myrtales","Equisetopsida","Charophyta","Plantae","Fern-leaf Baeckea","exactMatch",
"Acacia lanuginophylla","Acacia lanuginophylla","Woolly Wattle","Fabaceae","Endangered","Endangered","Endangered","","https://id.biodiversity.org.au/node/apni/2904716","Acacia lanuginophylla","Acacia","Fabaceae","Fabales","Equisetopsida","Charophyta","Plantae","Woolly Wattle","exactMatch",
"Correa lawrenceana var. genoensis","Correa lawrenceana var. genoensis","Genoa River Correa","Rutaceae","Endangered","Endangered","Endangered","","https://id.biodiversity.org.au/node/apni/2890339","Correa lawrenceana var. genoensis","Correa","Rutaceae","Sapindales","Equisetopsida","Charophyta","Plantae","Genoa River Correa","exactMatch",
"Clematis dubia","Clematis dubia","a creeper, Clematis","Ranunculaceae","Critically Endangered","Critically Endangered","Critically Endangered","","https://id.biodiversity.org.au/node/apni/2915962","Clematis dubia","Clematis","Ranunculaceae","Ranunculales","Equisetopsida","Charophyta","Plantae","Clematis","exactMatch",
"Euastacus gumar","Euastacus gumar","Bloodclaw Crayfish, Blood Crayfish","Parastacidae","Endangered","Endangered","Endangered","","https://biodiversity.org.au/afd/taxa/16772382-1f5b-45a0-9954-43f9e34d762e","Euastacus gumar","Euastacus","Parastacidae","Decapoda","Malacostraca","Arthropoda","Animalia",,"exactMatch",
"Pomaderris reperta","Pomaderris reperta","Denman Pomaderris","Rhamnaceae","Critically Endangered","Critically Endangered","Critically Endangered","","https://id.biodiversity.org.au/node/apni/2920396","Pomaderris reperta","Pomaderris","Rhamnaceae","Rosales","Equisetopsida","Charophyta","Plantae","Denman Pomaderris","exactMatch",
"Pultenaea insularis","Pultenaea insularis","Beyeria Bush-pea","Fabaceae","Critically Endangered","Critically Endangered","Critically Endangered","","https://id.biodiversity.org.au/node/apni/2916252","Pultenaea insularis","Pultenaea","Fabaceae","Fabales","Equisetopsida","Charophyta","Plantae","Beyeria Bush-pea","exactMatch",
"Acacia forrestiana","Acacia forrestiana","Forest's Wattle","Fabaceae","Vulnerable","Vulnerable","Vulnerable","","https://id.biodiversity.org.au/node/apni/2914285","Acacia forrestiana","Acacia","Fabaceae","Fabales","Equisetopsida","Charophyta","Plantae","Forrest's Wattle","exactMatch",
"Cyanoramphus novaezelandiae subflavescens","Cyanoramphus novaezelandiae subflavescens","Lord Howe Tasman Parakeet, Red-crowned Parakeet (Lord Howe Island)","Psittacidae","Extinct","Extinct","Extinct","","https://biodiversity.org.au/afd/taxa/19099d2f-b182-4871-9c22-7953d26d82c5","Cyanoramphus novaezelandiae subflavescens","Cyanoramphus","Psittacidae","Psittaciformes","Aves","Chordata","Animalia","Lord Howe Red-fronted Parakeet","exactMatch",
"Bertya sp. Clouds Creek (M.Fatemi 4)","Bertya sp. Clouds Creek (M.Fatemi 4)","-","Euphorbiaceae","Endangered","Endangered","Endangered","","https://id.biodiversity.org.au/node/apni/2907136","Bertya sp. Clouds Creek (M.Fatemi 4)","Bertya","Euphorbiaceae","Malpighiales","Equisetopsida","Charophyta","Plantae",,"exactMatch",
"Cophixalus hosmeri","Cophixalus hosmeri","Hosmer's Frog, Rattling Nursery-frog","Microhylidae","Critically Endangered","Critically Endangered","Critically Endangered","","https://biodiversity.org.au/afd/taxa/14aa4105-5988-48ac-b963-82e4856777cb","Cophixalus hosmeri","Cophixalus","Microhylidae","Anura","Amphibia","Chordata","Animalia","Hosmer's Nursery Frog","exactMatch",
"Prasophyllum spicatum","Prasophyllum spicatum","Dense Leek-orchid","Orchidaceae","Vulnerable","Vulnerable","Vulnerable","","https://id.biodiversity.org.au/taxon/apni/51795305","Prasophyllum spicatum","Prasophyllum","Orchidaceae","Asparagales","Equisetopsida","Charophyta","Plantae","Dense Leek-orchid","exactMatch",
"Engaewa pseudoreducta","Engaewa pseudoreducta","Margaret River Burrowing Crayfish","Parastacidae","Critically Endangered","Critically Endangered","Critically Endangered","","https://biodiversity.org.au/afd/taxa/ff3efade-a30e-462a-ad6b-d58d0a98930f","Engaewa pseudoreducta","Engaewa","Parastacidae","Decapoda","Malacostraca","Arthropoda","Animalia","Margaret River Burrowing Crayfish","exactMatch",
"Elseya lavarackorum","Elseya lavarackorum","Gulf Snapping Turtle","Chelidae","Endangered","Endangered","Endangered","","https://biodiversity.org.au/afd/taxa/1ee2d2e0-082a-4ac2-957f-50d46b1ab6ac","Elseya (Pelocomastes) lavarackorum","Elseya","Chelidae","Testudines","Reptilia","Chordata","Animalia","Gulf Snapping Turtle","exactMatch",
"Amytornis merrotsyi pedleri","Amytornis merrotsyi pedleri","Gawler Ranges Short-tailed Grasswren, Short-tailed Grasswren (Gawler Ranges)","Maluridae","Endangered","Endangered","Endangered","","https://biodiversity.org.au/afd/taxa/43e4150d-240b-49df-a875-165b9d8b9865","Amytornis (Cryptamytis) merrotsyi pedleri","Amytornis","Maluridae","Passeriformes","Aves","Chordata","Animalia","Gawler Ranges Short-tailed Grasswren","exactMatch",
"Acacia cretacea","Acacia cretacea","Chalky Wattle","Fabaceae","Endangered","Endangered","Endangered","","https://id.biodiversity.org.au/taxon/apni/51770483","Acacia cretacea","Acacia","Fabaceae","Fabales","Equisetopsida","Charophyta","Plantae","Chalky Wattle","exactMatch",
"Eremophila ternifolia","Eremophila ternifolia","Wongan Eremophila","Myoporaceae","Endangered","Endangered","Endangered","","https://id.biodiversity.org.au/node/apni/2893305","Eremophila ternifolia","Eremophila","Scrophulariaceae","Lamiales","Equisetopsida","Charophyta","Plantae","Wongan Eremophila","exactMatch",
"Mastacomys fuscus mordicus","Mastacomys fuscus mordicus","Broad-toothed Rat (mainland), Tooarrana","Muridae","Endangered","Endangered","Endangered","","https://biodiversity.org.au/afd/taxa/44e919a7-fa7e-4863-ba19-8277c7864bca","Mastacomys fuscus mordicus","Mastacomys","Muridae","Rodentia","Mammalia","Chordata","Animalia","Broad-toothed Rat","exactMatch",
"Eucalyptus steedmanii","Eucalyptus steedmanii","Steedmans Gum","Myrtaceae","Vulnerable","Vulnerable","Vulnerable","","https://id.biodiversity.org.au/taxon/apni/51782224","Eucalyptus steedmanii","Eucalyptus","Myrtaceae","Myrtales","Equisetopsida","Charophyta","Plantae","Steedman's Gum","exactMatch",
"Caladenia atroclavia","Caladenia atroclavia","Black-clubbed Spider-orchid","Orchidaceae","Endangered","Endangered","Endangered","","https://id.biodiversity.org.au/taxon/apni/51398799","Caladenia atroclavia","Caladenia","Orchidaceae","Asparagales","Equisetopsida","Charophyta","Plantae","Blackclubbed Spiderorchid","exactMatch",
"Dasyurus maculatus maculatus (Tasmanian population)","Dasyurus maculatus maculatus (Tasmanian population)","Spotted-tail Quoll, Spot-tailed Quoll, Tiger Quoll (Tasmanian population)","Dasyuridae","Vulnerable","Vulnerable","Vulnerable","","https://biodiversity.org.au/afd/taxa/c4d41c94-ad01-4fc1-a797-032ff6a10233","Dasyurus maculatus maculatus","Dasyurus","Dasyuridae","Dasyuromorphia","Mammalia","Chordata","Animalia","Spotted-tailed Quoll","exactMatch",
"Nematolepis frondosa","Nematolepis frondosa","Leafy Nematolepis","Rutaceae","Critically Endangered","Critically Endangered","Critically Endangered","","https://id.biodiversity.org.au/node/apni/2890388","Nematolepis frondosa","Nematolepis","Rutaceae","Sapindales","Equisetopsida","Charophyta","Plantae","Leafy Nematolepis","exactMatch",
"Euastacus suttoni","Euastacus suttoni","Sutton's Crayfish","Parastacidae","Endangered","Endangered","Endangered","","https://biodiversity.org.au/afd/taxa/d457b60e-c039-42b7-a878-da1e02ab6e7d","Euastacus suttoni","Euastacus","Parastacidae","Decapoda","Malacostraca","Arthropoda","Animalia",,"exactMatch",
"Myrsine ralstoniae","Myrsine ralstoniae","Beech","Primulaceae","Vulnerable","Vulnerable","Vulnerable","","https://id.biodiversity.org.au/node/apni/2921208","Myrsine ralstoniae","Myrsine","Primulaceae","Ericales","Equisetopsida","Charophyta","Plantae","Beech","exactMatch",
"Mesembriomys gouldii gouldii","Mesembriomys gouldii gouldii","Black-footed Tree-rat (Kimberley and mainland Northern Territory), Djintamoonga, Manbul","Muridae","Endangered","Endangered","Endangered","","https://biodiversity.org.au/afd/taxa/6c07deb3-a684-4d03-bfdb-59e411b0b85a","Mesembriomys gouldii gouldii","Mesembriomys","Muridae","Rodentia","Mammalia","Chordata","Animalia","Djintamoonga","exactMatch",
"Amphibromus fluitans","Amphibromus fluitans","River Swamp Wallaby-grass, Floating Swamp Wallaby-grass","Poaceae","Vulnerable","Vulnerable","Vulnerable","","https://id.biodiversity.org.au/node/apni/2897596","Amphibromus fluitans","Amphibromus","Poaceae","Poales","Equisetopsida","Charophyta","Plantae","River Swamp Wallaby-grass","exactMatch",
"Caladenia viridescens","Caladenia viridescens","Dunsborough Spider-orchid","Orchidaceae","Endangered","Endangered","Endangered","","https://id.biodiversity.org.au/taxon/apni/51399448","Caladenia viridescens","Caladenia","Orchidaceae","Asparagales","Equisetopsida","Charophyta","Plantae","Dunsborough Spider Orchid","exactMatch",
"Dryococelus australis","Dryococelus australis","Lord Howe Island Phasmid, Land Lobster","Phasmatidae","Critically Endangered","Critically Endangered","Critically Endangered","","https://biodiversity.org.au/afd/taxa/26189cec-225b-4e62-84c5-3090a13fa2f4","Dryococelus australis","Dryococelus","Phasmatidae","Phasmida","Insecta","Arthropoda","Animalia","Lord Howe Island Stick-insect","exactMatch",
"Euastacus diversus","Euastacus diversus","Orbost Spiny Crayfish","Parastacidae","Endangered","Endangered","Endangered","","https://biodiversity.org.au/afd/taxa/56bf25bb-3f1f-443e-9a8f-9f382d4419a8","Euastacus diversus","Euastacus","Parastacidae","Decapoda","Malacostraca","Arthropoda","Animalia","Orbost Spiny Crayfish","exactMatch",
"Grevillea humifusa","Grevillea humifusa","Spreading Grevillea","Proteaceae","Endangered","Endangered","Endangered","","https://id.biodiversity.org.au/node/apni/2905897","Grevillea humifusa","Grevillea","Proteaceae","Proteales","Equisetopsida","Charophyta","Plantae","Spreading Grevillea","exactMatch",
"Pseudococcus markharveyi","Pseudococcus markharveyi","Banksia montana mealybug","Pseudococcidae","Critically Endangered","Critically Endangered","Critically Endangered","","https://biodiversity.org.au/afd/taxa/46b3b292-7795-4db3-b1cb-b8148a6223a7","Pseudococcus markharveyi","Pseudococcus","Pseudococcidae","Hemiptera","Insecta","Arthropoda","Animalia","Banksia Montana Mealybug","exactMatch",
"Bertya calycina","Bertya calycina","a shrub","Euphorbiaceae","Vulnerable","Vulnerable","Vulnerable","","https://id.biodiversity.org.au/taxon/apni/51768340","Bertya calycina","Bertya","Euphorbiaceae","Malpighiales","Equisetopsida","Charophyta","Plantae","Bertya","exactMatch",
"Acacia pubescens","Acacia pubescens","Downy Wattle, Hairy Stemmed Wattle","Fabaceae","Vulnerable","Vulnerable","Vulnerable","","https://id.biodiversity.org.au/taxon/apni/51285996","Acacia pubescens","Acacia","Fabaceae","Fabales","Equisetopsida","Charophyta","Plantae","Downy Wattle","exactMatch",
"Pterostylis sp. Botany Bay (A.Bishop J221/1-13)","Pterostylis sp. Botany Bay (A.Bishop J221/1-13)","Botany Bay Bearded Greenhood, Botany Bay Bearded Orchid","Orchidaceae","Endangered","Endangered","Endangered","","https://id.biodiversity.org.au/taxon/apni/51412348","Pterostylis sp. Botany Bay (A.Bishop J221/1-13)","Pterostylis","Orchidaceae","Asparagales","Equisetopsida","Charophyta","Plantae","Botany Bay Bearded Orchid","exactMatch",
"Rhodamnia whiteana","Rhodamnia whiteana","White Malletwood","Myrtaceae","Endangered","Endangered","Endangered","","https://id.biodiversity.org.au/node/apni/2920644","Rhodamnia whiteana","Rhodamnia","Myrtaceae","Myrtales","Equisetopsida","Charophyta","Plantae","White Malletwood","exactMatch",
"Wikstroemia australis","Wikstroemia australis","Kurrajong","Thymelaeaceae","Critically Endangered","Critically Endangered","Critically Endangered","","https://id.biodiversity.org.au/node/apni/2907121","Wikstroemia australis","Wikstroemia","Thymelaeaceae","Malvales","Equisetopsida","Charophyta","Plantae","Kurrajong","exactMatch",
"Triplarina nitchaga","Triplarina nitchaga","-","Myrtaceae","Vulnerable","Vulnerable","Vulnerable","","https://id.biodiversity.org.au/node/apni/2896667","Triplarina nitchaga","Triplarina","Myrtaceae","Myrtales","Equisetopsida","Charophyta","Plantae",,"exactMatch",
"Rhodomyrtus psidioides","Rhodomyrtus psidioides","Native Guava","Myrtaceae","Critically Endangered","Critically Endangered","Critically Endangered","","https://id.biodiversity.org.au/node/apni/2901415","Rhodomyrtus psidioides","Rhodomyrtus","Myrtaceae","Myrtales","Equisetopsida","Charophyta","Plantae","Native Guava","exactMatch",
"Galaxias fontanus","Galaxias fontanus","Swan Galaxias","Galaxiidae","Endangered","Endangered","Endangered","","https://biodiversity.org.au/afd/taxa/e34d1659-1a1b-4d85-842e-3665edf32938","Galaxias fontanus","Galaxias","Galaxiidae","Salmoniformes","Actinopterygii","Chordata","Animalia","Swan Galaxias","exactMatch",
"Euphrasia phragmostoma","Euphrasia phragmostoma","Bufton's Eyebright, Hairy Cliff Eyebright","Scrophulariaceae","Vulnerable","Vulnerable","Vulnerable","","https://id.biodiversity.org.au/node/apni/2906800","Euphrasia phragmostoma","Euphrasia","Scrophulariaceae","Lamiales","Equisetopsida","Charophyta","Plantae","Hairy Cliff Eyebright","exactMatch",
"Androcalva perlaria","Androcalva perlaria","Pearl-like Androcalva","Malvaceae","Endangered","Endangered","Endangered","","https://id.biodiversity.org.au/node/apni/2909106","Androcalva perlaria","Androcalva","Malvaceae","Malvales","Equisetopsida","Charophyta","Plantae","Pearllike Androcalva","exactMatch",
"Caladenia busselliana","Caladenia busselliana","Bussell's Spider-orchid","Orchidaceae","Endangered","Endangered","Endangered","","https://id.biodiversity.org.au/taxon/apni/51398852","Caladenia busselliana","Caladenia","Orchidaceae","Asparagales","Equisetopsida","Charophyta","Plantae","Bussell's Spider Orchid","exactMatch",
"Persoonia prostrata","Persoonia prostrata","-","Proteaceae","Extinct","Extinct","Extinct","","https://id.biodiversity.org.au/node/apni/2920765","Persoonia prostrata","Persoonia","Proteaceae","Proteales","Equisetopsida","Charophyta","Plantae",,"exactMatch",
"Ricinocarpos gloria-medii","Ricinocarpos gloria-medii","Glory of the Centre","Euphorbiaceae","Vulnerable","Vulnerable","Vulnerable","","https://id.biodiversity.org.au/node/apni/2901283","Ricinocarpos gloria-medii","Ricinocarpos","Euphorbiaceae","Malpighiales","Equisetopsida","Charophyta","Plantae","Glory-of-the-centre","exactMatch",
"Styphelia perileuca","Styphelia perileuca","-","Ericaceae","Endangered","Endangered","Endangered","","https://id.biodiversity.org.au/node/apni/2916852","Styphelia perileuca","Styphelia","Ericaceae","Ericales","Equisetopsida","Charophyta","Plantae","Montane Green Five-corners","exactMatch",
"Allocasuarina fibrosa","Allocasuarina fibrosa","Woolly Sheoak","Casuarinaceae","Vulnerable","Vulnerable","Vulnerable","","https://id.biodiversity.org.au/node/apni/2895947","Allocasuarina fibrosa","Allocasuarina","Casuarinaceae","Fagales","Equisetopsida","Charophyta","Plantae","Woolly Sheoak","exactMatch",
"Dysoxylum bijugum","Dysoxylum bijugum","Sharkwood, a tree","Meliaceae","Vulnerable","Vulnerable","Vulnerable","","https://id.biodiversity.org.au/node/apni/2897417","Dysoxylum bijugum","Dysoxylum","Meliaceae","Sapindales","Equisetopsida","Charophyta","Plantae","Sharkwood","exactMatch",
"Cryptoblepharus gurrmul","Cryptoblepharus gurrmul","Arafura Snake-eyed Skink","Scincidae","Endangered","Endangered","Endangered","","https://biodiversity.org.au/afd/taxa/dc18af1d-f153-42fd-939a-6de0ee3bc6d1","Cryptoblepharus gurrmul","Cryptoblepharus","Scincidae","Squamata","Reptilia","Chordata","Animalia","Arafura Snake-eyed Skink","exactMatch",
"Caladenia insularis","Caladenia insularis","French Island Spider-orchid","Orchidaceae","Vulnerable","Vulnerable","Vulnerable","","https://id.biodiversity.org.au/taxon/apni/51399103","Caladenia insularis","Caladenia","Orchidaceae","Asparagales","Equisetopsida","Charophyta","Plantae","French Island Spiderorchid","exactMatch",
"Grevillea raybrownii","Grevillea raybrownii","-","Proteaceae","Vulnerable","Vulnerable","Vulnerable","","https://id.biodiversity.org.au/node/apni/2901108","Grevillea raybrownii","Grevillea","Proteaceae","Proteales","Equisetopsida","Charophyta","Plantae",,"exactMatch",
"Boronia clavata","Boronia clavata","Bremer Boronia","Rutaceae","Endangered","Endangered","Endangered","","https://id.biodiversity.org.au/node/apni/2914113","Boronia clavata","Boronia","Rutaceae","Sapindales","Equisetopsida","Charophyta","Plantae","Bremer Boronia","exactMatch",
